cluster_id,dimensionality,subspace,n_dense_units,n_points,point_fraction,activity_0_count,activity_1_count,activity_1_fraction
2,1,D7,5,3723,0.992535323913623,1700,2023,0.54337899543379
21,1,D74,4,3554,0.9474806718208477,1585,1969,0.5540236353404615
26,1,D102,4,3487,0.9296187683284457,1579,1908,0.5471752222540867
19,1,D67,4,3452,0.9202879232204746,1569,1883,0.5454808806488992
10,1,D26,4,3444,0.9181551586243668,1557,1887,0.5479094076655052
13,1,D45,4,3441,0.9173553719008265,1585,1856,0.5393780877651846
33,1,D126,4,3440,0.917088776326313,1545,1895,0.5508720930232558
61,1,D911,4,3427,0.913623033857638,1584,1843,0.5377881529034141
9,1,D17,4,3386,0.9026926153025859,1500,1886,0.5569994093325458
0,1,D2,5,3373,0.899226872833911,1534,1839,0.5452119774681292
12,1,D39,4,3373,0.899226872833911,1528,1845,0.5469908093685146
20,1,D70,4,3361,0.8960277259397494,1486,1875,0.5578696816423684
38,1,D152,4,3338,0.8898960277259398,1522,1816,0.5440383463151588
32,1,D106,3,3333,0.8885630498533724,1528,1805,0.5415541554155415
39,1,D162,3,3330,0.887763263129832,1563,1767,0.5306306306306307
4,1,D9,3,3294,0.8781658224473474,1421,1873,0.5686095931997571
23,1,D87,3,3262,0.8696347640629165,1543,1719,0.5269773145309626
27,1,D103,3,3256,0.8680351906158358,1402,1854,0.5694103194103194
22,1,D83,4,3244,0.8648360437216742,1589,1655,0.5101726263871763
34,1,D136,3,3240,0.8637696614236203,1415,1825,0.5632716049382716
36,1,D145,3,3222,0.858970941082378,1477,1745,0.5415890751086282
15,1,D47,3,3160,0.8424420154625433,1367,1793,0.5674050632911393
14,1,D46,4,3147,0.8389762729938683,1441,1706,0.5421035907213219
52,1,D202,3,3137,0.8363103172487337,1382,1755,0.5594517054510679
35,1,D142,3,3135,0.8357771260997068,1442,1693,0.5400318979266348
5,1,D11,3,3082,0.8216475606504932,1348,1734,0.5626216742375081
40,1,D177,4,3081,0.8213809650759797,1505,1576,0.5115222330412204
8,1,D16,3,3076,0.8200479872034124,1334,1742,0.5663198959687906
16,1,D50,3,3047,0.8123167155425219,1331,1716,0.5631768953068592
24,1,D99,3,3043,0.8112503332444682,1288,1755,0.5767334866907657
3,1,D8,4,3037,0.8096507597973873,1250,1787,0.5884096147513994
25,1,D100,3,2961,0.7893894961343642,1247,1714,0.5788584937521107
1,1,D5,2,2954,0.78752332711277,1302,1652,0.5592417061611374
11,1,D30,3,2945,0.7851239669421488,1278,1667,0.566044142614601
49,1,D200,3,2902,0.7736603572380698,1240,1662,0.5727084769124742
41,1,D182,1,2732,0.7283391095707811,1422,1310,0.479502196193265
56,1,D209,1,2730,0.7278059184217542,1422,1308,0.47912087912087914
6,1,D15,3,2729,0.7275393228472408,1279,1450,0.5313301575668743
37,1,D146,2,2691,0.7174086910157291,1398,1293,0.48049052396878483
43,1,D196,3,2651,0.7067448680351907,1098,1553,0.5858166729536024
55,1,D208,3,2594,0.6915489202879233,1264,1330,0.51272166538165
18,1,D52,1,2454,0.6542255398560384,1250,1204,0.4906275468622657
30,1,D105,3,2430,0.6478272460677152,1104,1326,0.5456790123456791
53,1,D204,4,2378,0.6339642761930152,1015,1363,0.573170731707317
59,1,D659,2,2192,0.584377499333511,1202,990,0.4516423357664234
44,1,D198,1,1830,0.4878699013596374,712,1118,0.6109289617486339
58,1,D218,2,1805,0.4812050119968009,783,1022,0.5662049861495845
46,1,D199,1,1751,0.46680885097307384,771,980,0.5596801827527127
50,1,D201,1,1748,0.4660090642495335,693,1055,0.6035469107551488
29,1,D104,2,1628,0.4340175953079179,567,1061,0.6517199017199017
57,1,D218,1,1570,0.418555051986137,748,822,0.5235668789808917
47,1,D199,3,1534,0.4089576113036524,721,813,0.529986962190352
51,1,D201,3,1449,0.386296987470008,759,690,0.47619047619047616
28,1,D104,2,1240,0.3305785123966942,670,570,0.4596774193548387
1334,2,"D182,D209",1,2711,0.7227406025059984,1415,1296,0.4780523791958687
119,2,"D5,D102",5,2652,0.7070114636097041,1129,1523,0.5742835595776772
133,2,"D5,D162",5,2566,0.6840842442015462,1151,1415,0.5514419329696025
115,2,"D5,D87",4,2528,0.6739536123700347,1152,1376,0.5443037974683544
154,2,"D7,D182",4,2523,0.6726206344974673,1301,1222,0.48434403487911215
155,2,"D7,D209",4,2521,0.6720874433484404,1301,1220,0.4839349464498215
671,2,"D47,D74",4,2502,0.6670221274326846,1063,1439,0.5751398880895284
1156,2,"D106,D209",3,2410,0.642495334577446,1262,1148,0.4763485477178423
1296,2,"D162,D209",3,2408,0.6419621434284191,1305,1103,0.4580564784053156
1285,2,"D162,D182",3,2406,0.6414289522793921,1305,1101,0.45760598503740646
1140,2,"D106,D182",3,2405,0.6411623567048786,1260,1145,0.4760914760914761
125,2,"D5,D126",4,2390,0.6371634230871768,998,1392,0.5824267782426779
1249,2,"D146,D182",2,2382,0.6350306584910691,1272,1110,0.4659949622166247
1260,2,"D146,D209",2,2382,0.6350306584910691,1273,1109,0.46557514693534846
492,2,"D26,D209",3,2381,0.6347640629165556,1195,1186,0.498110037799244
486,2,"D26,D182",3,2378,0.6339642761930152,1195,1183,0.49747687132043733
1240,2,"D145,D209",3,2369,0.6315649160223941,1243,1126,0.4753060363022372
1229,2,"D145,D182",3,2366,0.6307651292988536,1243,1123,0.4746407438715131
923,2,"D83,D182",3,2349,0.6262330045321247,1270,1079,0.4593444018731375
931,2,"D83,D209",3,2348,0.6259664089576114,1270,1078,0.45911413969335607
1162,2,"D126,D145",4,2337,0.6230338576379633,1133,1204,0.5151904150620453
262,2,"D9,D182",3,2320,0.6185017328712343,1139,1181,0.509051724137931
269,2,"D9,D209",3,2318,0.6179685417222074,1139,1179,0.50862812769629
1045,2,"D102,D182",3,2310,0.6158357771260997,1159,1151,0.49826839826839825
1056,2,"D102,D209",3,2308,0.6153025859770728,1158,1150,0.4982668977469671
767,2,"D52,D87",3,2299,0.6129032258064516,1161,1138,0.4949978251413658
1188,2,"D136,D182",3,2294,0.6115702479338843,1154,1140,0.4969485614646905
876,2,"D74,D99",4,2292,0.6110370567848574,943,1349,0.5885689354275742
1196,2,"D136,D209",3,2291,0.610770461210344,1154,1137,0.49628982976866
1076,2,"D103,D182",3,2273,0.6059717408691015,1119,1154,0.5076990761108667
1084,2,"D103,D209",3,2272,0.6057051452945881,1119,1153,0.5074823943661971
96,2,"D5,D17",4,2269,0.6049053585710478,888,1381,0.6086381665932129
587,2,"D39,D182",3,2240,0.5971740869101573,1121,1119,0.49955357142857143
601,2,"D39,D209",3,2239,0.5969074913356438,1122,1117,0.49888343010272446
1175,2,"D126,D209",3,2237,0.5963743001866169,1149,1088,0.48636566830576666
1167,2,"D126,D182",3,2233,0.5953079178885631,1148,1085,0.48589341692789967
696,2,"D47,D209",3,2232,0.5950413223140496,1118,1114,0.49910394265232977
821,2,"D67,D209",3,2231,0.5947747267395361,1163,1068,0.47870909905871806
687,2,"D47,D182",3,2227,0.5937083444414822,1115,1112,0.4993264481365065
812,2,"D67,D182",3,2227,0.5937083444414822,1162,1065,0.4782218230803772
1329,2,"D182,D202",3,2227,0.5937083444414822,1120,1107,0.4970812752581949
1418,2,"D202,D209",3,2227,0.5937083444414822,1121,1106,0.49663224068253253
972,2,"D87,D182",2,2201,0.5867768595041323,1160,1041,0.4729668332576102
975,2,"D87,D209",2,2199,0.5862436683551053,1161,1038,0.47203274215552526
481,2,"D26,D52",3,2164,0.5769128232471341,1074,1090,0.5036968576709797
768,2,"D52,D102",3,2164,0.5769128232471341,1083,1081,0.49953789279112754
1339,2,"D182,D911",2,2164,0.5769128232471341,1138,1026,0.47412199630314233
1443,2,"D209,D911",2,2160,0.5758464409490802,1137,1023,0.4736111111111111
70,2,"D2,D209",4,2159,0.5755798453745667,1050,1109,0.5136637332098194
774,2,"D52,D106",3,2157,0.5750466542255399,1114,1043,0.48354195642095504
69,2,"D2,D182",4,2155,0.574513463076513,1048,1107,0.5136890951276102
124,2,"D5,D106",4,2152,0.5737136763529725,927,1225,0.5692379182156134
97,2,"D5,D26",4,2149,0.5729138896294321,968,1181,0.5495579339227548
769,2,"D52,D103",3,2148,0.5726472940549187,1060,1088,0.5065176908752328
483,2,"D26,D74",4,2141,0.5707811250333245,1016,1125,0.5254553946753854
638,2,"D45,D209",3,2139,0.5702479338842975,1151,988,0.4618980832164563
629,2,"D45,D182",3,2133,0.5686483604372168,1149,984,0.4613220815752461
888,2,"D74,D145",4,2130,0.5678485737136764,927,1203,0.5647887323943662
455,2,"D17,D99",5,2125,0.566515595841109,883,1242,0.5844705882352941
778,2,"D52,D146",2,2113,0.5633164489469474,1117,996,0.4713677236157123
766,2,"D52,D83",3,2112,0.5630498533724341,1118,994,0.4706439393939394
776,2,"D52,D136",3,2111,0.5627832577979206,1034,1077,0.5101847465656087
392,2,"D16,D182",3,2104,0.5609170887763263,1055,1049,0.498574144486692
777,2,"D52,D145",3,2104,0.5609170887763263,1076,1028,0.48859315589353614
393,2,"D16,D209",3,2103,0.5606504932018128,1055,1048,0.4983357108892059
112,2,"D5,D74",3,2102,0.5603838976272993,833,1269,0.6037107516650809
993,2,"D99,D209",3,2089,0.5569181551586244,1031,1058,0.5064624222115844
435,2,"D17,D182",3,2087,0.5563849640095975,1051,1036,0.4964063248682319
988,2,"D99,D182",3,2083,0.5553185817115436,1028,1055,0.5064810369659145
324,2,"D11,D182",3,2081,0.5547853905625166,1060,1021,0.4906295050456511
436,2,"D17,D209",3,2081,0.5547853905625166,1048,1033,0.4963959634790966
551,2,"D30,D209",3,2081,0.5547853905625166,1034,1047,0.5031234983181163
120,2,"D5,D103",4,2079,0.5542521994134897,767,1312,0.6310726310726311
333,2,"D11,D209",3,2079,0.5542521994134897,1060,1019,0.49013949013949015
805,2,"D67,D145",4,2076,0.5534524126899494,1056,1020,0.4913294797687861
544,2,"D30,D182",3,2074,0.5529192215409224,1032,1042,0.502410800385728
840,2,"D70,D182",3,2073,0.552652625966409,1046,1027,0.4954172696575012
668,2,"D47,D52",3,2072,0.5523860303918955,1011,1061,0.512065637065637
841,2,"D70,D209",3,2070,0.5518528392428685,1045,1025,0.49516908212560384
567,2,"D39,D52",3,2060,0.5491868834977339,1016,1044,0.5067961165048543
792,2,"D52,D911",2,2056,0.54812050119968,1063,993,0.48297665369649806
433,2,"D17,D52",3,2055,0.5478539056251667,1025,1030,0.5012165450121655
848,2,"D70,D99",4,2052,0.5470541189016263,834,1218,0.5935672514619883
147,2,"D5,D209",2,2051,0.5467875233271128,1049,1002,0.4885421745490005
136,2,"D5,D182",2,2050,0.5465209277525993,1048,1002,0.48878048780487804
1015,2,"D100,D209",3,2038,0.5433217808584377,998,1040,0.5103042198233563
1011,2,"D100,D182",3,2035,0.5425219941348973,997,1038,0.51007371007371
1337,2,"D182,D659",2,2027,0.5403892295387897,1145,882,0.4351258016773557
1442,2,"D209,D659",2,2027,0.5403892295387897,1144,883,0.4356191415885545
764,2,"D52,D67",3,2022,0.5390562516662223,1030,992,0.49060336300692386
818,2,"D67,D202",4,2016,0.5374566782191416,828,1188,0.5892857142857143
65,2,"D2,D52",4,2015,0.5371900826446281,998,1017,0.5047146401985112
782,2,"D52,D182",1,2015,0.5371900826446281,1076,939,0.4660049627791563
789,2,"D52,D209",1,2011,0.5361237003465742,1076,935,0.46494281452013925
838,2,"D70,D146",4,2005,0.5345241268994935,1021,984,0.4907730673316708
775,2,"D52,D126",3,2003,0.5339909357504665,998,1005,0.5017473789316026
248,2,"D9,D47",4,1961,0.5227939216209011,757,1204,0.6139724630290668
252,2,"D9,D74",3,1960,0.5225273260463876,771,1189,0.6066326530612245
406,2,"D16,D74",4,1956,0.5214609437483337,729,1227,0.6273006134969326
644,2,"D46,D182",3,1953,0.5206611570247934,1013,940,0.48131080389144903
651,2,"D46,D209",3,1948,0.5193281791522261,1012,936,0.4804928131416838
765,2,"D52,D70",3,1946,0.5187949880031991,966,980,0.5035971223021583
304,2,"D11,D52",3,1944,0.5182617968541722,966,978,0.5030864197530864
670,2,"D47,D70",4,1942,0.5177286057051453,796,1146,0.5901132852729145
159,2,"D7,D52",3,1941,0.5174620101306319,951,990,0.5100463678516228
105,2,"D5,D50",3,1939,0.5169288189816049,806,1133,0.5843218153687467
95,2,"D5,D16",3,1938,0.5166622234070914,734,1204,0.6212590299277606
875,2,"D74,D87",4,1936,0.5161290322580645,856,1080,0.5578512396694215
743,2,"D52,D99",3,1931,0.5147960543854972,928,1003,0.5194199896426722
286,2,"D9,D106",4,1928,0.5139962676619568,807,1121,0.5814315352697096
781,2,"D52,D177",3,1928,0.5139962676619568,1018,910,0.47199170124481327
93,2,"D5,D11",3,1922,0.512396694214876,774,1148,0.5972944849115505
608,2,"D45,D52",3,1922,0.512396694214876,1010,912,0.4745057232049948
531,2,"D30,D52",3,1918,0.5113303119168222,937,981,0.5114702815432742
904,2,"D74,D209",2,1917,0.5110637163423087,953,964,0.5028690662493479
894,2,"D74,D182",2,1916,0.5107971207677953,954,962,0.5020876826722338
202,2,"D8,D16",3,1908,0.5086643561716876,783,1125,0.589622641509434
745,2,"D52,D100",3,1907,0.5083977605971741,912,995,0.5217619297325642
1396,2,"D200,D209",3,1907,0.5083977605971741,957,950,0.49816465652857894
130,2,"D5,D146",3,1906,0.5081311650226606,976,930,0.4879328436516264
1325,2,"D182,D200",3,1905,0.5078645694481472,957,948,0.49763779527559054
107,2,"D5,D52",2,1904,0.5075979738736337,958,946,0.49684873949579833
254,2,"D9,D87",4,1903,0.5073313782991202,807,1096,0.5759327377824488
250,2,"D9,D52",2,1898,0.505998400426553,876,1022,0.5384615384615384
1312,2,"D177,D209",2,1897,0.5057318048520395,1052,845,0.44544016868740116
258,2,"D9,D145",4,1896,0.505465209277526,772,1124,0.5928270042194093
1302,2,"D177,D182",2,1893,0.5046654225539856,1050,843,0.44532488114104596
1194,2,"D136,D202",3,1891,0.5041322314049587,737,1154,0.6102591221575886
1237,2,"D145,D202",3,1890,0.5038656358304452,788,1102,0.5830687830687831
1207,2,"D142,D182",2,1889,0.5035990402559317,978,911,0.4822657490735839
1138,2,"D106,D162",4,1888,0.5033324446814182,981,907,0.4804025423728814
1267,2,"D152,D182",2,1886,0.5027992535323914,981,905,0.47985153764581123
1278,2,"D152,D209",2,1884,0.5022660623833645,981,903,0.47929936305732485
1218,2,"D142,D209",2,1882,0.5017328712343375,977,905,0.4808714133900106
958,2,"D87,D202",3,1879,0.5009330845107971,809,1070,0.5694518360830229
1293,2,"D162,D202",3,1878,0.5006664889362836,772,1106,0.5889243876464324
978,2,"D87,D911",3,1875,0.49986670221274326,948,927,0.4944
677,2,"D47,D102",4,1873,0.4993335110637163,838,1035,0.5525894287239722
1264,2,"D146,D911",2,1869,0.4982671287656625,1003,866,0.4633493846976993
780,2,"D52,D162",2,1864,0.4969341508930952,1006,858,0.46030042918454933
526,2,"D26,D911",3,1863,0.4966675553185817,923,940,0.5045625335480408
201,2,"D8,D209",3,1859,0.49560117302052786,880,979,0.5266272189349113
200,2,"D8,D182",3,1857,0.4950679818715009,879,978,0.5266558966074314
693,2,"D47,D202",3,1857,0.4950679818715009,696,1161,0.6252019386106623
92,2,"D5,D9",3,1849,0.49293521727539324,749,1100,0.5949161709031909
118,2,"D5,D100",3,1849,0.49293521727539324,699,1150,0.6219578150351541
909,2,"D83,D87",4,1846,0.4921354305518528,954,892,0.48320693391115926
1070,2,"D103,D142",4,1833,0.48866968808317784,781,1052,0.5739225313693399
883,2,"D74,D106",4,1831,0.4881364969341509,821,1010,0.551611141452758
1068,2,"D103,D106",4,1829,0.48760330578512395,868,961,0.5254237288135594
951,2,"D87,D142",4,1825,0.4865369234870701,907,918,0.503013698630137
1053,2,"D102,D202",3,1824,0.48627032791255664,773,1051,0.5762061403508771
709,2,"D50,D182",2,1822,0.4857371367635297,924,898,0.49286498353457736
717,2,"D50,D209",2,1820,0.4852039456145028,924,896,0.49230769230769234
742,2,"D52,D74",2,1812,0.4830711810183951,883,929,0.5126931567328918
992,2,"D99,D202",3,1812,0.4830711810183951,673,1139,0.6285871964679912
1111,2,"D105,D182",3,1799,0.4796054385497201,901,898,0.4991662034463591
1113,2,"D105,D209",3,1796,0.4788056518261797,899,897,0.4994432071269488
410,2,"D16,D100",4,1790,0.4772060783790989,627,1163,0.6497206703910614
439,2,"D17,D26",4,1788,0.476672887230072,831,957,0.535234899328859
259,2,"D9,D146",3,1785,0.4758731005065316,842,943,0.5282913165266107
1035,2,"D102,D103",4,1784,0.4756065049320181,754,1030,0.577354260089686
143,2,"D5,D202",2,1783,0.47533990935750464,705,1078,0.6045989904655076
676,2,"D47,D100",4,1781,0.47480671820847775,671,1110,0.6232453677709152
330,2,"D11,D202",2,1780,0.4745401226339643,730,1050,0.5898876404494382
268,2,"D9,D202",2,1766,0.47080778459077577,690,1076,0.609286523216308
1014,2,"D100,D202",3,1766,0.47080778459077577,650,1116,0.6319365798414496
313,2,"D11,D103",4,1763,0.4700079978672354,705,1058,0.6001134429948951
1153,2,"D106,D202",3,1762,0.46974140229272193,714,1048,0.5947786606129398
1164,2,"D126,D152",3,1749,0.4662756598240469,899,850,0.48599199542595767
1040,2,"D102,D145",3,1747,0.46574246867502,891,856,0.4899828277046365
272,2,"D9,D911",3,1745,0.46520927752599306,802,943,0.5404011461318051
127,2,"D5,D142",3,1743,0.46467608637696617,717,1026,0.5886402753872634
747,2,"D52,D142",2,1739,0.4636097040789123,886,853,0.4905117883841288
705,2,"D50,D74",3,1738,0.4633431085043988,702,1036,0.5960874568469505
1161,2,"D126,D142",4,1733,0.4620101306318315,830,903,0.5210617426428159
642,2,"D46,D52",3,1731,0.4614769394828046,883,848,0.4898902368573079
1172,2,"D126,D202",3,1727,0.4604105571847507,733,994,0.5755645628257093
700,2,"D47,D911",3,1720,0.4585443881631565,834,886,0.5151162790697674
892,2,"D74,D162",3,1719,0.45827779258864304,810,909,0.5287958115183246
967,2,"D87,D145",3,1717,0.4577446014396161,905,812,0.47291788002329643
968,2,"D87,D146",2,1714,0.45694481471607573,926,788,0.4597432905484247
396,2,"D16,D30",4,1708,0.45534524126899495,633,1075,0.6293911007025761
491,2,"D26,D202",3,1706,0.454812050119968,730,976,0.5720984759671747
198,2,"D7,D202",3,1704,0.45427885897094106,671,1033,0.6062206572769953
497,2,"D26,D47",3,1704,0.45427885897094106,813,891,0.522887323943662
244,2,"D9,D16",3,1703,0.45401226339642764,601,1102,0.6470933646506165
1247,2,"D146,D162",2,1700,0.4532124766728872,945,755,0.4441176470588235
887,2,"D74,D142",3,1699,0.45294588109837375,756,943,0.5550323719835197
598,2,"D39,D202",3,1698,0.45267928552386033,690,1008,0.5936395759717314
1186,2,"D136,D146",3,1695,0.4518794988003199,902,793,0.4678466076696165
1187,2,"D136,D162",4,1694,0.45161290322580644,767,927,0.5472255017709563
308,2,"D11,D74",3,1693,0.45134630765129297,665,1028,0.607206142941524
901,2,"D74,D202",2,1693,0.45134630765129297,642,1051,0.6207914943886592
193,2,"D7,D198",3,1688,0.45001332977872566,638,1050,0.6220379146919431
245,2,"D9,D17",3,1675,0.4465475873100507,700,975,0.582089552238806
1080,2,"D103,D200",3,1670,0.4452146094374833,660,1010,0.6047904191616766
1342,2,"D196,D200",1,1665,0.443881631564916,649,1016,0.6102102102102102
1263,2,"D146,D659",2,1661,0.44281524926686217,920,741,0.4461167971101746
790,2,"D52,D659",2,1660,0.4425486536923487,914,746,0.4493975903614458
969,2,"D87,D152",3,1660,0.4425486536923487,841,819,0.49337349397590363
249,2,"D9,D50",3,1658,0.4420154625433218,623,1035,0.6242460796139928
635,2,"D45,D202",3,1655,0.4412156758197814,675,980,0.5921450151057401
1042,2,"D102,D152",3,1641,0.43748333777659293,827,814,0.4960390006093845
458,2,"D17,D102",3,1638,0.4366835510530525,742,896,0.5470085470085471
1244,2,"D145,D659",3,1635,0.43588376432951215,885,750,0.45871559633027525
1190,2,"D136,D198",3,1627,0.4337509997334044,598,1029,0.6324523663183774
264,2,"D9,D198",2,1626,0.43348440415889095,622,1004,0.6174661746617466
772,2,"D52,D105",3,1620,0.43188483071181016,804,816,0.5037037037037037
917,2,"D83,D146",2,1620,0.43188483071181016,886,734,0.45308641975308644
690,2,"D47,D198",3,1619,0.43161823513729675,588,1031,0.6368128474366893
703,2,"D50,D52",2,1617,0.4310850439882698,803,814,0.5034013605442177
126,2,"D5,D136",3,1613,0.43001866169021596,562,1051,0.6515809051456912
402,2,"D16,D52",2,1608,0.4286856838176486,744,864,0.5373134328358209
1150,2,"D106,D200",3,1606,0.4281524926686217,645,961,0.5983810709838107
1449,2,"D659,D911",2,1605,0.42788589709410824,831,774,0.4822429906542056
881,2,"D74,D103",3,1603,0.4273527059450813,672,931,0.5807860262008734
1062,2,"D102,D911",2,1602,0.4270861103705679,818,784,0.4893882646691635
679,2,"D47,D106",4,1601,0.4268195147960544,736,865,0.5402873204247346
141,2,"D5,D200",2,1600,0.4265529192215409,650,950,0.59375
1077,2,"D103,D196",3,1600,0.4265529192215409,620,980,0.6125
426,2,"D16,D202",2,1598,0.426019728072514,575,1023,0.6401752190237797
361,2,"D15,D87",3,1594,0.42495334577446015,753,841,0.527603513174404
970,2,"D87,D162",3,1594,0.42495334577446015,886,708,0.44416562107904645
1246,2,"D146,D152",2,1594,0.42495334577446015,871,723,0.4535759096612296
1082,2,"D103,D202",2,1593,0.42468675019994667,661,932,0.5850596359070935
779,2,"D52,D152",2,1591,0.4241535590509198,819,772,0.4852294154619736
326,2,"D11,D198",2,1587,0.4230871767528659,610,977,0.6156269691241336
1041,2,"D102,D146",2,1587,0.4230871767528659,835,752,0.47385003150598615
472,2,"D17,D200",3,1584,0.4222873900293255,583,1001,0.6319444444444444
916,2,"D83,D145",3,1584,0.4222873900293255,856,728,0.4595959595959596
707,2,"D50,D100",3,1583,0.42202079445481205,606,977,0.6171825647504738
935,2,"D83,D911",2,1579,0.4209544121567582,811,768,0.4863837872070931
982,2,"D99,D126",3,1575,0.4198880298587043,672,903,0.5733333333333334
469,2,"D17,D196",3,1572,0.41908824313516396,579,993,0.6316793893129771
138,2,"D5,D198",2,1569,0.41828845641162354,587,982,0.6258763543658381
1215,2,"D142,D202",2,1561,0.41615569181551587,631,930,0.5957719410634209
371,2,"D15,D136",3,1560,0.4158890962410024,707,853,0.5467948717948717
1223,2,"D145,D146",2,1558,0.41535590509197545,878,680,0.43645699614890887
704,2,"D50,D70",3,1553,0.41402292721940814,634,919,0.5917578879587895
309,2,"D11,D87",3,1552,0.41375633164489467,685,867,0.5586340206185567
650,2,"D46,D202",3,1552,0.41375633164489467,605,947,0.6101804123711341
1245,2,"D145,D911",2,1550,0.4132231404958678,821,729,0.4703225806451613
137,2,"D5,D196",2,1549,0.4129565449213543,622,927,0.5984506132989025
1165,2,"D126,D162",3,1549,0.4129565449213543,812,737,0.47579083279535184
954,2,"D87,D198",3,1548,0.41268994934684083,652,896,0.5788113695090439
282,2,"D9,D103",3,1546,0.41215675819781394,557,989,0.6397153945666235
532,2,"D30,D70",3,1546,0.41215675819781394,621,925,0.5983182406209573
1301,2,"D162,D911",2,1546,0.41215675819781394,802,744,0.48124191461837
1166,2,"D126,D177",3,1542,0.41109037589976005,804,738,0.4785992217898833
1142,2,"D106,D196",3,1541,0.4108237803252466,609,932,0.6048020765736535
512,2,"D26,D146",2,1540,0.41055718475073316,816,724,0.4701298701298701
1048,2,"D102,D198",3,1540,0.41055718475073316,644,896,0.5818181818181818
1367,2,"D198,D202",1,1537,0.40975739802719274,595,942,0.6128822381262199
511,2,"D26,D145",3,1535,0.4092242068781658,758,777,0.5061889250814332
680,2,"D47,D126",3,1535,0.4092242068781658,675,860,0.5602605863192183
851,2,"D70,D102",3,1534,0.4089576113036524,642,892,0.5814863102998696
998,2,"D99,D100",3,1529,0.40762463343108507,561,968,0.6330935251798561
1257,2,"D146,D202",2,1529,0.40762463343108507,723,806,0.5271419228253761
295,2,"D11,D16",3,1524,0.4062916555585177,529,995,0.6528871391076115
1192,2,"D136,D200",3,1524,0.4062916555585177,560,964,0.6325459317585301
685,2,"D47,D162",3,1522,0.4057584644094908,731,791,0.5197109067017083
816,2,"D67,D200",3,1521,0.40549186883497734,606,915,0.6015779092702169
530,2,"D30,D50",3,1518,0.4046920821114369,651,867,0.5711462450592886
1043,2,"D102,D162",3,1516,0.40415889096241003,766,750,0.4947229551451187
535,2,"D30,D99",3,1515,0.40389229538789656,583,932,0.6151815181518152
971,2,"D87,D177",3,1515,0.40389229538789656,800,715,0.47194719471947194
984,2,"D99,D145",3,1514,0.4036256998133831,660,854,0.5640686922060766
1184,2,"D136,D142",3,1513,0.4033591042388696,684,829,0.5479180436219432
949,2,"D87,D126",3,1511,0.4028259130898427,769,742,0.49106551952349436
1012,2,"D100,D198",3,1511,0.4028259130898427,522,989,0.6545334215751158
965,2,"D87,D106",3,1508,0.4020261263663023,800,708,0.46949602122015915
708,2,"D50,D103",3,1507,0.40175953079178883,638,869,0.5766423357664233
287,2,"D9,D136",3,1502,0.4004265529192215,548,954,0.6351531291611185
116,2,"D5,D99",2,1501,0.40015995734470805,531,970,0.6462358427714857
983,2,"D99,D142",3,1494,0.39829378832311385,587,907,0.607095046854083
443,2,"D17,D47",3,1493,0.3980271927486004,658,835,0.5592766242464836
401,2,"D16,D50",3,1492,0.3977605971740869,547,945,0.6333780160857909
110,2,"D5,D70",2,1491,0.39749400159957343,521,970,0.6505700871898055
682,2,"D47,D145",3,1491,0.39749400159957343,695,796,0.533869885982562
692,2,"D47,D201",3,1491,0.39749400159957343,549,942,0.6317907444668008
754,2,"D52,D200",2,1491,0.39749400159957343,799,692,0.4641180415828303
1248,2,"D146,D177",2,1491,0.39749400159957343,822,669,0.448692152917505
976,2,"D87,D659",3,1490,0.39722740602505996,817,673,0.45167785234899327
1170,2,"D126,D200",3,1490,0.39722740602505996,574,916,0.614765100671141
1423,2,"D202,D911",2,1489,0.39696081045054654,688,801,0.5379449294828744
813,2,"D67,D196",3,1485,0.39589442815249265,586,899,0.6053872053872054
536,2,"D30,D100",3,1484,0.39562783257797923,562,922,0.6212938005390836
1176,2,"D126,D659",3,1484,0.39562783257797923,806,678,0.4568733153638814
482,2,"D26,D70",3,1483,0.39536123700346576,607,876,0.5906945380984491
897,2,"D74,D198",2,1482,0.3950946414289523,542,940,0.6342780026990553
1198,2,"D136,D911",3,1481,0.3948280458544388,745,736,0.49696151249155973
759,2,"D52,D202",1,1479,0.39429485470541187,699,780,0.5273833671399595
1052,2,"D102,D201",3,1479,0.39429485470541187,614,865,0.5848546315077755
1189,2,"D136,D196",3,1478,0.39402825913089845,539,939,0.63531799729364
261,2,"D9,D162",3,1476,0.3934950679818715,613,863,0.5846883468834688
1177,2,"D126,D911",2,1476,0.3934950679818715,785,691,0.46815718157181574
1163,2,"D126,D146",2,1474,0.39296187683284456,815,659,0.4470827679782904
825,2,"D67,D911",2,1469,0.39162889896027725,756,713,0.4853641933287951
257,2,"D9,D126",3,1468,0.3913623033857638,594,874,0.5953678474114441
1254,2,"D146,D200",3,1467,0.39109570781125036,784,683,0.4655760054533061
204,2,"D8,D52",2,1464,0.39029592108770994,683,781,0.5334699453551912
706,2,"D50,D99",3,1462,0.389762729938683,564,898,0.6142270861833106
424,2,"D16,D200",2,1459,0.38896294321514263,531,928,0.6360520904729267
1335,2,"D182,D218",2,1458,0.38869634764062916,689,769,0.5274348422496571
322,2,"D11,D162",3,1457,0.3884297520661157,668,789,0.5415236787920384
1440,2,"D209,D218",2,1457,0.3884297520661157,689,768,0.5271105010295127
1157,2,"D106,D218",3,1456,0.3881631564916022,662,794,0.5453296703296703
422,2,"D16,D196",2,1455,0.3878965609170888,537,918,0.6309278350515464
889,2,"D74,D146",2,1452,0.3870967741935484,766,686,0.4724517906336088
1168,2,"D126,D196",3,1449,0.386296987470008,555,894,0.6169772256728778
806,2,"D67,D146",2,1448,0.38603039189549454,785,663,0.4578729281767956
142,2,"D5,D201",2,1443,0.38469741402292723,558,885,0.6133056133056133
1317,2,"D177,D911",2,1441,0.3841642228739003,745,696,0.48299791811242193
1203,2,"D142,D146",2,1438,0.3833644361503599,788,650,0.4520166898470097
364,2,"D15,D102",3,1436,0.382831245001333,634,802,0.5584958217270195
533,2,"D30,D74",3,1430,0.3812316715542522,571,859,0.6006993006993007
543,2,"D30,D146",3,1430,0.3812316715542522,749,681,0.4762237762237762
872,2,"D74,D911",2,1428,0.38069848040522525,720,708,0.4957983193277311
1123,2,"D105,D202",3,1428,0.38069848040522525,582,846,0.592436974789916
156,2,"D7,D15",3,1427,0.38043188483071183,667,760,0.5325858444288718
355,2,"D15,D47",3,1427,0.38043188483071183,622,805,0.5641205325858444
1085,2,"D103,D218",3,1422,0.3790989069581445,582,840,0.5907172995780591
611,2,"D45,D74",3,1421,0.37883231138363105,604,817,0.5749472202674173
683,2,"D47,D146",2,1421,0.37883231138363105,747,674,0.47431386347642507
328,2,"D11,D200",2,1420,0.3785657158091176,525,895,0.6302816901408451
307,2,"D11,D70",3,1417,0.37776592908557716,540,877,0.6189131968948482
861,2,"D70,D202",2,1416,0.37749933351106374,498,918,0.6483050847457628
412,2,"D16,D103",3,1415,0.37723273793655027,573,842,0.5950530035335689
729,2,"D50,D136",3,1415,0.37723273793655027,634,781,0.5519434628975265
648,2,"D46,D200",3,1413,0.3766995467875233,563,850,0.6015569709837226
886,2,"D74,D136",3,1411,0.3761663556384964,556,855,0.6059532246633593
139,2,"D5,D199",2,1410,0.37589976006398296,589,821,0.5822695035460993
963,2,"D87,D103",3,1408,0.375366568914956,637,771,0.5475852272727273
716,2,"D50,D202",2,1407,0.37509997334044254,513,894,0.6353944562899787
444,2,"D17,D50",3,1406,0.37483337776592907,640,766,0.5448079658605974
423,2,"D16,D198",2,1405,0.37456678219141565,480,925,0.6583629893238434
833,2,"D67,D198",3,1404,0.3743001866169022,514,890,0.6339031339031339
1136,2,"D106,D146",2,1404,0.3743001866169022,752,652,0.46438746438746437
504,2,"D26,D102",3,1402,0.37376699546787523,727,675,0.4814550641940086
90,2,"D5,D7",3,1397,0.3724340175953079,513,884,0.6327845382963493
353,2,"D15,D45",3,1395,0.371900826446281,663,732,0.524731182795699
987,2,"D99,D162",3,1393,0.3713676352972541,601,792,0.5685570710696339
1071,2,"D103,D145",3,1392,0.3711010397227406,655,737,0.5294540229885057
699,2,"D47,D659",3,1388,0.3700346574246868,694,694,0.5
267,2,"D9,D201",2,1387,0.3697680618501733,522,865,0.6236481614996395
329,2,"D11,D201",2,1385,0.36923487070114636,551,834,0.6021660649819495
350,2,"D15,D26",3,1385,0.36923487070114636,663,722,0.5212996389891696
501,2,"D26,D83",3,1384,0.3689682751266329,723,661,0.47760115606936415
1135,2,"D106,D145",3,1380,0.36790189282857905,663,717,0.5195652173913043
265,2,"D9,D199",2,1379,0.3676352972540656,530,849,0.6156635242929659
316,2,"D11,D126",3,1378,0.3673687016795521,583,795,0.5769230769230769
669,2,"D47,D67",3,1378,0.3673687016795521,635,743,0.5391872278664731
673,2,"D47,D87",3,1378,0.3673687016795521,653,725,0.5261248185776488
855,2,"D70,D162",3,1378,0.3673687016795521,629,749,0.5435413642960812
899,2,"D74,D200",2,1378,0.3673687016795521,516,862,0.625544267053701
583,2,"D39,D146",2,1377,0.3671021061050387,723,654,0.4749455337690632
1447,2,"D218,D911",3,1377,0.3671021061050387,629,748,0.5432098765432098
454,2,"D17,D87",3,1374,0.36630231938149826,651,723,0.5262008733624454
368,2,"D15,D105",3,1369,0.36496934150893096,623,746,0.5449233016800584
550,2,"D30,D202",2,1369,0.36496934150893096,502,867,0.633308984660336
357,2,"D15,D67",3,1368,0.3647027459344175,633,735,0.5372807017543859
1039,2,"D102,D142",3,1368,0.3647027459344175,660,708,0.5175438596491229
645,2,"D46,D196",3,1366,0.36416955478539054,537,829,0.6068814055636896
325,2,"D11,D196",2,1365,0.3639029592108771,490,875,0.6410256410256411
474,2,"D17,D202",2,1364,0.36363636363636365,541,823,0.6033724340175953
246,2,"D9,D26",3,1359,0.36230338576379634,550,809,0.5952906548933039
900,2,"D74,D201",2,1357,0.3617701946147694,504,853,0.6285924834193073
1210,2,"D142,D198",2,1357,0.3617701946147694,521,836,0.6160648489314665
102,2,"D5,D46",3,1355,0.36123700346574245,497,858,0.633210332103321
467,2,"D17,D162",3,1352,0.3604372167422021,656,696,0.514792899408284
854,2,"D70,D142",3,1348,0.35937083444414825,549,799,0.5927299703264095
315,2,"D11,D106",3,1346,0.3588376432951213,536,810,0.6017830609212481
815,2,"D67,D199",3,1346,0.3588376432951213,630,716,0.5319465081723626
896,2,"D74,D196",2,1345,0.3585710477206078,504,841,0.625278810408922
1074,2,"D103,D162",3,1345,0.3585710477206078,622,723,0.537546468401487
1205,2,"D142,D162",2,1342,0.35777126099706746,656,686,0.511177347242921
398,2,"D16,D45",3,1340,0.3572380698480405,534,806,0.6014925373134329
98,2,"D5,D30",2,1339,0.35697147427352705,482,857,0.6400298730395818
1025,2,"D100,D200",2,1338,0.3567048786990136,489,849,0.6345291479820628
1078,2,"D103,D198",2,1338,0.3567048786990136,548,790,0.5904334828101644
1389,2,"D199,D911",2,1338,0.3567048786990136,651,687,0.5134529147982063
898,2,"D74,D199",2,1334,0.35563849640095974,556,778,0.5832083958020989
376,2,"D15,D162",2,1333,0.35537190082644626,662,671,0.5033758439609902
926,2,"D83,D199",3,1333,0.35537190082644626,666,667,0.5003750937734434
1013,2,"D100,D199",3,1333,0.35537190082644626,530,803,0.6024006001500375
714,2,"D50,D200",2,1329,0.3543055185283924,516,813,0.6117381489841986
197,2,"D7,D201",3,1327,0.3537723273793655,489,838,0.6314996232102487
1289,2,"D162,D199",2,1327,0.3537723273793655,617,710,0.5350414468726451
266,2,"D9,D200",2,1325,0.3532391362303386,490,835,0.630188679245283
762,2,"D52,D218",2,1325,0.3532391362303386,620,705,0.5320754716981132
346,2,"D15,D209",1,1321,0.3521727539322847,695,626,0.4738834216502649
1366,2,"D198,D201",1,1321,0.3521727539322847,516,805,0.6093868281604845
1081,2,"D103,D201",2,1320,0.3519061583577713,537,783,0.5931818181818181
400,2,"D16,D47",3,1318,0.35137296720874434,498,820,0.622154779969651
343,2,"D15,D182",1,1316,0.3508397760597174,695,621,0.47188449848024316
349,2,"D15,D17",3,1316,0.3508397760597174,593,723,0.5493920972644377
437,2,"D17,D911",2,1316,0.3508397760597174,653,663,0.5037993920972644
1024,2,"D100,D196",2,1316,0.3508397760597174,480,836,0.6352583586626139
263,2,"D9,D196",2,1312,0.34977339376166355,490,822,0.6265243902439024
1319,2,"D182,D196",2,1310,0.3492402026126366,686,624,0.4763358778625954
1352,2,"D196,D209",2,1309,0.3489736070381232,686,623,0.47593582887700536
94,2,"D5,D15",2,1306,0.34817382031458277,580,726,0.555895865237366
417,2,"D16,D136",3,1306,0.34817382031458277,462,844,0.6462480857580398
507,2,"D26,D106",3,1306,0.34817382031458277,654,652,0.4992343032159265
1214,2,"D142,D201",2,1305,0.3479072247400693,517,788,0.6038314176245211
1222,2,"D142,D911",2,1304,0.3476406291655558,684,620,0.4754601226993865
1069,2,"D103,D126",3,1303,0.3473740335910424,582,721,0.5533384497313891
148,2,"D5,D218",2,1302,0.34710743801652894,603,699,0.5368663594470046
434,2,"D17,D146",2,1302,0.34710743801652894,661,641,0.4923195084485407
538,2,"D30,D103",3,1302,0.34710743801652894,537,765,0.5875576036866359
359,2,"D15,D74",2,1300,0.346574246867502,545,755,0.5807692307692308
879,2,"D74,D102",2,1291,0.34417488669688084,608,683,0.5290472501936483
1333,2,"D182,D208",1,1288,0.3433750999733404,732,556,0.43167701863354035
1433,2,"D208,D209",1,1288,0.3433750999733404,732,556,0.43167701863354035
580,2,"D39,D136",3,1287,0.34310850439882695,567,720,0.5594405594405595
672,2,"D47,D83",3,1285,0.34257531324980006,643,642,0.49961089494163424
612,2,"D45,D87",3,1283,0.3420421221007731,642,641,0.49961028838659394
288,2,"D9,D142",2,1282,0.34177552652625964,492,790,0.6162246489859594
425,2,"D16,D201",2,1281,0.3415089309517462,450,831,0.6487119437939111
103,2,"D5,D47",2,1278,0.3407091442282058,431,847,0.662754303599374
394,2,"D16,D17",3,1278,0.3407091442282058,528,750,0.5868544600938967
783,2,"D52,D199",1,1278,0.3407091442282058,621,657,0.5140845070422535
465,2,"D17,D145",3,1275,0.33990935750466544,615,660,0.5176470588235295
1324,2,"D182,D199",1,1275,0.33990935750466544,642,633,0.4964705882352941
101,2,"D5,D45",2,1274,0.33964276193015197,490,784,0.6153846153846154
1281,2,"D152,D659",2,1274,0.33964276193015197,705,569,0.4466248037676609
711,2,"D50,D196",2,1273,0.3393761663556385,481,792,0.622152395915161
807,2,"D67,D152",2,1270,0.33857637963209813,691,579,0.4559055118110236
356,2,"D15,D50",2,1269,0.33830978405758466,573,696,0.5484633569739953
1383,2,"D199,D209",1,1269,0.33830978405758466,641,628,0.49487785657998423
1292,2,"D162,D201",2,1265,0.33724340175953077,522,743,0.5873517786561265
365,2,"D15,D103",2,1264,0.33697680618501735,529,735,0.5814873417721519
369,2,"D15,D106",2,1264,0.33697680618501735,629,635,0.502373417721519
327,2,"D11,D199",2,1263,0.3367102106105039,537,726,0.5748218527315915
1072,2,"D103,D146",2,1263,0.3367102106105039,629,634,0.5019794140934284
1005,2,"D99,D200",2,1262,0.3364436150359904,456,806,0.6386687797147385
1009,2,"D100,D146",2,1262,0.3364436150359904,647,615,0.4873217115689382
128,2,"D5,D145",2,1259,0.33564382831245,463,796,0.6322478157267672
1193,2,"D136,D201",2,1259,0.33564382831245,460,799,0.6346306592533757
1219,2,"D142,D218",2,1258,0.33537723273793657,582,676,0.5373608903020668
1275,2,"D152,D202",2,1258,0.33537723273793657,578,680,0.5405405405405406
548,2,"D30,D200",2,1255,0.33457744601439615,492,763,0.6079681274900398
278,2,"D9,D67",3,1251,0.3335110637163423,447,804,0.6426858513189448
918,2,"D83,D152",2,1251,0.3335110637163423,686,565,0.451638689048761
1211,2,"D142,D199",2,1247,0.3324446814182885,550,697,0.5589414595028067
1232,2,"D145,D198",2,1247,0.3324446814182885,523,724,0.5805934242181235
318,2,"D11,D142",2,1246,0.332178085843775,494,752,0.6035313001605136
859,2,"D70,D200",2,1245,0.33191149026926153,476,769,0.6176706827309237
678,2,"D47,D103",3,1243,0.3313782991202346,480,763,0.6138374899436846
1288,2,"D162,D198",2,1243,0.3313782991202346,502,741,0.5961383748994369
1376,2,"D198,D911",2,1241,0.3308451079712077,581,660,0.5318291700241741
834,2,"D67,D201",3,1240,0.3305785123966942,478,762,0.614516129032258
752,2,"D52,D198",1,1238,0.3300453212476673,584,654,0.5282714054927302
856,2,"D70,D196",2,1236,0.3295121300986404,473,763,0.6173139158576052
1286,2,"D162,D196",2,1235,0.3292455345241269,528,707,0.5724696356275304
373,2,"D15,D145",2,1232,0.3284457478005865,562,670,0.5438311688311688
828,2,"D67,D99",3,1230,0.3279125566515596,566,664,0.5398373983739837
989,2,"D99,D198",2,1230,0.3279125566515596,431,799,0.6495934959349593
253,2,"D9,D83",3,1229,0.32764596107704613,588,641,0.5215622457282343
1212,2,"D142,D200",2,1228,0.32737936550253266,456,772,0.6286644951140065
1380,2,"D199,D202",1,1228,0.32737936550253266,497,731,0.5952768729641694
637,2,"D45,D208",3,1225,0.32657957877899224,637,588,0.48
1004,2,"D99,D196",2,1225,0.32657957877899224,440,785,0.6408163265306123
582,2,"D39,D145",2,1224,0.3263129832044788,577,647,0.5285947712418301
586,2,"D39,D177",2,1223,0.32604638762996535,582,641,0.5241210139002453
1152,2,"D106,D201",2,1222,0.3257797920554519,472,750,0.613747954173486
1290,2,"D162,D200",2,1222,0.3257797920554519,514,708,0.5793780687397708
372,2,"D15,D142",2,1221,0.3255131964809384,566,655,0.5364455364455365
1414,2,"D201,D911",2,1220,0.32524660090642493,562,658,0.5393442622950819
1191,2,"D136,D199",2,1217,0.32444681418288457,500,717,0.5891536565324569
1233,2,"D145,D199",2,1216,0.3241802186083711,559,657,0.540296052631579
1143,2,"D106,D198",2,1213,0.32338043188483073,440,773,0.6372629843363561
108,2,"D5,D67",2,1211,0.3228472407358038,412,799,0.6597853014037985
633,2,"D45,D200",2,1210,0.3225806451612903,460,750,0.6198347107438017
459,2,"D17,D103",3,1204,0.32098107171420953,552,652,0.5415282392026578
973,2,"D87,D199",2,1204,0.32098107171420953,575,629,0.5224252491694352
1202,2,"D142,D145",2,1203,0.32071447613969606,592,611,0.5078969243557773
273,2,"D9,D11",2,1202,0.32044788056518264,422,780,0.64891846921797
545,2,"D30,D196",2,1199,0.3196480938416422,460,739,0.6163469557964971
572,2,"D39,D87",2,1199,0.3196480938416422,543,656,0.5471226021684737
643,2,"D46,D74",3,1199,0.3196480938416422,497,702,0.585487906588824
1134,2,"D106,D142",2,1199,0.3196480938416422,565,634,0.5287739783152627
163,2,"D7,D146",2,1197,0.3191149026926153,610,587,0.4903926482873851
280,2,"D9,D99",2,1197,0.3191149026926153,406,791,0.6608187134502924
734,2,"D50,D162",2,1196,0.31884830711810186,598,598,0.5
857,2,"D70,D198",2,1196,0.31884830711810186,394,802,0.6705685618729097
956,2,"D87,D200",2,1195,0.3185817115435884,483,712,0.59581589958159
843,2,"D70,D911",2,1194,0.3183151159690749,615,579,0.4849246231155779
625,2,"D45,D146",2,1192,0.31778192482004797,684,508,0.4261744966442953
1079,2,"D103,D199",2,1191,0.31751532924553455,485,706,0.5927791771620488
630,2,"D45,D196",2,1190,0.3172487336710211,446,744,0.6252100840336134
1208,2,"D142,D196",2,1190,0.3172487336710211,438,752,0.6319327731092437
279,2,"D9,D70",2,1189,0.3169821380965076,422,767,0.6450798990748529
905,2,"D74,D218",2,1188,0.31671554252199413,534,654,0.5505050505050505
205,2,"D8,D9",2,1187,0.31644894694748066,436,751,0.632687447346251
281,2,"D9,D100",2,1187,0.31644894694748066,389,798,0.6722830665543387
702,2,"D47,D200",2,1187,0.31644894694748066,424,763,0.6427969671440606
206,2,"D8,D11",2,1186,0.3161823513729672,431,755,0.636593591905565
727,2,"D50,D106",2,1185,0.31591575579845377,589,596,0.5029535864978903
943,2,"D83,D202",2,1183,0.3153825646494268,556,627,0.5300084530853761
1406,2,"D201,D202",1,1181,0.3148493735003999,454,727,0.615580016934801
1379,2,"D199,D201",1,1177,0.31378299120234604,465,712,0.6049277824978759
757,2,"D52,D201",1,1174,0.3129832044788057,552,622,0.5298126064735945
1225,2,"D145,D152",1,1174,0.3129832044788057,634,540,0.4599659284497445
1297,2,"D162,D218",2,1174,0.3129832044788057,601,573,0.48807495741056217
1282,2,"D152,D911",1,1170,0.3119168221807518,628,542,0.46324786324786327
1265,2,"D152,D162",2,1168,0.3113836310317249,640,528,0.4520547945205479
274,2,"D9,D15",2,1167,0.3111170354572114,497,670,0.5741216795201372
1087,2,"D103,D911",2,1167,0.3111170354572114,553,614,0.5261353898886033
217,2,"D8,D74",2,1166,0.31085043988269795,411,755,0.6475128644939966
1403,2,"D200,D202",1,1165,0.3105838443081845,417,748,0.6420600858369099
1160,2,"D106,D911",2,1162,0.3097840575846441,594,568,0.48881239242685026
568,2,"D39,D67",2,1159,0.3089842708611037,553,606,0.5228645383951682
953,2,"D87,D196",2,1159,0.3089842708611037,467,692,0.5970664365832614
1236,2,"D145,D201",2,1159,0.3089842708611037,487,672,0.5798101811906816
722,2,"D50,D87",2,1158,0.3087176752865902,579,579,0.5
310,2,"D11,D99",2,1156,0.30818448413756333,396,760,0.657439446366782
390,2,"D15,D911",2,1156,0.30818448413756333,575,581,0.5025951557093425
985,2,"D99,D146",2,1156,0.30818448413756333,623,533,0.4610726643598616
494,2,"D26,D39",2,1155,0.30791788856304986,515,640,0.5541125541125541
689,2,"D47,D196",2,1155,0.30791788856304986,405,750,0.6493506493506493
712,2,"D50,D198",2,1149,0.3063183151159691,387,762,0.6631853785900783
570,2,"D39,D74",2,1148,0.3060517195414556,528,620,0.5400696864111498
1049,2,"D102,D199",2,1147,0.30578512396694213,520,627,0.5466434176111595
974,2,"D87,D208",2,1146,0.3055185283924287,644,502,0.43804537521815007
575,2,"D39,D102",2,1145,0.30525193281791524,534,611,0.5336244541484716
275,2,"D9,D30",2,1142,0.3044521460943748,421,721,0.6313485113835376
1322,2,"D182,D198",1,1141,0.30418555051986135,534,607,0.5319894829097284
470,2,"D17,D198",2,1139,0.30365235937083446,445,694,0.6093064091308165
351,2,"D15,D30",2,1137,0.3031191682218075,493,644,0.5664028144239226
1328,2,"D182,D201",1,1137,0.3031191682218075,518,619,0.544415127528584
99,2,"D5,D39",2,1136,0.30285257264729404,484,652,0.573943661971831
585,2,"D39,D162",2,1136,0.30285257264729404,558,578,0.5088028169014085
991,2,"D99,D201",2,1136,0.30285257264729404,426,710,0.625
319,2,"D11,D145",2,1134,0.30231938149826715,478,656,0.5784832451499118
604,2,"D39,D659",2,1134,0.30231938149826715,548,586,0.5167548500881834
730,2,"D50,D142",2,1134,0.30231938149826715,513,621,0.5476190476190477
1363,2,"D196,D202",1,1133,0.3020527859237537,405,728,0.6425419240953222
1370,2,"D198,D209",1,1133,0.3020527859237537,532,601,0.53045013239188
691,2,"D47,D199",2,1132,0.3017861903492402,486,646,0.5706713780918727
1409,2,"D201,D209",1,1129,0.30098640362569984,516,613,0.5429583702391497
546,2,"D30,D198",2,1124,0.2996534257531325,406,718,0.6387900355871886
113,2,"D5,D83",2,1121,0.2988536390295921,457,664,0.592328278322926
740,2,"D50,D911",2,1121,0.2988536390295921,551,570,0.5084745762711864
255,2,"D9,D102",2,1120,0.29858704345507864,411,709,0.6330357142857143
640,2,"D45,D218",1,1120,0.29858704345507864,509,611,0.5455357142857142
681,2,"D47,D142",2,1119,0.29832044788056516,502,617,0.5513851653261841
389,2,"D15,D659",2,1118,0.2980538523060517,595,523,0.4677996422182469
907,2,"D74,D659",2,1116,0.2975206611570248,563,553,0.49551971326164873
513,2,"D26,D152",2,1114,0.29698747000799786,572,542,0.4865350089766607
1155,2,"D106,D208",2,1114,0.29698747000799786,606,508,0.45601436265709155
576,2,"D39,D103",2,1113,0.2967208744334844,490,623,0.559748427672956
578,2,"D39,D106",2,1111,0.2961876832844575,514,597,0.5373537353735374
581,2,"D39,D142",2,1111,0.2961876832844575,536,575,0.5175517551755175
1086,2,"D103,D218",2,1110,0.295921087709944,445,665,0.5990990990990991
623,2,"D45,D142",2,1109,0.29565449213543055,504,605,0.545536519386835
715,2,"D50,D201",2,1107,0.2951213009864036,386,721,0.6513098464317977
997,2,"D99,D911",2,1105,0.2945881098373767,559,546,0.49411764705882355
1261,2,"D146,D218",2,1105,0.2945881098373767,532,573,0.5185520361990951
1179,2,"D126,D198",2,1104,0.29432151426286324,418,686,0.6213768115942029
415,2,"D16,D106",2,1102,0.2937883231138363,494,608,0.5517241379310345
247,2,"D9,D39",2,1099,0.29298853639029593,463,636,0.5787079162875342
713,2,"D50,D199",2,1097,0.292455345241269,451,646,0.5888787602552416
219,2,"D8,D87",2,1095,0.2919221540922421,411,684,0.6246575342465753
579,2,"D39,D126",2,1093,0.29138896294321515,529,564,0.5160109789569991
294,2,"D11,D15",2,1091,0.2908557717941882,477,614,0.5627864344637947
2051,3,"D7,D182,D209",4,2502,0.6670221274326846,1294,1208,0.4828137490007994
6730,3,"D162,D182,D209",3,2401,0.6400959744068249,1305,1096,0.4564764681382757
6046,3,"D106,D182,D209",3,2395,0.638496400959744,1257,1138,0.4751565762004175
6557,3,"D146,D182,D209",2,2379,0.6342308717675287,1272,1107,0.46532156368221944
3262,3,"D26,D182,D209",3,2367,0.6310317248733671,1192,1175,0.4964089564850021
6446,3,"D145,D182,D209",3,2352,0.6270327912556651,1238,1114,0.4736394557823129
5410,3,"D83,D182,D209",3,2348,0.6259664089576114,1270,1078,0.45911413969335607
2371,3,"D9,D182,D209",3,2299,0.6129032258064516,1132,1167,0.5076120052196608
5826,3,"D102,D182,D209",3,2296,0.6121034390829112,1155,1141,0.4969512195121951
6223,3,"D136,D182,D209",3,2279,0.6075713143161824,1149,1130,0.4958315050460728
5907,3,"D103,D182,D209",3,2253,0.6006398293788323,1112,1141,0.5064358632933866
6166,3,"D126,D182,D209",3,2222,0.592375366568915,1146,1076,0.48424842484248426
3757,3,"D39,D182,D209",3,2220,0.591842175419888,1115,1105,0.49774774774774777
4034,3,"D47,D182,D209",3,2216,0.5907757931218341,1113,1103,0.49774368231046934
4878,3,"D67,D182,D209",3,2214,0.5902426019728072,1158,1056,0.47696476964769646
6918,3,"D182,D202,D209",3,2208,0.5886430285257265,1114,1094,0.4954710144927536
5548,3,"D87,D182,D209",2,2186,0.5827779258864303,1157,1029,0.4707227813357731
6939,3,"D182,D209,D911",2,2159,0.5755798453745667,1137,1022,0.47336729967577584
1451,3,"D2,D182,D209",4,2142,0.5710477206078379,1045,1097,0.5121381886087768
3848,3,"D45,D182,D209",3,2129,0.5675819781391629,1148,981,0.4607797087834664
2969,3,"D16,D182,D209",3,2084,0.555585177286057,1048,1036,0.4971209213051823
3070,3,"D17,D182,D209",3,2077,0.5537190082644629,1048,1029,0.4954260953298026
5650,3,"D99,D182,D209",3,2073,0.552652625966409,1027,1046,0.5045827303424988
4963,3,"D70,D182,D209",3,2067,0.5510530525193281,1045,1022,0.49443638122883404
3512,3,"D30,D182,D209",3,2066,0.5507864569448148,1031,1035,0.5009680542110359
2672,3,"D11,D182,D209",3,2060,0.5491868834977339,1053,1007,0.4888349514563107
1879,3,"D5,D182,D209",2,2037,0.5430551852839243,1045,992,0.48699067255768286
5698,3,"D100,D182,D209",3,2027,0.5403892295387897,995,1032,0.5091267883571781
6937,3,"D182,D209,D659",2,2025,0.5398560383897627,1144,881,0.43506172839506174
4621,3,"D52,D182,D209",1,2007,0.5350573180485204,1074,933,0.4648729446935725
3877,3,"D46,D182,D209",3,1938,0.5166622234070914,1009,929,0.47936016511867907
5199,3,"D74,D182,D209",2,1904,0.5075979738736337,950,954,0.5010504201680672
6807,3,"D177,D182,D209",2,1884,0.5022660623833645,1048,836,0.4437367303609342
6654,3,"D152,D182,D209",2,1879,0.5009330845107971,980,899,0.47844598190526877
6329,3,"D142,D182,D209",2,1870,0.49853372434017595,972,898,0.4802139037433155
2146,3,"D8,D182,D209",3,1844,0.49160223940282594,876,968,0.5249457700650759
4088,3,"D50,D182,D209",2,1801,0.480138629698747,917,884,0.49083842309827874
5957,3,"D105,D182,D209",3,1782,0.4750733137829912,895,887,0.49775533108866443
4626,3,"D52,D182,D911",2,1748,0.4660090642495335,942,806,0.4610983981693364
4692,3,"D52,D209,D911",2,1745,0.46520927752599306,942,803,0.46017191977077365
4498,3,"D52,D136,D182",3,1709,0.4556118368435084,882,827,0.483908718548859
4503,3,"D52,D136,D209",3,1705,0.45454545454545453,883,822,0.48211143695014663
4364,3,"D52,D87,D182",2,1683,0.44868035190615835,903,780,0.46345811051693403
4372,3,"D52,D87,D209",2,1680,0.447880565182618,903,777,0.4625
6109,3,"D126,D145,D182",3,1680,0.447880565182618,900,780,0.4642857142857143
6115,3,"D126,D145,D209",3,1677,0.44708077845907757,900,777,0.46332737030411447
5518,3,"D87,D146,D182",2,1660,0.4425486536923487,901,759,0.4572289156626506
5524,3,"D87,D146,D209",2,1660,0.4425486536923487,901,759,0.4572289156626506
6560,3,"D146,D182,D659",2,1628,0.4340175953079179,908,720,0.44226044226044225
6617,3,"D146,D209,D659",2,1628,0.4340175953079179,908,720,0.44226044226044225
6519,3,"D146,D162,D182",2,1622,0.4324180218608371,904,718,0.44266337854500615
6527,3,"D146,D162,D209",2,1622,0.4324180218608371,904,718,0.44266337854500615
1688,3,"D5,D52,D102",4,1621,0.43215142628632364,794,827,0.5101789019123998
6216,3,"D136,D146,D182",3,1621,0.43215142628632364,863,758,0.4676125848241826
6218,3,"D136,D146,D209",3,1621,0.43215142628632364,863,758,0.4676125848241826
2057,3,"D7,D52,D182",3,1605,0.42788589709410824,827,778,0.48473520249221186
4278,3,"D52,D70,D182",3,1592,0.4244201546254332,828,764,0.4798994974874372
5349,3,"D83,D146,D182",2,1592,0.4244201546254332,877,715,0.4491206030150754
5357,3,"D83,D146,D209",2,1592,0.4244201546254332,877,715,0.4491206030150754
1787,3,"D5,D87,D209",3,1591,0.4241535590509198,831,760,0.4776869893148963
1786,3,"D5,D87,D182",3,1589,0.42362036790189284,830,759,0.4776589049716803
4279,3,"D52,D70,D209",3,1589,0.42362036790189284,828,761,0.4789175582127124
5909,3,"D103,D196,D200",3,1575,0.4198880298587043,603,972,0.6171428571428571
3237,3,"D17,D196,D200",3,1544,0.411623567048787,560,984,0.6373056994818653
4957,3,"D70,D146,D182",3,1541,0.4108237803252466,817,724,0.4698247890979883
4958,3,"D70,D146,D209",3,1541,0.4108237803252466,817,724,0.4698247890979883
4625,3,"D52,D182,D659",2,1538,0.4100239936017062,870,668,0.4343302990897269
3811,3,"D45,D52,D209",3,1537,0.40975739802719274,855,682,0.44372153545868576
4691,3,"D52,D209,D659",2,1537,0.40975739802719274,869,668,0.4346128822381262
3807,3,"D45,D52,D182",3,1536,0.40949080245267927,854,682,0.4440104166666667
4385,3,"D52,D99,D182",3,1535,0.4092242068781658,777,758,0.4938110749185668
6944,3,"D182,D659,D911",2,1535,0.4092242068781658,808,727,0.4736156351791531
7118,3,"D209,D659,D911",2,1535,0.4092242068781658,808,727,0.4736156351791531
4581,3,"D52,D162,D182",2,1534,0.4089576113036524,881,653,0.4256844850065189
4591,3,"D52,D162,D209",2,1534,0.4089576113036524,881,653,0.4256844850065189
4389,3,"D52,D99,D209",3,1533,0.4086910157291389,778,755,0.49249836921069795
4547,3,"D52,D146,D182",1,1525,0.4065582511330312,845,680,0.4459016393442623
4558,3,"D52,D146,D209",1,1525,0.4065582511330312,845,680,0.4459016393442623
1888,3,"D5,D196,D200",2,1522,0.4057584644094908,603,919,0.6038107752956636
6902,3,"D182,D200,D209",2,1520,0.40522527326046387,819,701,0.4611842105263158
2587,3,"D11,D52,D182",3,1518,0.4046920821114369,798,720,0.4743083003952569
5771,3,"D102,D146,D182",2,1517,0.4044254865369235,800,717,0.47264337508239945
5780,3,"D102,D146,D209",2,1517,0.4044254865369235,800,717,0.47264337508239945
2591,3,"D11,D52,D209",3,1514,0.4036256998133831,798,716,0.47291941875825627
1693,3,"D5,D52,D182",2,1513,0.4033591042388696,806,707,0.46728354263053534
5413,3,"D83,D182,D911",2,1512,0.4030925086643562,790,722,0.4775132275132275
5448,3,"D83,D209,D911",2,1512,0.4030925086643562,790,722,0.4775132275132275
6051,3,"D106,D196,D200",3,1512,0.4030925086643562,589,923,0.6104497354497355
1698,3,"D5,D52,D209",2,1511,0.4028259130898427,807,704,0.46591661151555264
4530,3,"D52,D145,D182",2,1510,0.40255931751532925,823,687,0.4549668874172185
6387,3,"D145,D146,D182",2,1509,0.4022927219408158,854,655,0.4340622929092114
6396,3,"D145,D146,D209",2,1509,0.4022927219408158,854,655,0.4340622929092114
4539,3,"D52,D145,D209",2,1506,0.4014929352172754,822,684,0.4541832669322709
4565,3,"D52,D152,D182",2,1499,0.39962676619568116,792,707,0.47164776517678453
2320,3,"D9,D52,D182",2,1497,0.3990935750466542,722,775,0.5177020708082832
2325,3,"D9,D52,D209",2,1495,0.3985603838976273,723,772,0.5163879598662208
4574,3,"D52,D152,D209",2,1495,0.3985603838976273,792,703,0.47023411371237456
5831,3,"D102,D182,D911",2,1490,0.39722740602505996,769,721,0.48389261744966444
5867,3,"D102,D209,D911",2,1490,0.39722740602505996,769,721,0.48389261744966444
3297,3,"D26,D52,D182",2,1484,0.39562783257797923,782,702,0.47304582210242585
4416,3,"D52,D102,D182",2,1484,0.39562783257797923,764,720,0.48517520215633425
3305,3,"D26,D52,D209",2,1482,0.3950946414289523,782,700,0.47233468286099867
4424,3,"D52,D102,D209",2,1481,0.3948280458544388,764,717,0.4841323430114787
3367,3,"D26,D146,D182",2,1470,0.3918954945347907,781,689,0.46870748299319726
3371,3,"D26,D146,D209",2,1470,0.3918954945347907,781,689,0.46870748299319726
3946,3,"D47,D74,D209",3,1470,0.3918954945347907,716,754,0.5129251700680272
3942,3,"D47,D74,D182",3,1469,0.39162889896027725,716,753,0.5125936010891763
4883,3,"D67,D196,D200",3,1458,0.38869634764062916,567,891,0.6111111111111112
6450,3,"D145,D182,D911",2,1458,0.38869634764062916,784,674,0.46227709190672156
6493,3,"D145,D209,D911",2,1458,0.38869634764062916,784,674,0.46227709190672156
6533,3,"D146,D177,D182",2,1457,0.3884297520661157,810,647,0.44406314344543585
6541,3,"D146,D177,D209",2,1457,0.3884297520661157,810,647,0.44406314344543585
4311,3,"D52,D74,D182",2,1455,0.3878965609170888,746,709,0.4872852233676976
4335,3,"D52,D83,D182",2,1454,0.3876299653425753,808,646,0.4442916093535076
4342,3,"D52,D83,D209",2,1454,0.3876299653425753,808,646,0.4442916093535076
4319,3,"D52,D74,D209",2,1452,0.3870967741935484,745,707,0.4869146005509642
6225,3,"D136,D196,D200",3,1452,0.3870967741935484,522,930,0.640495867768595
6936,3,"D182,D209,D218",2,1445,0.3852306051719541,684,761,0.5266435986159169
6151,3,"D126,D177,D182",3,1442,0.38443081844841376,774,668,0.463245492371706
4476,3,"D52,D126,D145",3,1440,0.3838976272993868,753,687,0.47708333333333336
6156,3,"D126,D177,D209",3,1440,0.3838976272993868,774,666,0.4625
6734,3,"D162,D182,D911",2,1428,0.38069848040522525,751,677,0.4740896358543417
6782,3,"D162,D209,D911",2,1428,0.38069848040522525,751,677,0.4740896358543417
3007,3,"D16,D196,D200",2,1427,0.38043188483071183,517,910,0.6377014716187807
2138,3,"D7,D198,D202",3,1425,0.3798986936816849,544,881,0.6182456140350877
6169,3,"D126,D196,D200",3,1422,0.3790989069581445,536,886,0.6230661040787623
4513,3,"D52,D142,D182",2,1420,0.3785657158091176,761,659,0.4640845070422535
6623,3,"D146,D659,D911",2,1419,0.3782991202346041,748,671,0.4728682170542636
6561,3,"D146,D182,D911",1,1417,0.37776592908557716,746,671,0.4735356386732534
6618,3,"D146,D209,D911",1,1417,0.37776592908557716,746,671,0.4735356386732534
4464,3,"D52,D106,D182",2,1415,0.37723273793655027,764,651,0.4600706713780919
5360,3,"D83,D146,D911",2,1415,0.37723273793655027,741,674,0.4763250883392226
5783,3,"D102,D146,D911",2,1415,0.37723273793655027,739,676,0.4777385159010601
4468,3,"D52,D106,D209",2,1414,0.3769661423620368,764,650,0.4596888260254597
4522,3,"D52,D142,D209",2,1414,0.3769661423620368,760,654,0.4625176803394625
5532,3,"D87,D162,D182",3,1412,0.37643295121300985,815,597,0.4228045325779037
5533,3,"D87,D162,D209",3,1412,0.37643295121300985,815,597,0.4228045325779037
5575,3,"D87,D209,D659",3,1411,0.3761663556384964,789,622,0.4408221119773211
5550,3,"D87,D182,D659",3,1409,0.3756331644894695,789,620,0.44002838892831797
6167,3,"D126,D182,D659",3,1407,0.37509997334044254,781,626,0.4449182658137882
4597,3,"D52,D177,D182",2,1406,0.37483337776592907,778,628,0.4466571834992888
6188,3,"D126,D209,D659",3,1406,0.37483337776592907,781,625,0.4445234708392603
4607,3,"D52,D177,D209",2,1402,0.37376699546787523,777,625,0.4457917261055635
6121,3,"D126,D146,D182",2,1402,0.37376699546787523,779,623,0.44436519258202567
6127,3,"D126,D146,D209",2,1402,0.37376699546787523,779,623,0.44436519258202567
4816,3,"D67,D146,D182",2,1399,0.37296720874433487,761,638,0.45604002859185133
4822,3,"D67,D146,D209",2,1399,0.37296720874433487,761,638,0.45604002859185133
2310,3,"D9,D52,D74",3,1397,0.3724340175953079,627,770,0.5511811023622047
4360,3,"D52,D87,D146",2,1396,0.37216742202079445,761,635,0.45487106017191975
4545,3,"D52,D146,D162",2,1395,0.371900826446281,784,611,0.43799283154121865
3914,3,"D47,D52,D182",2,1392,0.3711010397227406,706,686,0.492816091954023
3920,3,"D47,D52,D209",2,1389,0.3703012529992002,707,682,0.49100071994240463
5551,3,"D87,D182,D911",2,1388,0.3700346574246868,727,661,0.4762247838616715
5576,3,"D87,D209,D911",2,1388,0.3700346574246868,727,661,0.4762247838616715
6168,3,"D126,D182,D911",2,1385,0.36923487070114636,744,641,0.4628158844765343
6189,3,"D126,D209,D911",2,1385,0.36923487070114636,744,641,0.4628158844765343
2684,3,"D11,D198,D202",2,1384,0.3689682751266329,539,845,0.6105491329479769
2376,3,"D9,D198,D202",2,1383,0.3687016795521194,525,858,0.6203904555314533
4881,3,"D67,D182,D911",2,1383,0.3687016795521194,722,661,0.4779464931308749
4914,3,"D67,D209,D911",2,1383,0.3687016795521194,722,661,0.4779464931308749
5151,3,"D74,D146,D182",2,1381,0.3681684884030925,729,652,0.4721216509775525
5159,3,"D74,D146,D209",2,1381,0.3681684884030925,729,652,0.4721216509775525
4434,3,"D52,D103,D182",2,1377,0.3671021061050387,685,692,0.5025417574437182
6277,3,"D142,D146,D182",2,1377,0.3671021061050387,754,623,0.4524328249818446
6285,3,"D142,D146,D209",2,1377,0.3671021061050387,754,623,0.4524328249818446
6812,3,"D177,D182,D911",2,1376,0.3668355105305252,724,652,0.4738372093023256
6855,3,"D177,D209,D911",2,1376,0.3668355105305252,724,652,0.4738372093023256
4440,3,"D52,D103,D209",2,1374,0.36630231938149826,685,689,0.5014556040756915
5500,3,"D87,D126,D182",3,1374,0.36630231938149826,727,647,0.4708879184861718
4497,3,"D52,D136,D146",3,1373,0.3660357238069848,738,635,0.46249089584850694
4429,3,"D52,D102,D911",2,1371,0.3655025326579579,710,661,0.48212983223924144
5503,3,"D87,D126,D209",3,1370,0.36523593708344443,726,644,0.47007299270072994
6224,3,"D136,D182,D911",3,1370,0.36523593708344443,696,674,0.491970802919708
6239,3,"D136,D209,D911",3,1370,0.36523593708344443,696,674,0.491970802919708
6005,3,"D106,D146,D182",2,1369,0.36496934150893096,737,632,0.4616508400292184
6010,3,"D106,D146,D209",2,1369,0.36496934150893096,737,632,0.4616508400292184
5262,3,"D83,D87,D182",3,1365,0.3639029592108771,746,619,0.4534798534798535
5266,3,"D83,D87,D209",3,1365,0.3639029592108771,746,619,0.4534798534798535
4695,3,"D52,D659,D911",2,1364,0.36363636363636365,716,648,0.4750733137829912
3585,3,"D39,D52,D182",2,1363,0.3633697680618502,691,672,0.4930300807043287
3594,3,"D39,D52,D209",2,1359,0.36230338576379634,691,668,0.4915378955114054
6230,3,"D136,D198,D202",3,1359,0.36230338576379634,498,861,0.6335540838852097
6531,3,"D146,D162,D911",2,1354,0.36097040789122903,715,639,0.47193500738552435
6143,3,"D126,D162,D182",3,1349,0.35963743001866166,743,606,0.4492216456634544
6147,3,"D126,D162,D209",3,1349,0.35963743001866166,743,606,0.4492216456634544
2677,3,"D11,D196,D200",2,1348,0.35937083444414825,479,869,0.6446587537091988
3996,3,"D47,D146,D182",2,1346,0.3588376432951213,710,636,0.4725111441307578
4001,3,"D47,D146,D209",2,1346,0.3588376432951213,710,636,0.4725111441307578
4561,3,"D52,D146,D659",2,1346,0.3588376432951213,749,597,0.44353640416047546
4346,3,"D52,D83,D911",2,1345,0.3585710477206078,701,644,0.4788104089219331
4260,3,"D52,D67,D182",2,1343,0.35803785657158094,731,612,0.45569620253164556
4411,3,"D52,D102,D146",2,1342,0.35777126099706746,715,627,0.4672131147540984
4267,3,"D52,D67,D209",2,1341,0.357504665422554,731,610,0.45488441461595824
4481,3,"D52,D126,D182",2,1335,0.3559050919754732,718,617,0.46217228464419474
4486,3,"D52,D126,D209",2,1331,0.3548387096774194,718,613,0.46055597295266715
1899,3,"D5,D198,D202",2,1329,0.3543055185283924,493,836,0.6290443942814146
2356,3,"D9,D146,D182",2,1326,0.35350573180485206,650,676,0.5098039215686274
2361,3,"D9,D146,D209",2,1326,0.35350573180485206,650,676,0.5098039215686274
4595,3,"D52,D162,D911",2,1325,0.3532391362303386,697,628,0.4739622641509434
1866,3,"D5,D146,D182",2,1324,0.3529725406558251,711,613,0.46299093655589124
1867,3,"D5,D146,D209",2,1324,0.3529725406558251,711,613,0.46299093655589124
3390,3,"D26,D182,D911",2,1324,0.3529725406558251,675,649,0.4901812688821752
3409,3,"D26,D209,D911",2,1324,0.3529725406558251,675,649,0.4901812688821752
5209,3,"D74,D196,D200",2,1324,0.3529725406558251,489,835,0.6306646525679759
6130,3,"D126,D146,D911",2,1323,0.35270594508131164,714,609,0.4603174603174603
4543,3,"D52,D145,D911",2,1321,0.3521727539322847,709,612,0.46328538985616957
4329,3,"D52,D83,D146",2,1315,0.350573180485204,723,592,0.45019011406844106
2299,3,"D9,D17,D52",3,1312,0.34977339376166355,593,719,0.5480182926829268
6133,3,"D126,D152,D182",2,1309,0.3489736070381232,709,600,0.45836516424751717
6139,3,"D126,D152,D209",2,1309,0.3489736070381232,709,600,0.45836516424751717
2707,3,"D15,D182,D209",1,1308,0.3487070114636097,691,617,0.4717125382262997
6869,3,"D182,D196,D209",2,1308,0.3487070114636097,686,622,0.47553516819571867
5528,3,"D87,D146,D911",2,1303,0.3473740335910424,686,617,0.47352264006139677
1614,3,"D5,D26,D182",3,1301,0.34684084244201546,663,638,0.49039200614911604
3116,3,"D17,D52,D182",2,1301,0.34684084244201546,679,622,0.47809377401998465
4086,3,"D50,D52,D182",2,1300,0.346574246867502,675,625,0.4807692307692308
1615,3,"D5,D26,D209",3,1298,0.3460410557184751,663,635,0.48921417565485364
3123,3,"D17,D52,D209",2,1297,0.3457744601439616,678,619,0.4772552043176561
4825,3,"D67,D146,D911",2,1297,0.3457744601439616,679,618,0.4764841942945258
4087,3,"D50,D52,D209",2,1296,0.34550786456944815,675,621,0.4791666666666667
2373,3,"D9,D196,D200",2,1295,0.3452412689949347,476,819,0.6324324324324324
3293,3,"D26,D52,D146",2,1293,0.34470807784590773,694,599,0.46326372776488783
6150,3,"D126,D162,D911",3,1293,0.34470807784590773,686,607,0.4694508894044857
5707,3,"D100,D196,D200",2,1291,0.34417488669688084,464,827,0.6405886909372579
6930,3,"D182,D208,D209",1,1288,0.3433750999733404,732,556,0.43167701863354035
6219,3,"D136,D146,D911",3,1287,0.34310850439882695,662,625,0.48562548562548563
2324,3,"D9,D52,D202",2,1270,0.33857637963209813,573,697,0.5488188976377952
6119,3,"D126,D146,D162",3,1265,0.33724340175953077,700,565,0.44664031620553357
6657,3,"D152,D182,D659",2,1265,0.33724340175953077,700,565,0.44664031620553357
6700,3,"D152,D209,D659",2,1265,0.33724340175953077,700,565,0.44664031620553357
1668,3,"D5,D50,D209",3,1264,0.33697680618501735,621,643,0.5087025316455697
1664,3,"D5,D50,D182",3,1263,0.3367102106105039,620,643,0.5091053048297703
4489,3,"D52,D126,D911",2,1263,0.3367102106105039,679,584,0.46239113222486145
6896,3,"D182,D199,D209",1,1260,0.33591042388696346,637,623,0.49444444444444446
1522,3,"D5,D9,D182",3,1259,0.33564382831245,603,656,0.5210484511517077
1529,3,"D5,D9,D209",3,1257,0.3351106371634231,603,654,0.5202863961813843
4089,3,"D50,D196,D200",2,1256,0.3348440415889096,470,786,0.6257961783439491
4680,3,"D52,D202,D911",2,1256,0.3348440415889096,605,651,0.518312101910828
5517,3,"D87,D146,D162",3,1254,0.3343108504398827,712,542,0.43221690590111644
3372,3,"D26,D146,D911",2,1252,0.3337776592908558,641,611,0.48801916932907347
1613,3,"D5,D26,D52",3,1251,0.3335110637163423,626,625,0.49960031974420466
5214,3,"D74,D198,D202",2,1251,0.3335110637163423,451,800,0.6394884092725819
4270,3,"D52,D67,D911",2,1249,0.33297787256731537,652,597,0.477982385908727
4057,3,"D47,D209,D659",3,1247,0.3324446814182885,648,599,0.48035284683239776
4377,3,"D52,D87,D911",2,1247,0.3324446814182885,653,594,0.47634322373696875
5786,3,"D102,D152,D182",2,1247,0.3324446814182885,659,588,0.4715316760224539
4035,3,"D47,D182,D659",3,1246,0.332178085843775,648,598,0.4799357945425361
4562,3,"D52,D146,D911",1,1246,0.332178085843775,670,576,0.4622792937399679
4828,3,"D67,D152,D182",2,1246,0.332178085843775,683,563,0.4518459069020867
4834,3,"D67,D152,D209",2,1246,0.332178085843775,683,563,0.4518459069020867
5795,3,"D102,D152,D209",2,1245,0.33191149026926153,658,587,0.4714859437751004
2338,3,"D9,D87,D182",3,1244,0.33164489469474806,595,649,0.5217041800643086
5363,3,"D83,D152,D182",2,1243,0.3313782991202346,681,562,0.45213193885760256
5368,3,"D83,D152,D209",2,1243,0.3313782991202346,681,562,0.45213193885760256
2340,3,"D9,D87,D209",3,1240,0.3305785123966942,595,645,0.5201612903225806
3067,3,"D17,D146,D182",2,1238,0.3300453212476673,627,611,0.49353796445880455
3068,3,"D17,D146,D209",2,1238,0.3300453212476673,627,611,0.49353796445880455
3308,3,"D26,D52,D911",2,1233,0.32871234337509997,631,602,0.4882400648824006
4036,3,"D47,D182,D911",2,1233,0.32871234337509997,622,611,0.4955393349553934
4058,3,"D47,D209,D911",2,1233,0.32871234337509997,622,611,0.4955393349553934
2058,3,"D7,D52,D209",2,1228,0.32737936550253266,624,604,0.49185667752442996
4477,3,"D52,D126,D146",2,1222,0.3257797920554519,675,547,0.44762684124386254
1697,3,"D5,D52,D202",2,1220,0.32524660090642493,574,646,0.5295081967213114
5529,3,"D87,D152,D182",2,1219,0.3249800053319115,655,564,0.46267432321575064
2981,3,"D16,D52,D182",2,1218,0.32471340975739804,591,627,0.5147783251231527
3906,3,"D47,D52,D102",3,1218,0.32471340975739804,588,630,0.5172413793103449
5530,3,"D87,D152,D209",2,1218,0.32471340975739804,654,564,0.4630541871921182
2985,3,"D16,D52,D209",2,1216,0.3241802186083711,592,624,0.5131578947368421
4610,3,"D52,D177,D911",2,1216,0.3241802186083711,633,583,0.47944078947368424
6332,3,"D142,D182,D911",2,1215,0.3239136230338576,643,572,0.4707818930041152
6381,3,"D142,D209,D911",2,1215,0.3239136230338576,643,572,0.4707818930041152
2317,3,"D9,D52,D146",2,1213,0.32338043188483073,614,599,0.49381698268755153
5009,3,"D70,D196,D200",2,1211,0.3228472407358038,456,755,0.6234516928158547
2137,3,"D7,D198,D201",3,1210,0.3225806451612903,457,753,0.6223140495867768
3071,3,"D17,D182,D911",2,1208,0.3220474540122634,607,601,0.49751655629139074
3072,3,"D17,D209,D911",2,1208,0.3220474540122634,607,601,0.49751655629139074
5546,3,"D87,D182,D202",2,1208,0.3220474540122634,581,627,0.5190397350993378
6736,3,"D162,D196,D200",2,1208,0.3220474540122634,509,699,0.5786423841059603
5570,3,"D87,D202,D209",2,1206,0.3215142628632365,581,625,0.5182421227197347
3949,3,"D47,D83,D182",3,1203,0.32071447613969606,616,587,0.48794679966749793
3950,3,"D47,D83,D209",3,1203,0.32071447613969606,616,587,0.48794679966749793
5675,3,"D99,D196,D200",2,1203,0.32071447613969606,423,780,0.6483790523690773
6503,3,"D146,D152,D182",1,1200,0.3199146894161557,667,533,0.44416666666666665
6512,3,"D146,D152,D209",1,1200,0.3199146894161557,667,533,0.44416666666666665
5888,3,"D103,D146,D182",2,1199,0.3196480938416422,592,607,0.5062552126772311
5893,3,"D103,D146,D209",2,1199,0.3196480938416422,592,607,0.5062552126772311
4546,3,"D52,D146,D177",2,1197,0.3191149026926153,659,538,0.4494569757727652
4254,3,"D52,D67,D146",2,1196,0.31884830711810186,653,543,0.4540133779264214
6515,3,"D146,D152,D659",2,1193,0.31804852039456144,664,529,0.44341994970662196
5691,3,"D100,D146,D182",2,1192,0.31778192482004797,613,579,0.48573825503355705
5692,3,"D100,D146,D209",2,1192,0.31778192482004797,613,579,0.48573825503355705
3010,3,"D16,D198,D202",2,1191,0.31751532924553455,402,789,0.6624685138539043
6118,3,"D126,D146,D152",2,1191,0.31751532924553455,664,527,0.4424853064651553
6449,3,"D145,D182,D659",2,1191,0.31751532924553455,666,525,0.44080604534005036
4803,3,"D67,D145,D182",2,1190,0.3172487336710211,649,541,0.4546218487394958
6492,3,"D145,D209,D659",2,1190,0.3172487336710211,666,524,0.4403361344537815
3958,3,"D47,D87,D209",3,1187,0.31644894694748066,589,598,0.5037910699241785
4809,3,"D67,D145,D209",2,1187,0.31644894694748066,649,538,0.45324347093513057
3513,3,"D30,D196,D200",2,1186,0.3161823513729672,452,734,0.6188870151770658
5755,3,"D102,D145,D182",2,1185,0.31591575579845377,630,555,0.46835443037974683
3910,3,"D47,D52,D146",2,1183,0.3153825646494268,622,561,0.474218089602705
3957,3,"D47,D87,D182",3,1183,0.3153825646494268,588,595,0.5029585798816568
5344,3,"D83,D146,D152",2,1182,0.31511596907491335,655,527,0.44585448392554994
5764,3,"D102,D145,D209",2,1182,0.31511596907491335,629,553,0.46785109983079526
3505,3,"D30,D52,D182",2,1181,0.3148493735003999,601,580,0.4911092294665538
3507,3,"D30,D52,D209",2,1180,0.3145827779258864,602,578,0.48983050847457626
5513,3,"D87,D145,D182",2,1179,0.314316182351373,635,544,0.46140797285835455
4393,3,"D52,D100,D182",2,1176,0.31351639562783257,602,574,0.4880952380952381
4394,3,"D52,D100,D209",2,1176,0.31351639562783257,602,574,0.4880952380952381
5514,3,"D87,D145,D209",2,1176,0.31351639562783257,635,541,0.46003401360544216
6106,3,"D126,D145,D152",2,1170,0.3119168221807518,632,538,0.4598290598290598
6333,3,"D142,D196,D200",2,1170,0.3119168221807518,425,745,0.6367521367521367
2590,3,"D11,D52,D202",2,1168,0.3113836310317249,573,595,0.509417808219178
4623,3,"D52,D182,D218",2,1167,0.3111170354572114,559,608,0.5209940017137961
4688,3,"D52,D209,D218",2,1166,0.31085043988269795,560,606,0.5197255574614065
6704,3,"D152,D659,D911",2,1166,0.31085043988269795,626,540,0.4631217838765009
3852,3,"D45,D196,D200",2,1164,0.310317248733671,427,737,0.6331615120274914
6658,3,"D152,D182,D911",1,1164,0.310317248733671,624,540,0.4639175257731959
6701,3,"D152,D209,D911",1,1164,0.310317248733671,624,540,0.4639175257731959
3923,3,"D47,D52,D911",2,1163,0.3100506531591576,583,580,0.49871023215821153
5371,3,"D83,D152,D911",2,1163,0.3100506531591576,621,542,0.4660361134995701
2066,3,"D7,D146,D182",2,1159,0.3089842708611037,591,568,0.4900776531492666
2068,3,"D7,D146,D209",2,1159,0.3089842708611037,591,568,0.4900776531492666
4509,3,"D52,D142,D146",2,1157,0.3084510797120768,639,518,0.44770959377700953
4618,3,"D52,D182,D202",1,1157,0.3084510797120768,576,581,0.5021607605877269
5768,3,"D102,D146,D152",2,1157,0.3084510797120768,631,526,0.4546240276577355
5913,3,"D103,D198,D202",2,1157,0.3084510797120768,463,694,0.5998271391529818
6403,3,"D145,D152,D182",1,1155,0.30791788856304986,627,528,0.45714285714285713
6412,3,"D145,D152,D209",1,1155,0.30791788856304986,627,528,0.45714285714285713
2372,3,"D9,D182,D911",2,1154,0.3076512929885364,562,592,0.512998266897747
2388,3,"D9,D209,D911",2,1154,0.3076512929885364,562,592,0.512998266897747
4003,3,"D47,D146,D911",2,1154,0.3076512929885364,587,567,0.4913344887348354
4675,3,"D52,D202,D209",1,1154,0.3076512929885364,576,578,0.5008665511265165
5335,3,"D83,D145,D182",2,1153,0.3073846974140229,642,511,0.44319167389418906
5340,3,"D83,D145,D209",2,1153,0.3073846974140229,642,511,0.44319167389418906
6141,3,"D126,D152,D911",2,1153,0.3073846974140229,621,532,0.4614050303555941
4812,3,"D67,D146,D152",2,1152,0.30711810183950944,642,510,0.4427083333333333
2375,3,"D9,D198,D201",2,1151,0.306851506264996,438,713,0.6194613379669852
6625,3,"D152,D162,D182",2,1151,0.306851506264996,632,519,0.45091225021720244
6631,3,"D152,D162,D209",2,1151,0.306851506264996,632,519,0.45091225021720244
3838,3,"D45,D146,D182",2,1144,0.30498533724340177,655,489,0.42744755244755245
3840,3,"D45,D146,D209",2,1144,0.30498533724340177,655,489,0.42744755244755245
4075,3,"D47,D196,D200",2,1140,0.30391895494534793,397,743,0.6517543859649123
3066,3,"D17,D52,D911",2,1139,0.30365235937083446,579,560,0.4916593503072871
4371,3,"D52,D87,D202",2,1139,0.30365235937083446,553,586,0.514486391571554
5480,3,"D87,D196,D200",2,1139,0.30365235937083446,452,687,0.6031606672519754
3069,3,"D17,D146,D911",2,1138,0.303385763796321,578,560,0.492091388400703
4659,3,"D52,D200,D209",2,1138,0.303385763796321,655,483,0.4244288224956063
4615,3,"D52,D182,D200",2,1137,0.3031191682218075,655,482,0.4239226033421284
6347,3,"D142,D198,D202",2,1134,0.30231938149826715,438,696,0.6137566137566137
1878,3,"D5,D182,D202",2,1133,0.3020527859237537,533,600,0.529567519858782
1920,3,"D5,D202,D209",2,1133,0.3020527859237537,532,601,0.53045013239188
2370,3,"D9,D182,D202",2,1131,0.30151959477472673,518,613,0.5419982316534041
1898,3,"D5,D198,D201",2,1127,0.3004532124766729,423,704,0.6246672582076309
2321,3,"D9,D52,D198",2,1126,0.3001866169021594,512,614,0.5452930728241563
6885,3,"D182,D198,D209",1,1126,0.3001866169021594,529,597,0.5301953818827708
2386,3,"D9,D202,D209",2,1125,0.29992002132764595,516,609,0.5413333333333333
6992,3,"D196,D200,D202",1,1124,0.2996534257531325,397,727,0.646797153024911
4438,3,"D52,D103,D202",2,1123,0.29938683017861906,534,589,0.5244879786286732
6913,3,"D182,D201,D209",1,1122,0.2991202346041056,513,609,0.5427807486631016
6049,3,"D106,D182,D911",2,1120,0.29858704345507864,576,544,0.4857142857142857
6072,3,"D106,D209,D911",2,1120,0.29858704345507864,576,544,0.4857142857142857
6516,3,"D146,D152,D911",1,1118,0.2980538523060517,606,512,0.45796064400715564
2326,3,"D9,D52,D911",2,1117,0.2977872567315383,549,568,0.5085049239033125
2151,3,"D8,D52,D182",2,1114,0.29698747000799786,546,568,0.5098743267504489
4837,3,"D67,D152,D911",2,1114,0.29698747000799786,598,516,0.4631956912028725
5516,3,"D87,D146,D152",2,1112,0.29645427885897097,617,495,0.44514388489208634
2152,3,"D8,D52,D209",2,1111,0.2961876832844575,546,565,0.5085508550855086
4800,3,"D67,D145,D152",2,1111,0.2961876832844575,607,504,0.45364536453645365
6415,3,"D145,D152,D659",2,1103,0.29405491868834976,616,487,0.44152311876699907
6105,3,"D126,D145,D146",2,1102,0.2937883231138363,617,485,0.4401088929219601
4460,3,"D52,D106,D146",2,1100,0.2932551319648094,598,502,0.45636363636363636
3373,3,"D26,D152,D182",2,1094,0.2916555585177286,566,528,0.4826325411334552
3374,3,"D26,D152,D209",2,1094,0.2916555585177286,566,528,0.4826325411334552
5095,3,"D74,D102,D182",2,1094,0.2916555585177286,531,563,0.5146252285191956
2362,3,"D9,D146,D911",2,1093,0.29138896294321515,539,554,0.5068618481244281
4421,3,"D52,D102,D202",2,1093,0.29138896294321515,534,559,0.5114364135407137
4965,3,"D70,D182,D911",2,1093,0.29138896294321515,570,523,0.4784995425434584
4966,3,"D70,D209,D911",2,1093,0.29138896294321515,570,523,0.4784995425434584
