feature,minimum,maximum,variance,unique_values,zero_fraction,dominant_bin,dominant_bin_lower,dominant_bin_upper,dominant_bin_count,dominant_bin_fraction,retained
D183,0.0,1.0,0.00046666182203328253,454,0.00026659557451346307,9,0.9,1.0,3745,0.9984004265529193,False
D148,0.0,0.833333333,0.00022777785015980025,8,0.9800053319114903,0,0.0,0.0833333333,3745,0.9984004265529193,False
D486,0.0,1.0,0.0003781303009408962,10,0.9893361770194615,0,0.0,0.1,3742,0.9976006398293789,False
D567,0.0,0.909502262,0.0004449473994492459,19,0.9880031991468942,0,0.0,0.0909502262,3742,0.9976006398293789,False
D396,0.0,1.0,0.000719616509725237,6,0.9898693681684884,0,0.0,0.1,3738,0.996534257531325,False
D268,0.0,1.0,0.0007160463293406108,8,0.9880031991468942,0,0.0,0.1,3737,0.9962676619568115,False
D883,0.0,0.923076923,0.0007231937807463016,10,0.9824046920821115,0,0.0,0.0923076923,3737,0.9962676619568115,False
D780,0.0,1.0,0.00045937482617172085,16,0.9896027725939749,0,0.0,0.1,3736,0.996001066382298,False
D553,0.0,1.0,0.0007548651944905371,10,0.9882697947214076,0,0.0,0.1,3734,0.9954678752332712,False
D708,0.0,1.0,0.0007307555229293172,8,0.9848040522527326,0,0.0,0.1,3734,0.9954678752332712,False
D946,0.0,1.0,0.0006903933787394416,19,0.9885363902959211,0,0.0,0.1,3733,0.9952012796587577,False
D774,0.0,0.743589744,0.0005393414671971061,24,0.9765395894428153,0,0.0,0.0743589744,3732,0.9949346840842442,False
D565,0.0,1.0,0.0008173868353701868,10,0.9874700079978672,0,0.0,0.1,3732,0.9949346840842442,False
D593,0.0,1.0,0.0008342366214264011,12,0.9882697947214076,0,0.0,0.1,3732,0.9949346840842442,False
D706,0.0,1.0,0.0008379963359416384,8,0.9725406558251133,0,0.0,0.1,3731,0.9946680885097308,False
D134,0.0,0.857142857,0.0005295218741238973,7,0.9762729938683018,0,0.0,0.0857142857,3730,0.9944014929352173,False
D552,0.0,0.875,0.0007813415622713888,8,0.989069581444948,0,0.0,0.0875,3728,0.9938683017861903,False
D95,0.0,0.630370448,0.0005381763557896419,1333,0.0007997867235403892,0,0.0,0.0630370448,3726,0.9933351106371634,False
D564,0.0,1.0,0.0012631215522807859,13,0.9834710743801653,0,0.0,0.1,3725,0.9930685150626499,False
D944,0.0,1.0,0.0008407296375553375,8,0.9869368168488403,0,0.0,0.1,3723,0.992535323913623,False
D760,0.0,1.0,0.0013838600913970679,9,0.9885363902959211,0,0.0,0.1,3722,0.9922687283391096,False
D759,0.0,0.882352941,0.0007676168903912186,8,0.9872034124233537,0,0.0,0.0882352941,3722,0.9922687283391096,False
D478,0.0,1.0,0.0009050191629358956,11,0.9709410823780326,0,0.0,0.1,3719,0.9914689416155692,False
D352,0.0,1.0,0.0013599687100126206,9,0.9858704345507865,0,0.0,0.1,3719,0.9914689416155692,False
D758,0.0,0.916666667,0.0009606467508119749,8,0.9794721407624634,0,0.0,0.0916666667,3718,0.9912023460410557,False
D743,0.0,0.977272727,0.0009822519700356288,17,0.959744068248467,0,0.0,0.0977272727,3718,0.9912023460410557,False
D522,0.0,1.0,0.0009745243544675845,12,0.9706744868035191,0,0.0,0.1,3717,0.9909357504665423,False
D589,0.0,1.0,0.001136568171205109,16,0.9618768328445748,0,0.0,0.1,3716,0.9906691548920288,False
D653,0.0,1.0,0.0010247676909928966,9,0.9757398027192749,0,0.0,0.1,3716,0.9906691548920288,False
D855,0.0,1.0,0.001039722006330564,7,0.989069581444948,0,0.0,0.1,3716,0.9906691548920288,False
D528,0.0,1.0,0.001217202342232434,13,0.9768061850173287,0,0.0,0.1,3714,0.9901359637430018,False
D707,0.0,1.0,0.0007919661179392996,9,0.9789389496134364,0,0.0,0.1,3714,0.9901359637430018,False
D833,0.0,1.0,0.001213033950126593,6,0.9898693681684884,0,0.0,0.1,3713,0.9898693681684884,False
D601,0.0,1.0,0.0017909340892282965,4,0.9898693681684884,0,0.0,0.1,3713,0.9898693681684884,False
D330,0.0,1.0,0.001222769991274343,4,0.9898693681684884,0,0.0,0.1,3713,0.9898693681684884,False
D602,0.0,0.5,0.0011227966508317944,3,0.9898693681684884,0,0.0,0.05,3713,0.9898693681684884,False
D383,0.0,1.0,0.0010056458062796157,6,0.9898693681684884,0,0.0,0.1,3713,0.9898693681684884,False
D550,0.0,1.0,0.001100843908693924,12,0.9717408691015729,0,0.0,0.1,3713,0.9898693681684884,False
D578,0.0,0.5,0.00036708086410228407,6,0.9896027725939749,0,0.0,0.05,3712,0.9896027725939749,False
D508,0.0,1.0,0.0005713641207274967,5,0.9896027725939749,0,0.0,0.1,3712,0.9896027725939749,False
D262,0.0,1.0,0.0008498316229933587,8,0.9744068248467076,0,0.0,0.1,3711,0.9893361770194615,False
D264,0.0,1.0,0.0006742936620971102,5,0.9893361770194615,0,0.0,0.1,3711,0.9893361770194615,False
D274,0.0,1.0,0.0040263323364369335,3,0.9893361770194615,0,0.0,0.1,3711,0.9893361770194615,False
D884,0.0,1.0,0.0008319895464115461,7,0.989069581444948,0,0.0,0.1,3710,0.989069581444948,False
D681,0.0,0.666666667,0.0012848455220006657,5,0.989069581444948,0,0.0,0.0666666667,3710,0.989069581444948,False
D467,0.0,0.3,0.00017051491325409285,6,0.989069581444948,0,0.0,0.03,3710,0.989069581444948,False
D867,0.0,1.0,0.002460222995009026,10,0.989069581444948,0,0.0,0.1,3710,0.989069581444948,False
D273,0.0,0.75,0.0011714640247715688,4,0.9888029858704346,0,0.0,0.075,3709,0.9888029858704346,False
D798,0.0,1.0,0.0010125376856760706,6,0.9888029858704346,0,0.0,0.1,3709,0.9888029858704346,False
D321,0.0,0.375,0.00036712639537125826,4,0.9888029858704346,0,0.0,0.0375,3709,0.9888029858704346,False
D409,0.0,1.0,0.0013533492286176812,4,0.9885363902959211,0,0.0,0.1,3708,0.9885363902959211,False
D898,0.0,0.428571429,0.0004194465370774361,7,0.9885363902959211,0,0.0,0.0428571429,3708,0.9885363902959211,False
D865,0.0,1.0,0.0012045504691953488,10,0.9826712876566249,0,0.0,0.1,3708,0.9885363902959211,False
D144,0.0,0.878787879,0.000537405119515168,11,0.942415355905092,0,0.0,0.0878787879,3708,0.9885363902959211,False
D532,0.0,1.0,0.002637578760667789,9,0.9866702212743268,0,0.0,0.1,3708,0.9885363902959211,False
D236,0.0,1.0,0.0027746924427581206,45,0.9882697947214076,0,0.0,0.1,3707,0.9882697947214076,False
D832,0.0,1.0,0.0013950208280748202,5,0.9882697947214076,0,0.0,0.1,3707,0.9882697947214076,False
D866,0.0,1.0,0.001361931585315129,9,0.9845374566782191,0,0.0,0.1,3707,0.9882697947214076,False
D616,0.0,0.5,0.0014180080726362422,3,0.9882697947214076,0,0.0,0.05,3707,0.9882697947214076,False
D876,0.0,1.0,0.0014993049556864123,5,0.9880031991468942,0,0.0,0.1,3706,0.9880031991468942,False
D579,0.0,1.0,0.003085234322300334,5,0.9880031991468942,0,0.0,0.1,3706,0.9880031991468942,False
D704,0.0,0.913043478,0.0011850092062278476,11,0.9370834444148227,0,0.0,0.09130434779999999,3706,0.9880031991468942,False
D592,0.0,1.0,0.0016673318213395187,11,0.978139162889896,0,0.0,0.1,3706,0.9880031991468942,False
D819,0.0,1.0,0.0013105320674817297,11,0.9778725673153825,0,0.0,0.1,3706,0.9880031991468942,False
D231,0.0,1.0,0.0031615491711763197,3,0.9880031991468942,0,0.0,0.1,3706,0.9880031991468942,False
D531,0.0,1.0,0.0020396561846407132,10,0.9864036256998134,0,0.0,0.1,3706,0.9880031991468942,False
D367,0.0,1.0,0.0010199557042021214,5,0.9877366035723807,0,0.0,0.1,3705,0.9877366035723807,False
D410,0.0,1.0,0.0013523719721128661,4,0.9877366035723807,0,0.0,0.1,3705,0.9877366035723807,False
D864,0.0,1.0,0.0010685445763307768,11,0.977605971740869,0,0.0,0.1,3704,0.9874700079978672,False
D551,0.0,0.888888889,0.0009936502297229891,10,0.9794721407624634,0,0.0,0.08888888889999999,3704,0.9874700079978672,False
D850,0.0,1.0,0.0016586523341398486,9,0.9874700079978672,0,0.0,0.1,3704,0.9874700079978672,False
D591,0.0,0.842105263,0.000941437921216383,10,0.9757398027192749,0,0.0,0.0842105263,3704,0.9874700079978672,False
D734,0.0,0.666666667,0.0009382215238300425,4,0.9874700079978672,0,0.0,0.0666666667,3704,0.9874700079978672,False
D283,0.0,1.0,0.002029513004299005,5,0.9874700079978672,0,0.0,0.1,3704,0.9874700079978672,False
D948,0.0,0.916666667,0.0012701997264445999,11,0.9872034124233537,0,0.0,0.0916666667,3703,0.9872034124233537,False
D562,0.0,0.931034483,0.0011052841462455883,14,0.9632098107171421,0,0.0,0.0931034483,3703,0.9872034124233537,False
D920,0.0,1.0,0.001715060146211344,8,0.9872034124233537,0,0.0,0.1,3703,0.9872034124233537,False
D465,0.0,0.705882353,0.0007049039593786444,9,0.9770727805918422,0,0.0,0.0705882353,3703,0.9872034124233537,False
D491,0.0,1.0,0.001510595486098402,6,0.9872034124233537,0,0.0,0.1,3703,0.9872034124233537,False
D530,0.0,0.466666667,0.00046609195096032586,8,0.9869368168488403,0,0.0,0.0466666667,3702,0.9869368168488403,False
D680,0.0,1.0,0.0012406715536125406,7,0.9869368168488403,0,0.0,0.1,3702,0.9869368168488403,False
D316,0.0,1.0,0.0018324314618030236,8,0.9869368168488403,0,0.0,0.1,3702,0.9869368168488403,False
D908,0.0,1.0,0.0007100612501733298,5,0.9866702212743268,0,0.0,0.1,3701,0.9866702212743268,False
D882,0.0,0.733333333,0.0006178623376042092,11,0.9549453479072247,0,0.0,0.0733333333,3701,0.9866702212743268,False
D773,0.0,0.444444444,0.00032979272695742056,11,0.9784057584644095,0,0.0,0.0444444444,3701,0.9866702212743268,False
D594,0.0,1.0,0.001963411374313335,6,0.9866702212743268,0,0.0,0.1,3701,0.9866702212743268,False
D329,0.0,1.0,0.0012135777389070547,5,0.9866702212743268,0,0.0,0.1,3701,0.9866702212743268,False
D344,0.0,0.75,0.0007358414017731219,7,0.9864036256998134,0,0.0,0.075,3700,0.9864036256998134,False
D424,0.0,1.0,0.0014716706093651282,14,0.9784057584644095,0,0.0,0.1,3700,0.9864036256998134,False
D654,0.0,0.5,0.0014814053673485878,3,0.9864036256998134,0,0.0,0.05,3700,0.9864036256998134,False
D818,0.0,1.0,0.0010430309512369583,8,0.9760063982937883,0,0.0,0.1,3700,0.9864036256998134,False
D287,0.0,1.0,0.004541044453372817,3,0.9864036256998134,0,0.0,0.1,3700,0.9864036256998134,False
D382,0.0,1.0,0.0026457390445346896,8,0.9864036256998134,0,0.0,0.1,3700,0.9864036256998134,False
D154,0.0,1.0,0.000841154042501601,17,0.9109570781125034,0,0.0,0.1,3699,0.9861370301253,False
D343,0.0,0.846153846,0.0009400338936600099,8,0.9808051186350306,0,0.0,0.0846153846,3699,0.9861370301253,False
D733,0.0,1.0,0.002075115346473678,5,0.9861370301253,0,0.0,0.1,3699,0.9861370301253,False
D317,0.0,1.0,0.004803517782265972,3,0.9861370301253,0,0.0,0.1,3699,0.9861370301253,False
D849,0.0,0.888888889,0.002088097283774245,8,0.9858704345507865,0,0.0,0.08888888889999999,3698,0.9858704345507865,False
D587,0.0,1.0,0.0008322279946733626,14,0.9346840842442016,0,0.0,0.1,3698,0.9858704345507865,False
D282,0.0,1.0,0.0014560396975096168,6,0.9858704345507865,0,0.0,0.1,3698,0.9858704345507865,False
D290,0.0,0.75,0.0016456821858079466,4,0.9858704345507865,0,0.0,0.075,3698,0.9858704345507865,False
D456,0.0,0.793103448,0.0011477918632056198,16,0.9709410823780326,0,0.0,0.0793103448,3698,0.9858704345507865,False
D523,0.0,1.0,0.0036805256801332137,3,0.9858704345507865,0,0.0,0.1,3698,0.9858704345507865,False
D943,0.0,1.0,0.0017243224609578927,7,0.9858704345507865,0,0.0,0.1,3698,0.9858704345507865,False
D454,0.0,1.0,0.0008779345057490245,22,0.9162889896027726,0,0.0,0.1,3698,0.9858704345507865,False
D919,0.0,1.0,0.0023005407821705594,7,0.985603838976273,0,0.0,0.1,3697,0.985603838976273,False
D265,0.0,1.0,0.0019468690147418216,8,0.985603838976273,0,0.0,0.1,3697,0.985603838976273,False
D588,0.0,1.0,0.0012470321959883591,14,0.9504132231404959,0,0.0,0.1,3697,0.985603838976273,False
D251,0.0,0.5,0.0009524786103426716,3,0.9853372434017595,0,0.0,0.05,3696,0.9853372434017595,False
D422,0.0,1.0,0.0018321913048193542,15,0.9520127965875766,0,0.0,0.1,3696,0.9853372434017595,False
D651,0.0,1.0,0.0018986573716364024,6,0.9853372434017595,0,0.0,0.1,3696,0.9853372434017595,False
D538,0.0,0.833333333,0.0013248383526493733,7,0.9685417222074113,0,0.0,0.0833333333,3696,0.9853372434017595,False
D261,0.0,1.0,0.0011011848453315676,11,0.9666755531858171,0,0.0,0.1,3695,0.9850706478272461,False
D455,0.0,1.0,0.0013534657185608526,21,0.9426819514796054,0,0.0,0.1,3695,0.9850706478272461,False
D863,0.0,1.0,0.0008626047766431597,11,0.9741402292721941,0,0.0,0.1,3694,0.9848040522527326,False
D138,0.0,1.0,0.0010078041451996498,10,0.9546787523327113,0,0.0,0.1,3694,0.9848040522527326,False
D320,0.0,1.0,0.0009371756618922773,6,0.9848040522527326,0,0.0,0.1,3694,0.9848040522527326,False
D630,0.0,0.235294118,0.00019221414456288945,5,0.9848040522527326,0,0.0,0.0235294118,3694,0.9848040522527326,False
D529,0.0,0.8125,0.0009927876648693913,9,0.9784057584644095,0,0.0,0.08125,3694,0.9848040522527326,False
D772,0.0,0.47826087,0.00047714458930579355,11,0.9736070381231672,0,0.0,0.047826087,3694,0.9848040522527326,False
D246,0.0,1.0,0.0016982397393613604,58,0.9845374566782191,0,0.0,0.1,3693,0.9845374566782191,False
D366,0.0,1.0,0.002634612463780209,4,0.9845374566782191,0,0.0,0.1,3693,0.9845374566782191,False
D267,0.0,1.0,0.0016444561731019068,4,0.9845374566782191,0,0.0,0.1,3693,0.9845374566782191,False
D669,0.0,0.714285714,0.0009804938022686838,8,0.9818715009330845,0,0.0,0.0714285714,3693,0.9845374566782191,False
D797,0.0,1.0,0.001382267137010154,6,0.9845374566782191,0,0.0,0.1,3693,0.9845374566782191,False
D328,0.0,1.0,0.001446925981028715,4,0.9845374566782191,0,0.0,0.1,3693,0.9845374566782191,False
D260,0.0,1.0,0.0021657563556290527,9,0.960277259397494,0,0.0,0.1,3693,0.9845374566782191,False
D757,0.0,1.0,0.0011061741892194434,9,0.9664089576113036,0,0.0,0.1,3692,0.9842708611037057,False
D913,0.0,0.744444444,0.0009417778327102772,93,0.9312183417755265,0,0.0,0.0744444444,3692,0.9842708611037057,False
D615,0.0,0.5,0.0006495579673377423,5,0.9842708611037057,0,0.0,0.05,3692,0.9842708611037057,False
D527,0.0,1.0,0.0011966569646744366,11,0.9754732071447614,0,0.0,0.1,3691,0.9840042655291922,False
D292,0.0,1.0,0.008475301458756116,3,0.9840042655291922,0,0.0,0.1,3691,0.9840042655291922,False
D432,0.0,1.0,0.001785702574817208,8,0.9565449213543055,0,0.0,0.1,3690,0.9837376699546787,False
D291,0.0,1.0,0.0014005457426762092,5,0.9837376699546787,0,0.0,0.1,3690,0.9837376699546787,False
D250,0.0,1.0,0.003010105915632802,63,0.9834710743801653,0,0.0,0.1,3689,0.9834710743801653,False
D190,0.0,1.0,0.0013906294012548817,60,0.00026659557451346307,6,0.6000000000000001,0.7000000000000001,3689,0.9834710743801653,False
D896,0.0,0.888888889,0.0009200553756879371,11,0.9768061850173287,0,0.0,0.08888888889999999,3689,0.9834710743801653,False
D703,0.0,1.0,0.0015739873834676942,10,0.9237536656891495,0,0.0,0.1,3689,0.9834710743801653,False
D436,0.0,1.0,0.0030249109435031307,5,0.9832044788056519,0,0.0,0.1,3688,0.9832044788056519,False
D555,0.0,1.0,0.0016568831987319452,10,0.9536123700346574,0,0.0,0.1,3688,0.9832044788056519,False
D643,0.0,0.6,0.001240136372413904,4,0.9832044788056519,0,0.0,0.06,3688,0.9832044788056519,False
D817,0.0,0.65,0.0006826207759331361,11,0.9714742735270594,0,0.0,0.065,3688,0.9832044788056519,False
D561,0.0,1.0,0.0016817000939191864,16,0.9621434284190883,0,0.0,0.1,3688,0.9832044788056519,False
D631,0.0,0.181818182,0.00011916545723725011,4,0.9832044788056519,0,0.0,0.018181818199999998,3688,0.9832044788056519,False
D929,0.0,1.0,0.0014145483180846967,22,0.9520127965875766,0,0.0,0.1,3686,0.9826712876566249,False
D543,0.0,1.0,0.0016578978921181317,4,0.9826712876566249,0,0.0,0.1,3686,0.9826712876566249,False
D918,0.0,1.0,0.0023947926308070335,7,0.9826712876566249,0,0.0,0.1,3686,0.9826712876566249,False
D897,0.0,1.0,0.0017545002306680719,10,0.9826712876566249,0,0.0,0.1,3686,0.9826712876566249,False
D803,0.0,0.517857143,0.000617418756145246,31,0.93148493735004,0,0.0,0.051785714299999994,3685,0.9824046920821115,False
D499,0.0,1.0,0.001698296343404666,7,0.9824046920821115,0,0.0,0.1,3685,0.9824046920821115,False
D702,0.0,1.0,0.001402836240292878,14,0.8954945347907225,0,0.0,0.1,3684,0.982138096507598,False
D448,0.0,0.956521739,0.0016593839523209822,15,0.9573447080778459,0,0.0,0.0956521739,3684,0.982138096507598,False
D192,0.0,1.0,0.001684316470594949,134,0.9618768328445748,0,0.0,0.1,3683,0.9818715009330845,False
D907,0.0,1.0,0.0009759083350456055,7,0.9818715009330845,0,0.0,0.1,3683,0.9818715009330845,False
D636,0.0,1.0,0.003171874527132222,6,0.9818715009330845,0,0.0,0.1,3683,0.9818715009330845,False
D942,0.0,1.0,0.0028009152238155487,6,0.981604905358571,0,0.0,0.1,3682,0.981604905358571,False
D694,0.0,1.0,0.0017271419460382015,7,0.981604905358571,0,0.0,0.1,3682,0.981604905358571,False
D279,0.0,0.666666667,0.0030584693377043366,3,0.981604905358571,0,0.0,0.0666666667,3682,0.981604905358571,False
D280,0.0,1.0,0.0024284113412642964,5,0.9813383097840576,0,0.0,0.1,3681,0.9813383097840576,False
D881,0.0,0.777777778,0.0011324140962516,11,0.9616102372700613,0,0.0,0.0777777778,3680,0.9810717142095441,False
D563,0.0,0.944444444,0.001446563397733029,14,0.9741402292721941,0,0.0,0.09444444440000001,3679,0.9808051186350306,False
D549,0.0,0.9375,0.0016711175073832617,10,0.9682751266328979,0,0.0,0.09375,3679,0.9808051186350306,False
D395,0.0,1.0,0.0042682122055286275,5,0.9808051186350306,0,0.0,0.1,3679,0.9808051186350306,False
D347,0.0,0.5,0.0008814142941425519,5,0.9805385230605171,0,0.0,0.05,3678,0.9805385230605171,False
D917,0.0,1.0,0.0024891981482180123,8,0.9805385230605171,0,0.0,0.1,3678,0.9805385230605171,False
D796,0.0,0.3,0.00041663678630868615,4,0.9805385230605171,0,0.0,0.03,3678,0.9805385230605171,False
D732,0.0,1.0,0.0024917197944762043,5,0.9805385230605171,0,0.0,0.1,3678,0.9805385230605171,False
D125,0.0,0.999923697,0.006176729625343282,80,0.9789389496134364,0,0.0,0.0999923697,3677,0.9802719274860038,False
D281,0.0,1.0,0.0029335641127530834,5,0.9802719274860038,0,0.0,0.1,3677,0.9802719274860038,False
D848,0.0,1.0,0.0029609280056198993,10,0.9802719274860038,0,0.0,0.1,3677,0.9802719274860038,False
D756,0.0,1.0,0.0016380380956354816,10,0.9605438549720074,0,0.0,0.1,3677,0.9802719274860038,False
D590,0.0,0.9375,0.001521663338012556,11,0.9648093841642229,0,0.0,0.09375,3677,0.9802719274860038,False
D668,0.0,0.875,0.0014773580817442726,11,0.9757398027192749,0,0.0,0.0875,3676,0.9800053319114903,False
D698,0.0,1.0,0.0012816508432570918,13,0.8347107438016529,0,0.0,0.1,3676,0.9800053319114903,False
D21,0.0,0.483241492,0.00024410598629847952,1033,0.0007997867235403892,0,0.0,0.0483241492,3676,0.9800053319114903,False
D225,0.0,1.0,0.00870394394428259,3,0.9797387363369768,0,0.0,0.1,3675,0.9797387363369768,False
D895,0.0,1.0,0.0013812204730831218,10,0.9701412956544921,0,0.0,0.1,3675,0.9797387363369768,False
D263,0.0,0.375,0.0002120224618320923,5,0.9794721407624634,0,0.0,0.0375,3674,0.9794721407624634,False
D600,0.0,0.5,0.002158475326334376,3,0.9792055451879499,0,0.0,0.05,3673,0.9792055451879499,False
D652,0.0,1.0,0.003521570467550074,5,0.9792055451879499,0,0.0,0.1,3673,0.9792055451879499,False
D477,0.0,0.928571429,0.001243884353250642,12,0.9168221807517996,0,0.0,0.0928571429,3673,0.9792055451879499,False
D272,0.0,1.0,0.002539107850809677,5,0.9792055451879499,0,0.0,0.1,3673,0.9792055451879499,False
D466,0.0,0.363636364,0.0003980368297733396,8,0.9789389496134364,0,0.0,0.036363636399999996,3672,0.9789389496134364,False
D906,0.0,1.0,0.002586415949792754,5,0.9789389496134364,0,0.0,0.1,3672,0.9789389496134364,False
D116,0.0,1.0,0.003223711569032583,5,0.9789389496134364,0,0.0,0.1,3672,0.9789389496134364,False
D435,0.0,1.0,0.002495675728807695,6,0.9786723540389229,0,0.0,0.1,3671,0.9786723540389229,False
D400,0.0,1.0,0.002635491994634542,4,0.9786723540389229,0,0.0,0.1,3671,0.9786723540389229,False
D705,0.0,1.0,0.0021405582167336027,11,0.9576113036523594,0,0.0,0.1,3671,0.9786723540389229,False
D381,0.0,1.0,0.0027175094017406246,6,0.9786723540389229,0,0.0,0.1,3671,0.9786723540389229,False
D248,0.0,0.853854973,0.004673537165298396,82,0.9784057584644095,0,0.0,0.0853854973,3670,0.9784057584644095,False
D266,0.0,1.0,0.0020268655275859603,4,0.978139162889896,0,0.0,0.1,3669,0.978139162889896,False
D289,0.0,0.6,0.0007270063449178149,6,0.978139162889896,0,0.0,0.06,3669,0.978139162889896,False
D378,0.0,1.0,0.001590455962702084,9,0.9442815249266863,0,0.0,0.1,3667,0.977605971740869,False
D319,0.0,1.0,0.001304706286090527,7,0.9773393761663557,0,0.0,0.1,3666,0.9773393761663557,False
D423,0.0,1.0,0.0016351164511031347,14,0.9610770461210344,0,0.0,0.1,3665,0.9770727805918422,False
D259,0.0,0.666666667,0.0010232211243467416,4,0.9768061850173287,0,0.0,0.0666666667,3664,0.9768061850173287,False
D421,0.0,1.0,0.002424906949388942,15,0.928019194881365,0,0.0,0.1,3663,0.9765395894428153,False
D41,0.0,1.0,0.0011037048902007899,55,0.8880298587043455,0,0.0,0.1,3663,0.9765395894428153,False
D233,0.011,1.0,0.0016689221890379264,93,0.0,0,0.011,0.1099,3663,0.9765395894428153,False
D771,0.0,0.484848485,0.0005630288413802748,11,0.9592108770994402,0,0.0,0.0484848485,3662,0.9762729938683018,False
D880,0.0,1.0,0.002841297280183002,6,0.9762729938683018,0,0.0,0.1,3662,0.9762729938683018,False
D258,0.0,1.0,0.0019901295671549703,4,0.9762729938683018,0,0.0,0.1,3662,0.9762729938683018,False
D650,0.0,1.0,0.0009993202914484515,5,0.9762729938683018,0,0.0,0.1,3662,0.9762729938683018,False
D778,0.0,0.666666667,0.001129319125323419,7,0.9762729938683018,0,0.0,0.0666666667,3662,0.9762729938683018,False
D755,0.0,0.923076923,0.0015905978282870022,11,0.9504132231404959,0,0.0,0.0923076923,3661,0.9760063982937883,False
D521,0.0,1.0,0.001968946555156606,14,0.9634764062916555,0,0.0,0.1,3661,0.9760063982937883,False
D327,0.0,1.0,0.00762377344536081,3,0.9760063982937883,0,0.0,0.1,3661,0.9760063982937883,False
D928,0.0,1.0,0.0015383200771333907,25,0.8136496934150893,0,0.0,0.1,3661,0.9760063982937883,False
D526,0.0,1.0,0.0030596459391723707,11,0.9610770461210344,0,0.0,0.1,3660,0.9757398027192749,False
D614,0.0,1.0,0.001657095358071735,5,0.9757398027192749,0,0.0,0.1,3660,0.9757398027192749,False
D498,0.0,1.0,0.0024813275599625045,8,0.9757398027192749,0,0.0,0.1,3660,0.9757398027192749,False
D731,0.0,1.0,0.002872778758153606,5,0.9757398027192749,0,0.0,0.1,3660,0.9757398027192749,False
D775,0.0,1.0,0.004063187736663092,6,0.9757398027192749,0,0.0,0.1,3660,0.9757398027192749,False
D519,0.0,1.0,0.002195196636525186,16,0.923487070114636,0,0.0,0.1,3659,0.9754732071447614,False
D464,0.0,1.0,0.001939336250413139,11,0.9608104505465209,0,0.0,0.1,3659,0.9754732071447614,False
D434,0.0,0.714285714,0.0014421680663277965,5,0.9752066115702479,0,0.0,0.0714285714,3658,0.9752066115702479,False
D679,0.0,1.0,0.002175528452343394,7,0.9749400159957344,0,0.0,0.1,3657,0.9749400159957344,False
D206,0.0,0.979965469,0.010803903825910339,92,0.9749400159957344,0,0.0,0.09799654690000001,3657,0.9749400159957344,False
D693,0.0,0.888888889,0.0012370053597314681,7,0.9749400159957344,0,0.0,0.08888888889999999,3657,0.9749400159957344,False
D380,0.0,1.0,0.0018552792746780902,7,0.9744068248467076,0,0.0,0.1,3655,0.9744068248467076,False
D667,0.0,0.56,0.0009045155291744471,11,0.9661423620367902,0,0.0,0.05600000000000001,3654,0.9741402292721941,False
D795,0.0,1.0,0.001698945152882363,9,0.9741402292721941,0,0.0,0.1,3654,0.9741402292721941,False
D905,0.0,1.0,0.0017027095449389095,6,0.9738736336976807,0,0.0,0.1,3653,0.9738736336976807,False
D915,0.0,1.0,0.003147705444370615,9,0.9736070381231672,0,0.0,0.1,3652,0.9736070381231672,False
D894,0.0,1.0,0.0015199109394164222,11,0.9560117302052786,0,0.0,0.1,3651,0.9733404425486537,False
D539,0.0,0.727272727,0.00147375745812443,8,0.9733404425486537,0,0.0,0.0727272727,3651,0.9733404425486537,False
D315,0.0,1.0,0.002158265438289592,12,0.9621434284190883,0,0.0,0.1,3650,0.9730738469741402,False
D342,0.0,1.0,0.003166977386853065,8,0.9730738469741402,0,0.0,0.1,3650,0.9730738469741402,False
D351,0.0,1.0,0.002958549194033295,10,0.9730738469741402,0,0.0,0.1,3650,0.9730738469741402,False
D278,0.0,0.5,0.0021926793040028918,3,0.9728072513996268,0,0.0,0.05,3649,0.9728072513996268,False
D497,0.0,0.8,0.001006093745124823,7,0.9725406558251133,0,0.0,0.08,3648,0.9725406558251133,False
D340,0.0,1.0,0.002599787763335606,10,0.9570781125033324,0,0.0,0.1,3647,0.9722740602505998,False
D629,0.0,1.0,0.002134608057241787,7,0.9722740602505998,0,0.0,0.1,3647,0.9722740602505998,False
D916,0.0,1.0,0.0020475222425357324,8,0.9720074646760863,0,0.0,0.1,3646,0.9720074646760863,False
D221,0.0,1.0,0.009977483905933188,109,0.00026659557451346307,0,0.0,0.1,3646,0.9720074646760863,False
D938,0.0,1.0,0.0022013174423768742,11,0.9250866435617169,0,0.0,0.1,3645,0.9717408691015729,False
D536,0.0,1.0,0.002632378093897839,9,0.9442815249266863,0,0.0,0.1,3644,0.9714742735270594,False
D220,0.0,1.0,0.016282367716228804,107,0.971207677952546,0,0.0,0.1,3643,0.971207677952546,False
D350,0.0,0.666666667,0.001056267369875169,10,0.9709410823780326,0,0.0,0.0666666667,3642,0.9709410823780326,False
D816,0.0,0.80952381,0.0014741595799899231,12,0.9522793921620901,0,0.0,0.08095238099999999,3642,0.9709410823780326,False
D560,0.0,1.0,0.0020995694906250956,15,0.9576113036523594,0,0.0,0.1,3641,0.9706744868035191,False
D912,0.0,1.0,0.0021741343330670044,39,0.9088243135163956,0,0.0,0.1,3641,0.9706744868035191,False
D569,0.0,1.0,0.0031812342266358054,8,0.9706744868035191,0,0.0,0.1,3641,0.9706744868035191,False
D742,0.0,0.955555556,0.001999872890424213,23,0.8299120234604106,0,0.0,0.0955555556,3640,0.9704078912290056,False
D433,0.0,1.0,0.0020630928704269465,8,0.9704078912290056,0,0.0,0.1,3640,0.9704078912290056,False
D476,0.0,0.962962963,0.0017757176319994317,14,0.8962943215142629,0,0.0,0.0962962963,3640,0.9704078912290056,False
D213,0.0,0.981662624,0.02025390527999791,110,0.9704078912290056,0,0.0,0.09816626240000001,3640,0.9704078912290056,False
D902,0.0,1.0,0.002385516443815463,6,0.9704078912290056,0,0.0,0.1,3640,0.9704078912290056,False
D379,0.0,1.0,0.0017853429965933117,8,0.9698747000799787,0,0.0,0.1,3638,0.9698747000799787,False
D548,0.0,1.0,0.004417785446519896,12,0.9541455611836843,0,0.0,0.1,3637,0.9696081045054652,False
D730,0.0,1.0,0.004290724641739542,5,0.9693415089309517,0,0.0,0.1,3636,0.9693415089309517,False
D558,0.0,1.0,0.0023794785340211138,17,0.927486003732338,0,0.0,0.1,3635,0.9690749133564383,False
D770,0.0,0.484848485,0.0005259304342752017,12,0.9472140762463344,0,0.0,0.0484848485,3635,0.9690749133564383,False
D393,0.0,1.0,0.002108726307126773,7,0.9690749133564383,0,0.0,0.1,3635,0.9690749133564383,False
D346,0.0,1.0,0.0046928212678814555,4,0.9688083177819248,0,0.0,0.1,3634,0.9688083177819248,False
D794,0.0,0.625,0.0021429547162079093,6,0.9688083177819248,0,0.0,0.0625,3634,0.9688083177819248,False
D900,0.0,1.0,0.0019633771703356662,7,0.9688083177819248,0,0.0,0.1,3634,0.9688083177819248,False
D754,0.0,1.0,0.0017452951629143454,11,0.9288189816049054,0,0.0,0.1,3634,0.9688083177819248,False
D325,0.0,1.0,0.002016204549301667,5,0.9682751266328979,0,0.0,0.1,3632,0.9682751266328979,False
D270,0.0,1.0,0.00493994279033811,5,0.9682751266328979,0,0.0,0.1,3632,0.9682751266328979,False
D387,0.0,1.0,0.005933743553820659,4,0.9682751266328979,0,0.0,0.1,3632,0.9682751266328979,False
D492,0.0,1.0,0.0021418369273067768,8,0.9394828045854439,0,0.0,0.1,3632,0.9682751266328979,False
D941,0.0,1.0,0.0025364292795714794,8,0.9680085310583845,0,0.0,0.1,3631,0.9680085310583845,False
D940,0.0,1.0,0.0018097591108913217,8,0.9680085310583845,0,0.0,0.1,3631,0.9680085310583845,False
D768,0.0,0.8,0.001734334464038422,17,0.9040255931751533,0,0.0,0.08,3631,0.9680085310583845,False
D776,0.0,1.0,0.005934621113388691,5,0.9680085310583845,0,0.0,0.1,3631,0.9680085310583845,False
D914,0.0,1.0,0.0020726211213488903,6,0.9680085310583845,0,0.0,0.1,3631,0.9680085310583845,False
D189,0.190761677,1.0,0.002062118488803696,124,0.0,1,0.2716855093,0.3526093416,3631,0.9680085310583845,False
D318,0.0,1.0,0.002703138875809722,6,0.9680085310583845,0,0.0,0.1,3631,0.9680085310583845,False
D365,0.0,1.0,0.004476367841054169,5,0.9680085310583845,0,0.0,0.1,3631,0.9680085310583845,False
D288,0.0,1.0,0.001343290149730622,6,0.967741935483871,0,0.0,0.1,3630,0.967741935483871,False
D124,0.0,0.999938906,0.008895603712856128,128,0.9661423620367902,0,0.0,0.0999938906,3628,0.967208744334844,False
D394,0.0,1.0,0.0020392411485969336,7,0.967208744334844,0,0.0,0.1,3628,0.967208744334844,False
D792,0.0,1.0,0.002768436278207174,9,0.967208744334844,0,0.0,0.1,3628,0.967208744334844,False
D115,0.0,0.9,0.0014100368578509694,6,0.9661423620367902,0,0.0,0.09,3624,0.9661423620367902,False
D599,0.0,1.0,0.003427043111084356,4,0.9658757664622767,0,0.0,0.1,3623,0.9658757664622767,False
D901,0.0,1.0,0.0027892699687796754,8,0.9658757664622767,0,0.0,0.1,3623,0.9658757664622767,False
D554,0.0,0.714285714,0.0023007512760434383,11,0.917088776326313,0,0.0,0.0714285714,3622,0.9656091708877632,False
D729,0.0,0.625,0.001604246510003802,6,0.9656091708877632,0,0.0,0.0625,3622,0.9656091708877632,False
D496,0.0,1.0,0.00226222300908152,10,0.9653425753132499,0,0.0,0.1,3621,0.9653425753132499,False
D763,0.0,0.958333333,0.0028900404703123494,17,0.8205811783524394,0,0.0,0.0958333333,3621,0.9653425753132499,False
D475,0.0,1.0,0.002530760105271924,17,0.8661690215942416,0,0.0,0.1,3619,0.9648093841642229,False
D349,0.0,1.0,0.0020922429216600627,9,0.9645427885897094,0,0.0,0.1,3618,0.9645427885897094,False
D889,0.0,0.846153846,0.0017951358095740868,24,0.8469741402292722,0,0.0,0.0846153846,3617,0.964276193015196,False
D546,0.0,0.882352941,0.0018048847222393019,12,0.9442815249266863,0,0.0,0.0882352941,3617,0.964276193015196,False
D709,0.0,0.666666667,0.0043477213933067645,3,0.964276193015196,0,0.0,0.0666666667,3617,0.964276193015196,False
D815,0.0,1.0,0.0025291670421700757,11,0.9376166355638497,0,0.0,0.1,3616,0.9640095974406825,False
D174,0.0,0.95982379,0.005310997792574352,134,0.9640095974406825,0,0.0,0.09598237899999999,3616,0.9640095974406825,False
D892,0.0,1.0,0.001768312422834204,15,0.9053585710477207,0,0.0,0.1,3616,0.9640095974406825,False
D326,0.0,1.0,0.0050382547947224725,5,0.9634764062916555,0,0.0,0.1,3614,0.9634764062916555,False
D442,0.0,1.0,0.001971994440842133,23,0.7198080511863503,0,0.0,0.1,3613,0.9632098107171421,False
D544,0.0,0.875,0.00277759397458465,8,0.9629432151426286,0,0.0,0.0875,3612,0.9629432151426286,False
D452,0.0,1.0,0.0033893822345667604,19,0.9026926153025859,0,0.0,0.1,3612,0.9629432151426286,False
D237,0.0,1.0,0.00918192702585966,138,0.9626766195681151,0,0.0,0.1,3611,0.9626766195681151,False
D904,0.0,1.0,0.0019652717153325,7,0.9624100239936018,0,0.0,0.1,3610,0.9624100239936018,False
D666,0.0,0.333333333,0.000636826084234251,13,0.9488136496934151,0,0.0,0.033333333300000004,3610,0.9624100239936018,False
D635,0.0,1.0,0.00773050564866426,4,0.9621434284190883,0,0.0,0.1,3609,0.9621434284190883,False
D224,0.0,0.991928721,0.026697289854997683,142,0.9618768328445748,0,0.0,0.0991928721,3608,0.9618768328445748,False
D556,0.0,0.6,0.0013652583559342981,17,0.9392162090109304,0,0.0,0.06,3607,0.9616102372700613,False
D728,0.0,1.0,0.0027401443202935095,6,0.9616102372700613,0,0.0,0.1,3607,0.9616102372700613,False
D845,0.0,1.0,0.004953631488725551,6,0.9616102372700613,0,0.0,0.1,3607,0.9616102372700613,False
D547,0.0,1.0,0.0024866602710262777,13,0.9450813116502266,0,0.0,0.1,3607,0.9616102372700613,False
D535,0.0,1.0,0.0035751908481377053,7,0.9608104505465209,0,0.0,0.1,3604,0.9608104505465209,False
D525,0.0,1.0,0.004097521030737667,9,0.960277259397494,0,0.0,0.1,3602,0.960277259397494,False
D903,0.0,1.0,0.0026170285098060762,7,0.9600106638229805,0,0.0,0.1,3601,0.9600106638229805,False
D520,0.0,0.857142857,0.002457179415661732,14,0.9373500399893362,0,0.0,0.0857142857,3601,0.9600106638229805,False
D700,0.0,1.0,0.003186374013378501,19,0.7989869368168488,0,0.0,0.1,3599,0.9594774726739536,False
D691,0.0,1.0,0.0016134423711312517,8,0.9594774726739536,0,0.0,0.1,3599,0.9594774726739536,False
D339,0.0,1.0,0.0022113352199295035,12,0.9370834444148227,0,0.0,0.1,3599,0.9594774726739536,False
D692,0.0,1.0,0.003692127669358375,6,0.9589442815249267,0,0.0,0.1,3597,0.9589442815249267,False
D141,0.0,1.0,0.0014988161692383675,11,0.9181551586243668,0,0.0,0.1,3596,0.9586776859504132,False
D649,0.0,1.0,0.0033213747999182542,11,0.9093575046654225,0,0.0,0.1,3596,0.9586776859504132,False
D364,0.0,1.0,0.004835864972575339,5,0.9584110903758998,0,0.0,0.1,3595,0.9584110903758998,False
D451,0.0,0.833333333,0.0021801531175483025,20,0.9098906958144495,0,0.0,0.0833333333,3593,0.9578778992268728,False
D482,0.0,0.833333333,0.0025717610944703826,9,0.93148493735004,0,0.0,0.0833333333,3593,0.9578778992268728,False
D712,0.0,0.666666667,0.002599094287597742,6,0.9578778992268728,0,0.0,0.0666666667,3593,0.9578778992268728,False
D518,0.0,0.909090909,0.002686475792561898,12,0.8834977339376167,0,0.0,0.0909090909,3592,0.9576113036523594,False
D542,0.0,0.928571429,0.002059177830527373,9,0.8946947480671821,0,0.0,0.0928571429,3592,0.9576113036523594,False
D753,0.0,1.0,0.0033925950080149437,12,0.9053585710477207,0,0.0,0.1,3591,0.9573447080778459,False
D341,0.0,1.0,0.0025292180149809516,9,0.9570781125033324,0,0.0,0.1,3590,0.9570781125033324,False
D769,0.0,0.5,0.0011768143221752825,14,0.9261530258597708,0,0.0,0.05,3590,0.9570781125033324,False
D348,0.0,1.0,0.0025836774105417615,8,0.9568115169288189,0,0.0,0.1,3589,0.9568115169288189,False
D537,0.0,0.857142857,0.0034120473941182334,6,0.9568115169288189,0,0.0,0.0857142857,3589,0.9568115169288189,False
D222,0.0,1.0,0.024791163341344055,163,0.00026659557451346307,9,0.9,1.0,3589,0.9568115169288189,False
D427,0.0,1.0,0.005184132538441184,5,0.9568115169288189,0,0.0,0.1,3589,0.9568115169288189,False
D122,0.0,0.984054397,0.012170358988608685,170,0.9549453479072247,0,0.0,0.0984054397,3588,0.9565449213543055,False
D495,0.0,0.75,0.0031792130825008466,7,0.9565449213543055,0,0.0,0.075,3588,0.9565449213543055,False
D890,0.0,1.0,0.0022286589126622883,21,0.8496400959744068,0,0.0,0.1,3588,0.9565449213543055,False
D559,0.0,0.9,0.002784474926476551,15,0.9394828045854439,0,0.0,0.09,3586,0.9560117302052786,False
D557,0.0,0.772727273,0.0020802402654838507,15,0.9290855771794189,0,0.0,0.0772727273,3585,0.9557451346307652,False
D13,0.0,1.0,0.003386953024113546,20,0.8029858704345508,0,0.0,0.1,3585,0.9557451346307652,False
D363,0.0,1.0,0.002626533812086841,6,0.9557451346307652,0,0.0,0.1,3585,0.9557451346307652,False
D893,0.0,1.0,0.002421777657478489,11,0.9312183417755265,0,0.0,0.1,3584,0.9554785390562517,False
D337,0.0,1.0,0.0038415663480838485,10,0.9000266595574513,0,0.0,0.1,3584,0.9554785390562517,False
D113,0.0,1.0,0.004584022417624561,6,0.9549453479072247,0,0.0,0.1,3582,0.9549453479072247,False
D813,0.0,1.0,0.0017119715838085797,14,0.8704345507864569,0,0.0,0.1,3582,0.9549453479072247,False
D453,0.0,0.8125,0.0033115049378717176,22,0.9066915489202879,0,0.0,0.08125,3581,0.9546787523327113,False
D791,0.0,1.0,0.0063417037272676955,7,0.9541455611836843,0,0.0,0.1,3579,0.9541455611836843,False
D493,0.0,1.0,0.0036648097251406587,9,0.9538789656091708,0,0.0,0.1,3578,0.9538789656091708,False
D678,0.0,0.666666667,0.0017132168600199284,7,0.9538789656091708,0,0.0,0.0666666667,3578,0.9538789656091708,False
D169,0.0,1.0,0.013381555552128244,3,0.9536123700346574,0,0.0,0.1,3577,0.9536123700346574,False
D97,0.0,1.0,0.0015726690044410479,15,0.6939482804585444,0,0.0,0.1,3575,0.9530791788856305,False
D793,0.0,1.0,0.0028913046985568794,9,0.9528125833111171,0,0.0,0.1,3574,0.9528125833111171,False
D375,0.0,1.0,0.00473987611123267,10,0.906158357771261,0,0.0,0.1,3572,0.9522793921620901,False
D711,0.0,0.555555556,0.003055335095132883,6,0.9520127965875766,0,0.0,0.055555555599999994,3571,0.9520127965875766,False
D392,0.0,1.0,0.003566641759488337,7,0.9520127965875766,0,0.0,0.1,3571,0.9520127965875766,False
D846,0.0,1.0,0.003387182892243812,7,0.9520127965875766,0,0.0,0.1,3571,0.9520127965875766,False
D932,0.0,1.0,0.006136317971832412,5,0.9512130098640362,0,0.0,0.1,3568,0.9512130098640362,False
D710,0.0,1.0,0.005200841137111505,6,0.9509464142895228,0,0.0,0.1,3567,0.9509464142895228,False
D628,0.0,0.5,0.0012792447422679658,6,0.9509464142895228,0,0.0,0.05,3567,0.9509464142895228,False
D123,0.0,0.999932181,0.013609825000560443,199,0.9472140762463344,0,0.0,0.0999932181,3567,0.9509464142895228,False
D777,0.0,1.0,0.004557024077503548,7,0.9506798187150093,0,0.0,0.1,3566,0.9506798187150093,False
D186,0.0628,1.0,0.007174522261915424,190,0.0,0,0.0628,0.15652,3565,0.9504132231404959,False
D690,0.0,0.888888889,0.0015352969486591708,8,0.9504132231404959,0,0.0,0.08888888889999999,3565,0.9504132231404959,False
D545,0.0,1.0,0.0028582086923990085,12,0.9221540922420688,0,0.0,0.1,3562,0.9496134364169555,False
D613,0.0,0.875,0.002469065211864591,7,0.9488136496934151,0,0.0,0.0875,3559,0.9488136496934151,False
D764,0.0,1.0,0.003259983061580146,16,0.8301786190349241,0,0.0,0.1,3557,0.9482804585443881,False
D172,0.0,1.0,0.0021585702086978917,246,0.9333511063716342,0,0.0,0.1,3557,0.9482804585443881,False
D810,0.0,1.0,0.002443135861891772,16,0.7723273793655026,0,0.0,0.1,3555,0.9477472673953612,False
D338,0.0,1.0,0.003962912752796852,13,0.9077579312183418,0,0.0,0.1,3554,0.9474806718208477,False
D443,0.0,1.0,0.002497157956152377,19,0.7411356971474273,0,0.0,0.1,3553,0.9472140762463344,False
D114,0.0,1.0,0.006434325057972635,6,0.9472140762463344,0,0.0,0.1,3553,0.9472140762463344,False
D447,0.0,0.8,0.0034690808263718145,21,0.8592375366568915,0,0.0,0.08,3552,0.9469474806718209,False
D586,0.0,1.0,0.004695138009920022,13,0.9149560117302052,0,0.0,0.1,3550,0.9464142895227939,False
D374,0.0,0.5,0.001598386533058009,12,0.9186883497733938,0,0.0,0.05,3549,0.9461476939482805,False
D809,0.0,1.0,0.002265815642864748,12,0.7845907757931219,0,0.0,0.1,3547,0.9456145027992535,False
D386,0.0,1.0,0.015225691881613934,3,0.94534790722474,0,0.0,0.1,3546,0.94534790722474,False
D314,0.0,1.0,0.004931555270674213,10,0.9450813116502266,0,0.0,0.1,3545,0.9450813116502266,False
D481,0.0,1.0,0.003601783237257766,7,0.9440149293521728,0,0.0,0.1,3541,0.9440149293521728,False
D935,0.0,1.0,0.0034478735238969997,12,0.8392428685683818,0,0.0,0.1,3538,0.9432151426286324,False
D766,0.0,1.0,0.0042134592075835685,18,0.8387096774193549,0,0.0,0.1,3538,0.9432151426286324,False
D665,0.0,0.378378378,0.00071592370764972,13,0.9264196214342842,0,0.0,0.0378378378,3536,0.9426819514796054,False
D480,0.0,1.0,0.0056458151637658015,4,0.942415355905092,0,0.0,0.1,3535,0.942415355905092,False
D431,0.0,1.0,0.005605168204254388,7,0.942415355905092,0,0.0,0.1,3535,0.942415355905092,False
D494,0.0,0.625,0.001576743957765177,10,0.9421487603305785,0,0.0,0.0625,3534,0.9421487603305785,False
D767,0.0,0.846153846,0.006247021604407231,12,0.8872300719808052,0,0.0,0.0846153846,3533,0.941882164756065,False
D132,0.0,0.833333333,0.00470076027502871,10,0.8933617701946148,0,0.0,0.0833333333,3532,0.9416155691815515,False
D939,0.0,1.0,0.0029404579910986954,9,0.9413489736070382,0,0.0,0.1,3531,0.9413489736070382,False
D749,0.0,1.0,0.003621630163288244,11,0.8512396694214877,0,0.0,0.1,3531,0.9413489736070382,False
D814,0.0,1.0,0.0036237965646394297,11,0.9029592108770994,0,0.0,0.1,3529,0.9408157824580112,False
D446,0.0,1.0,0.003342745949730714,19,0.8264462809917356,0,0.0,0.1,3528,0.9405491868834978,False
D153,0.0,1.0,0.0062536447019972755,13,0.9200213276459611,0,0.0,0.1,3528,0.9405491868834978,False
D444,0.0,0.789473684,0.002502214211128962,22,0.743268461743535,0,0.0,0.0789473684,3528,0.9405491868834978,False
D677,0.0,0.571428571,0.002857548789381444,5,0.9400159957344708,0,0.0,0.0571428571,3526,0.9400159957344708,False
D362,0.0,0.5,0.0015660380017030564,5,0.9389496134364169,0,0.0,0.05,3522,0.9389496134364169,False
D524,0.0,0.875,0.005426081259695717,8,0.9381498267128766,0,0.0,0.0875,3519,0.9381498267128766,False
D40,0.0,1.0,0.0030392502744481854,74,0.8224473473740336,0,0.0,0.1,3519,0.9381498267128766,False
D313,0.0,0.692307692,0.0025111415951047256,9,0.9362836576912823,0,0.0,0.0692307692,3512,0.9362836576912823,False
D471,0.0,1.0,0.003127800531589441,13,0.761663556384964,0,0.0,0.1,3511,0.9360170621167688,False
D463,0.0,0.666666667,0.0023212007132068766,7,0.9352172753932285,0,0.0,0.0666666667,3508,0.9352172753932285,False
D582,0.0,1.0,0.0022372793274452554,14,0.8413756331644895,0,0.0,0.1,3506,0.9346840842442016,False
D98,0.0,0.8,0.006078379098906959,5,0.9346840842442016,0,0.0,0.08,3506,0.9346840842442016,False
D474,0.0,1.0,0.004021928960167494,17,0.8061850173287124,0,0.0,0.1,3505,0.9344174886696881,False
D85,0.0,0.534522536,0.001072425257895172,184,0.8357771260997068,0,0.0,0.0534522536,3504,0.9341508930951746,False
D81,0.0,1.0,0.008420815942830928,4,0.9341508930951746,0,0.0,0.1,3504,0.9341508930951746,False
D133,0.0,0.909090909,0.006623951271888155,11,0.86990135963743,0,0.0,0.0909090909,3503,0.9338842975206612,False
D335,0.0,1.0,0.0038855752465643757,10,0.8794988003199147,0,0.0,0.1,3502,0.9336177019461477,False
D197,0.0,0.985416779,0.011957433001603164,249,0.9333511063716342,0,0.0,0.0985416779,3501,0.9333511063716342,False
D625,0.0,0.764705882,0.002160418887861916,10,0.841109037589976,0,0.0,0.0764705882,3497,0.9322847240735804,False
D891,0.0,0.85,0.0037336440132449173,15,0.8925619834710744,0,0.0,0.08499999999999999,3496,0.932018128499067,False
D120,0.0,1.0,0.020838337750726552,274,0.9272194081578246,0,0.0,0.1,3493,0.9312183417755265,False
D149,0.0,1.0,0.0032038284930835073,20,0.653425753132498,0,0.0,0.1,3489,0.9301519594774726,False
D584,0.0,1.0,0.007071965067895407,7,0.9301519594774726,0,0.0,0.1,3489,0.9301519594774726,False
D752,0.0,1.0,0.005673919273477025,12,0.8573713676352972,0,0.0,0.1,3489,0.9301519594774726,False
D516,0.0,1.0,0.003831062165912426,20,0.7515329245534524,0,0.0,0.1,3489,0.9301519594774726,False
D312,0.0,1.0,0.004728599521776865,10,0.9298853639029592,0,0.0,0.1,3488,0.9298853639029592,False
D663,0.0,0.846153846,0.003420495398245785,15,0.8384430818448414,0,0.0,0.0846153846,3487,0.9296187683284457,False
D517,0.0,1.0,0.002654031748965546,18,0.8056518261796854,0,0.0,0.1,3483,0.9285523860303919,False
D473,0.0,1.0,0.004736168991485716,19,0.7390029325513197,0,0.0,0.1,3483,0.9285523860303919,False
D441,0.0,1.0,0.0027903447625909905,12,0.5539856038389763,0,0.0,0.1,3482,0.9282857904558784,False
D461,0.0,1.0,0.004410251892637195,10,0.852039456145028,0,0.0,0.1,3479,0.927486003732338,False
D391,0.0,1.0,0.004402402849864757,9,0.9272194081578246,0,0.0,0.1,3478,0.9272194081578246,False
D111,0.0,1.0,0.005529984603443036,7,0.9272194081578246,0,0.0,0.1,3478,0.9272194081578246,False
D420,0.0,1.0,0.0037543966770151615,18,0.8936283657691282,0,0.0,0.1,3475,0.9264196214342842,False
D515,0.0,1.0,0.0034968036466500605,20,0.7211410290589176,0,0.0,0.1,3474,0.9261530258597708,False
D513,0.0,1.0,0.0036602045197565054,13,0.5625166622234071,0,0.0,0.1,3473,0.9258864302852573,False
D78,0.0,1.0,0.0024997638221269393,46,0.16368968275126633,0,0.0,0.1,3473,0.9258864302852573,False
D612,0.0,1.0,0.0036359272469134864,7,0.9245534524126899,0,0.0,0.1,3468,0.9245534524126899,False
D811,0.0,1.0,0.0041293719372240195,17,0.7933884297520661,0,0.0,0.1,3467,0.9242868568381765,False
D430,0.0,0.833333333,0.0048804308339213814,6,0.9237536656891495,0,0.0,0.0833333333,3465,0.9237536656891495,False
D689,0.0,1.0,0.003962077721245364,8,0.9237536656891495,0,0.0,0.1,3465,0.9237536656891495,False
D160,0.0,1.0,0.0041113723554770075,21,0.6888829645427886,0,0.0,0.1,3464,0.923487070114636,False
D429,0.0,1.0,0.006767455888856858,6,0.9232204745401227,0,0.0,0.1,3463,0.9232204745401227,False
D534,0.0,0.75,0.003378899901997164,7,0.9232204745401227,0,0.0,0.075,3463,0.9232204745401227,False
D191,0.0,0.820906083,0.004142438529066158,429,0.852039456145028,0,0.0,0.0820906083,3458,0.9218874966675553,False
D377,0.0,1.0,0.003745893035117766,9,0.9218874966675553,0,0.0,0.1,3458,0.9218874966675553,False
D121,0.0,1.0,0.024739115283163315,304,0.9192215409224207,0,0.0,0.1,3457,0.9216209010930418,False
D388,0.0,1.0,0.003035198789253817,6,0.920554518794988,0,0.0,0.1,3453,0.920554518794988,False
D585,0.0,1.0,0.004142549737125967,10,0.9194881364969342,0,0.0,0.1,3449,0.9194881364969342,False
D112,0.0,0.8,0.008302481286248666,5,0.9192215409224207,0,0.0,0.08,3448,0.9192215409224207,False
D390,0.0,0.833333333,0.005096390700773021,6,0.9192215409224207,0,0.0,0.0833333333,3448,0.9192215409224207,False
D80,0.0,1.0,0.0047820489519929945,1379,0.34310850439882695,0,0.0,0.1,3446,0.9186883497733938,False
D664,0.0,0.666666667,0.0020796925690182433,16,0.8864302852572647,0,0.0,0.0666666667,3442,0.9176219674753399,False
D428,0.0,1.0,0.0065101827506798245,7,0.9168221807517996,0,0.0,0.1,3439,0.9168221807517996,False
D178,0.00115,1.0,0.002013490120535249,1133,0.0,8,0.80023,0.900115,3438,0.9165555851772861,False
D42,0.0,1.0,0.005248190423729916,70,0.819248200479872,0,0.0,0.1,3438,0.9165555851772861,False
D229,0.0,1.0,0.007656005141719606,5,0.9162889896027726,0,0.0,0.1,3437,0.9162889896027726,False
D701,0.0,1.0,0.004483654947009996,14,0.8531058384430819,0,0.0,0.1,3436,0.9160223940282591,False
D751,0.0,1.0,0.005066990672677092,12,0.8200479872034124,0,0.0,0.1,3434,0.9154892028792322,False
D765,0.0,0.447368421,0.0012787222933860068,17,0.8365769128232471,0,0.0,0.0447368421,3430,0.9144228205811783,False
D249,0.0,1.0,0.003059635572489944,318,0.9125566515595841,0,0.0,0.1,3428,0.9138896294321515,False
D210,0.0,1.0,0.0038284472895494664,453,0.00026659557451346307,9,0.9,1.0,3428,0.9138896294321515,False
D311,0.0,1.0,0.0057680862993542085,10,0.913089842708611,0,0.0,0.1,3425,0.913089842708611,False
D627,0.0,0.666666667,0.0015160552802421466,9,0.9128232471340976,0,0.0,0.0666666667,3424,0.9128232471340976,False
D389,0.0,1.0,0.013745352612270603,5,0.9122900559850706,0,0.0,0.1,3422,0.9122900559850706,False
D376,0.0,1.0,0.009119560275132114,7,0.9120234604105572,0,0.0,0.1,3421,0.9120234604105572,False
D933,0.0,1.0,0.006325213253756964,12,0.8168488403092509,0,0.0,0.1,3420,0.9117568648360437,False
D676,0.0,1.0,0.002824291037451068,8,0.9114902692615302,0,0.0,0.1,3419,0.9114902692615302,False
D440,0.0,1.0,0.007083261756697813,5,0.9093575046654225,0,0.0,0.1,3411,0.9093575046654225,False
D147,0.0,1.0,0.008504968834046282,11,0.9077579312183418,0,0.0,0.1,3405,0.9077579312183418,False
D310,0.0,0.888888889,0.005945392536518914,8,0.9074913356438283,0,0.0,0.08888888889999999,3404,0.9074913356438283,False
D812,0.0,0.916666667,0.007663678015666627,12,0.8344441482271394,0,0.0,0.0916666667,3400,0.9064249533457744,False
D140,0.0,1.0,0.007466189945544425,11,0.9058917621967475,0,0.0,0.1,3398,0.9058917621967475,False
D34,0.0,0.807170971,0.0023338102957803216,161,0.6520927752599307,0,0.0,0.0807170971,3398,0.9058917621967475,False
D359,0.0,0.666666667,0.005758086142475083,5,0.9050919754732072,0,0.0,0.0666666667,3395,0.9050919754732072,False
D762,0.0,1.0,0.0047916482700796695,8,0.6856838176486271,0,0.0,0.1,3390,0.9037589976006398,False
D445,0.0,1.0,0.0049380472150188795,22,0.7520661157024794,0,0.0,0.1,3388,0.9032258064516129,False
D309,0.0,1.0,0.010977628928384582,5,0.9026926153025859,0,0.0,0.1,3386,0.9026926153025859,False
D226,0.0,1.0,0.006802984589864113,6,0.9024260197280725,0,0.0,0.1,3385,0.9024260197280725,False
D334,0.0,1.0,0.0049545927537602875,7,0.9013596374300187,0,0.0,0.1,3381,0.9013596374300187,False
D60,0.0,0.794117698,0.004848048036936714,90,0.6614236203679019,0,0.0,0.0794117698,3377,0.9002932551319648,False
D419,0.0,1.0,0.005874435953306885,16,0.8621700879765396,0,0.0,0.1,3373,0.899226872833911,True
D228,0.0,0.666666667,0.004780916508696125,5,0.8989602772593975,0,0.0,0.0666666667,3372,0.8989602772593975,True
D621,0.0,0.523809524,0.0021759997265728714,11,0.779525459877366,0,0.0,0.0523809524,3372,0.8989602772593975,True
D118,0.0,0.922242628,0.018953497459223964,416,0.8869634764062917,0,0.0,0.0922242628,3371,0.8986936816848841,True
D685,0.0,1.0,0.011937037175761394,5,0.8986936816848841,0,0.0,0.1,3371,0.8986936816848841,True
D361,0.0,1.0,0.006249051172775325,8,0.8973607038123167,0,0.0,0.1,3366,0.8973607038123167,True
D611,0.0,0.5,0.001653362610307033,6,0.8968275126632897,0,0.0,0.05,3364,0.8968275126632897,True
D841,0.0,1.0,0.010253829323480537,7,0.8962943215142629,0,0.0,0.1,3362,0.8962943215142629,True
D843,0.0,1.0,0.0067298770113730965,16,0.8248467075446547,0,0.0,0.1,3362,0.8962943215142629,True
D157,0.0,1.0,0.0036216737082688413,15,0.8184484137563316,0,0.0,0.1,3357,0.8949613436416956,True
D180,0.0945,0.838126574,0.0011884478459499958,1518,0.0,4,0.39195062960000004,0.4663132870000001,3349,0.8928285790455879,True
D937,0.0,1.0,0.0037452378290520377,11,0.8925619834710744,0,0.0,0.1,3348,0.8925619834710744,True
D462,0.0,0.666666667,0.002466321353603592,9,0.891229005598507,0,0.0,0.0666666667,3343,0.891229005598507,True
D936,0.0,1.0,0.005651925237958405,8,0.8898960277259398,0,0.0,0.1,3338,0.8898960277259398,True
D934,0.0,1.0,0.00783541759295023,7,0.888296454278859,0,0.0,0.1,3332,0.888296454278859,True
D360,0.0,1.0,0.005012968282660391,7,0.887763263129832,0,0.0,0.1,3330,0.887763263129832,True
D59,0.0,1.0,0.006839701820323442,24,0.8864302852572647,0,0.0,0.1,3330,0.887763263129832,True
D675,0.0,1.0,0.004086442495633085,8,0.8874966675553185,0,0.0,0.1,3329,0.8874966675553185,True
D109,0.0,0.833333333,0.007026075470009711,6,0.8869634764062917,0,0.0,0.0833333333,3327,0.8869634764062917,True
D336,0.0,1.0,0.00737385119944199,9,0.8866968808317782,0,0.0,0.1,3326,0.8866968808317782,True
D662,0.0,1.0,0.007692022322364253,19,0.7187416688882965,0,0.0,0.1,3326,0.8866968808317782,True
D227,0.0,1.0,0.002603027533544597,8,0.8864302852572647,0,0.0,0.1,3325,0.8864302852572647,True
D168,0.0,0.714285714,0.00521930972218459,11,0.6918155158624367,0,0.0,0.0714285714,3323,0.8858970941082378,True
D214,0.0,0.642110994,0.020282484964919377,408,0.8856304985337243,0,0.0,0.0642110994,3322,0.8856304985337243,True
D164,0.0,1.0,0.0046384613796402714,7,0.8856304985337243,0,0.0,0.1,3322,0.8856304985337243,True
D626,0.0,0.7,0.003778315296495003,8,0.8842975206611571,0,0.0,0.06999999999999999,3317,0.8842975206611571,True
D583,0.0,1.0,0.004791034038679039,23,0.8056518261796854,0,0.0,0.1,3313,0.8832311383631032,True
D610,0.0,1.0,0.006897306628071755,7,0.881364969341509,0,0.0,0.1,3306,0.881364969341509,True
D460,0.0,1.0,0.006000079835851505,12,0.7374033591042388,0,0.0,0.1,3297,0.8789656091708877,True
D37,0.0,1.0,0.010101807625655842,73,0.8643028525726473,0,0.0,0.1,3294,0.8781658224473474,True
D163,0.0,0.9,0.004190245615476503,9,0.8781658224473474,0,0.0,0.09,3294,0.8781658224473474,True
D598,0.0,1.0,0.011333270338786757,5,0.877366035723807,0,0.0,0.1,3291,0.877366035723807,True
D740,0.0,0.952380952,0.0050568192805114116,25,0.5286590242601973,0,0.0,0.0952380952,3289,0.8768328445747801,True
D688,0.0,1.0,0.003615904341296777,8,0.8741668888296454,0,0.0,0.1,3279,0.8741668888296454,True
D4,0.0,1.0,0.013425825271796355,5,0.8736336976806185,0,0.0,0.1,3277,0.8736336976806185,True
D418,0.0,0.8,0.005262750159008517,16,0.8101839509464143,0,0.0,0.08,3271,0.8720341242335378,True
D86,0.0,0.846352625,0.0031047114916538383,1293,0.04798720341242335,0,0.0,0.0846352625,3270,0.8717675286590243,True
D129,0.0,1.0,0.004657877810116931,14,0.8496400959744068,0,0.0,0.1,3269,0.8715009330845108,True
D449,0.0,0.875,0.00769189655263706,15,0.8379098906958145,0,0.0,0.0875,3269,0.8715009330845108,True
D416,0.0,1.0,0.006333560661230586,22,0.707544654758731,0,0.0,0.1,3265,0.8704345507864569,True
D175,0.0189,0.82157487,0.0032815865700447032,1742,0.0,1,0.099167487,0.179434974,3263,0.86990135963743,True
D119,0.0,1.0,0.03075810181338231,542,0.8552386030391895,0,0.0,0.1,3253,0.8672354038922954,True
D687,0.0,0.5,0.0033424057582325055,7,0.8645694481471607,0,0.0,0.05,3243,0.8645694481471607,True
D686,0.0,1.0,0.005312951609277504,9,0.8640362569981338,0,0.0,0.1,3241,0.8640362569981338,True
D470,0.0,0.583333333,0.0031360499937045263,14,0.7262063449746734,0,0.0,0.0583333333,3231,0.8613703012529992,True
D155,0.0,0.764705882,0.004645315531386584,14,0.6523593708344442,0,0.0,0.0764705882,3227,0.8603039189549454,True
D215,0.0,1.0,0.07998386224131394,513,0.8571047720607838,0,0.0,0.1,3215,0.8571047720607838,True
D165,0.0,1.0,0.01017047231143654,7,0.8571047720607838,0,0.0,0.1,3215,0.8571047720607838,True
D472,0.0,0.923076923,0.00895611362924599,13,0.7600639829378832,0,0.0,0.0923076923,3210,0.8557717941882165,True
D748,0.0,1.0,0.005514315306374179,12,0.7214076246334311,0,0.0,0.1,3209,0.855505198613703,True
D110,0.0,1.0,0.00834325535089485,7,0.8552386030391895,0,0.0,0.1,3208,0.8552386030391895,True
D844,0.0,1.0,0.007652711343090877,8,0.8552386030391895,0,0.0,0.1,3208,0.8552386030391895,True
D514,0.0,1.0,0.010420019751880264,11,0.7280725139962677,0,0.0,0.1,3205,0.8544388163156491,True
D216,0.0,1.0,0.02009336940028282,541,0.00026659557451346307,0,0.0,0.1,3204,0.8541722207411357,True
D741,0.0,0.869565217,0.0034021340737102833,25,0.5987736603572381,0,0.0,0.0869565217,3199,0.8528392428685684,True
D597,0.0,1.0,0.0120886985011586,5,0.8523060517195414,0,0.0,0.1,3197,0.8523060517195414,True
D166,0.0,1.0,0.005923785419585827,6,0.8523060517195414,0,0.0,0.1,3197,0.8523060517195414,True
D223,0.0,0.969680272,0.07570500244915301,535,0.852039456145028,0,0.0,0.0969680272,3196,0.852039456145028,True
D84,0.0,1.0,0.004221962739976481,1347,0.04158890962410024,0,0.0,0.1,3190,0.8504398826979472,True
D609,0.0,0.75,0.004792492552061652,6,0.8469741402292722,0,0.0,0.075,3177,0.8469741402292722,True
D187,0.0,1.0,0.0030056467972270407,571,0.00026659557451346307,8,0.8,0.9,3164,0.8435083977605972,True
D156,0.0,0.714285714,0.005450725583562665,6,0.8432418021860837,0,0.0,0.0714285714,3163,0.8432418021860837,True
D211,0.0,1.0,0.09261911603128338,564,0.8432418021860837,0,0.0,0.1,3163,0.8432418021860837,True
D24,0.0,1.0,0.01900549793848629,5,0.8427086110370567,0,0.0,0.1,3161,0.8427086110370567,True
D457,0.0,0.523809524,0.0029819864272125594,11,0.6894161556918155,0,0.0,0.0523809524,3153,0.8405758464409491,True
D158,0.0,1.0,0.008323997866573705,36,0.4878699013596374,0,0.0,0.1,3149,0.8395094641428952,True
D217,0.0,1.0,0.009033228914693131,554,0.00026659557451346307,5,0.5,0.6000000000000001,3145,0.8384430818448414,True
D596,0.0,1.0,0.006445851924030445,7,0.8368435083977606,0,0.0,0.1,3139,0.8368435083977606,True
D750,0.0,1.0,0.01201014706750909,9,0.8341775526526259,0,0.0,0.1,3129,0.8341775526526259,True
D73,0.0,0.736890701,0.004627546127621584,42,0.7091442282058118,0,0.0,0.0736890701,3123,0.8325779792055452,True
D426,0.0,1.0,0.006589640611965842,7,0.8312450013329779,0,0.0,0.1,3118,0.8312450013329779,True
D842,0.0,1.0,0.012290196669895448,11,0.8176486270327913,0,0.0,0.1,3117,0.8309784057584644,True
D22,0.0,0.896551724,0.0036177746234230565,17,0.4238869634764063,0,0.0,0.08965517240000001,3116,0.8307118101839509,True
D55,0.0,0.945098904,0.005912369664195377,356,0.46920821114369504,0,0.0,0.09450989039999999,3112,0.8296454278858971,True
D57,0.0,0.964877986,0.007314919252105301,108,0.440415889096241,0,0.0,0.0964877986,3112,0.8296454278858971,True
D699,0.0,1.0,0.007144219819174142,9,0.822713942948547,0,0.0,0.1,3086,0.822713942948547,True
D417,0.0,0.625,0.005304867463765634,16,0.7632631298320448,0,0.0,0.0625,3084,0.8221807517995201,True
D203,0.0,0.976332943,0.04404217285541026,650,0.00026659557451346307,0,0.0,0.09763329429999999,3074,0.8195147960543855,True
D195,0.0,0.998498665,0.08204296563384693,633,0.8184484137563316,0,0.0,0.0998498665,3070,0.8184484137563316,True
D53,0.0,0.878479603,0.0039497091276775274,202,0.4356171687549987,0,0.0,0.0878479603,3055,0.8144494801386297,True
D135,0.0,1.0,0.010127414411627452,13,0.5275926419621434,0,0.0,0.1,3048,0.8125833111170354,True
D674,0.0,1.0,0.004754539818440666,9,0.8117835243934951,0,0.0,0.1,3045,0.8117835243934951,True
D185,0.0,1.0,0.012099288627844255,698,0.8091175686483605,0,0.0,0.1,3042,0.8109837376699547,True
D212,0.0,0.993830681,0.08312927067408192,698,0.8091175686483605,0,0.0,0.0993830681,3035,0.8091175686483605,True
D161,0.0,0.75,0.005681878149830978,12,0.5793121834177553,0,0.0,0.075,3024,0.8061850173287124,True
D661,0.0,1.0,0.012282678613631567,20,0.643028525726473,0,0.0,0.1,3020,0.8051186350306585,True
D607,0.0,0.928571429,0.007366451369688515,10,0.6011730205278593,0,0.0,0.0928571429,3012,0.8029858704345508,True
D68,0.0,0.937500054,0.005536094893551495,382,0.40015995734470805,0,0.0,0.0937500054,3011,0.8027192748600374,True
D117,0.0,1.0,0.07060933553623434,746,0.800853105838443,0,0.0,0.1,3008,0.8019194881364969,True
D504,0.0,1.0,0.006341663610088314,31,0.2218075179952013,0,0.0,0.1,3005,0.8011197014129565,True
D108,0.0,1.0,0.011470776256485007,7,0.800853105838443,0,0.0,0.1,3004,0.800853105838443,True
D673,0.0,1.0,0.012038141769648084,7,0.7997867235403893,0,0.0,0.1,3000,0.7997867235403893,True
D35,0.0,0.898321267,0.006162437936180049,121,0.5675819781391629,0,0.0,0.0898321267,2999,0.7995201279658758,True
D802,0.0,0.825,0.005310517746231859,28,0.36070381231671556,0,0.0,0.08249999999999999,2992,0.7976539589442815,True
D926,0.0,0.85,0.004372753242874681,24,0.3263129832044788,0,0.0,0.08499999999999999,2992,0.7976539589442815,True
D58,0.0,1.0,0.009096797255136322,268,0.5611836843508398,0,0.0,0.1,2987,0.7963209810717142,True
D925,0.0,1.0,0.006589432004473163,21,0.4662756598240469,0,0.0,0.1,2977,0.7936550253265796,True
D595,0.0,0.9,0.013950516421427405,9,0.7917888563049853,0,0.0,0.09,2970,0.7917888563049853,True
D672,0.0,0.857142857,0.008677670377298783,12,0.5891762196747534,0,0.0,0.0857142857,2970,0.7917888563049853,True
D808,0.0,0.75,0.0069447721083200215,9,0.7888563049853372,0,0.0,0.075,2959,0.7888563049853372,True
D65,0.0,0.833864473,0.004869927692558499,513,0.23487070114636097,0,0.0,0.0833864473,2959,0.7888563049853372,True
D608,0.0,1.0,0.008506679388608976,10,0.7877899226872834,0,0.0,0.1,2955,0.7877899226872834,True
D54,0.0,0.80251446,0.005590294440491708,461,0.2921887496667555,0,0.0,0.080251446,2953,0.7872567315382565,True
D624,0.0,1.0,0.011818658097465665,8,0.7867235403892295,0,0.0,0.1,2951,0.7867235403892295,True
D151,0.0,1.0,0.006619662640569359,27,0.34710743801652894,0,0.0,0.1,2951,0.7867235403892295,True
D143,0.0,1.0,0.005349311941683824,21,0.37056784857371367,0,0.0,0.1,2931,0.7813916288989603,True
D697,0.0,1.0,0.007431953984935752,10,0.7805918421754199,0,0.0,0.1,2928,0.7805918421754199,True
D44,0.0,0.87167622,0.005980548259111867,200,0.33964276193015197,0,0.0,0.087167622,2906,0.7747267395361237,True
D623,0.0,1.0,0.011704314644327318,9,0.7739269528125833,0,0.0,0.1,2903,0.7739269528125833,True
D415,0.0,1.0,0.009482163612326911,12,0.7094108237803253,0,0.0,0.1,2899,0.7728605705145295,True
D806,0.0,1.0,0.006107108076971165,10,0.4780058651026393,0,0.0,0.1,2891,0.7707278059184217,True
D469,0.0,1.0,0.010928279568326519,10,0.7246067715275927,0,0.0,0.1,2881,0.7680618501732871,True
D622,0.0,0.631578947,0.005563169866828085,12,0.6507597973873633,0,0.0,0.0631578947,2871,0.7653958944281525,True
D205,0.0324,1.0,0.00549893032179777,1115,0.0,7,0.70972,0.80648,2854,0.7608637696614237,True
D64,0.0,1.0,0.00947579269721158,307,0.46920821114369504,0,0.0,0.1,2829,0.7541988802985871,True
D93,0.0,0.80952381,0.0033826221266914413,15,0.3950946414289523,0,0.0,0.08095238099999999,2819,0.7515329245534524,True
D29,0.0,1.0,0.02114633032647743,7,0.7488669688083178,0,0.0,0.1,2809,0.7488669688083178,True
D36,0.0,1.0,0.01041815216997278,72,0.6502266062383364,0,0.0,0.1,2795,0.7451346307651293,True
D76,0.0,0.929902548,0.005378929034587679,475,0.13543055185283925,0,0.0,0.0929902548,2789,0.7435350573180485,True
D63,0.0,0.745698496,0.005430134566430244,322,0.41828845641162354,0,0.0,0.0745698496,2768,0.7379365502532658,True
D739,0.0,0.977272727,0.008898819620617903,32,0.4030925086643562,0,0.0,0.0977272727,2758,0.7352705945081311,True
D66,0.0,0.676523005,0.004777841098253346,273,0.4129565449213543,0,0.0,0.0676523005,2757,0.7350039989336177,True
D159,0.0,0.451612903,0.0016595430376104812,13,0.46680885097307384,0,0.0,0.045161290300000004,2755,0.7344708077845907,True
D82,0.0,1.0,0.020656857096172203,5,0.7307384697414023,0,0.0,0.1,2741,0.7307384697414023,True
D182,0.0,1.0,0.01219561798700932,991,0.00026659557451346307,0,0.0,0.1,2732,0.7283391095707811,True
D209,0.0,1.0,0.03813263335570977,932,0.00026659557451346307,2,0.2,0.30000000000000004,2730,0.7278059184217542,True
D459,0.0,1.0,0.012616928551263739,10,0.7248733671021061,0,0.0,0.1,2719,0.7248733671021061,True
D167,0.0,1.0,0.007747939761330197,11,0.418555051986137,0,0.0,0.1,2711,0.7227406025059984,True
D20,0.0,0.895525528,0.006229899849589898,1531,0.011197014129565449,0,0.0,0.08955255279999999,2703,0.7206078379098907,True
D927,0.0,1.0,0.008922646333259275,32,0.30285257264729404,0,0.0,0.1,2700,0.7198080511863503,True
D88,0.0,1.0,0.006518732383261186,1446,0.00026659557451346307,0,0.0,0.1,2679,0.7142095441215676,True
D947,0.0,1.0,0.007966098990231143,31,0.2210077312716609,0,0.0,0.1,2678,0.7139429485470541,True
D101,0.0,1.0,0.014060020954226917,447,0.0005331911490269261,0,0.0,0.1,2673,0.7126099706744868,True
D173,0.0,0.885242297,0.008897469149486897,1435,0.4660090642495335,0,0.0,0.0885242297,2673,0.7126099706744868,True
D43,0.0,1.0,0.009594413956599067,156,0.37723273793655027,0,0.0,0.1,2673,0.7126099706744868,True
D747,0.0,1.0,0.011323477784401011,8,0.7056784857371368,0,0.0,0.1,2647,0.7056784857371368,True
D660,0.0,1.0,0.009247346796447484,24,0.4649426819514796,0,0.0,0.1,2644,0.7048786990135963,True
D62,0.0,1.0,0.00764978636150109,149,0.3617701946147694,0,0.0,0.1,2637,0.7030125299920021,True
D71,0.0,1.0,0.007411369654660717,213,0.3444414822713943,0,0.0,0.1,2629,0.7008797653958945,True
D458,0.0,0.95,0.008621248854211169,17,0.5673153825646494,0,0.0,0.095,2615,0.697147427352706,True
D33,0.0,0.802000907,0.0074511170908821865,387,0.4788056518261797,0,0.0,0.0802000907,2608,0.6952812583311117,True
D219,0.0,0.82555,0.0887136604806671,1103,0.6918155158624367,0,0.0,0.082555,2595,0.6918155158624367,True
D505,0.0,0.873015873,0.006022204269691489,43,0.13996267661956813,0,0.0,0.08730158730000001,2577,0.6870167955211943,True
D479,0.0,0.766666667,0.005305855494266489,22,0.2476672887230072,0,0.0,0.0766666667,2559,0.682218075179952,True
D373,0.0,1.0,0.012753790404847875,9,0.6816848840309251,0,0.0,0.1,2557,0.6816848840309251,True
D69,0.0,0.948341979,0.004656336289717494,989,0.07384697414022927,0,0.0,0.0948341979,2541,0.6774193548387096,True
D807,0.0,1.0,0.013522960126299919,8,0.6680885097307385,0,0.0,0.1,2506,0.6680885097307385,True
D207,0.0,0.974643848,0.004993910053534726,1492,0.00026659557451346307,7,0.6822506936,0.7797150784,2498,0.6659557451346307,True
D49,0.0,0.775406633,0.004915954305684406,345,0.3308451079712077,0,0.0,0.0775406633,2496,0.6654225539856038,True
D52,0.0,1.0,0.17765912920636054,208,0.16768861636896829,9,0.9,1.0,2454,0.6542255398560384,True
D194,0.0,1.0,0.1493390461097902,1116,0.6523593708344442,0,0.0,0.1,2447,0.6523593708344442,True
D38,0.0,1.0,0.0056809999262195186,647,0.119168221807518,0,0.0,0.1,2446,0.6520927752599307,True
D92,0.0,0.842105263,0.004999689821638664,13,0.3460410557184751,0,0.0,0.0842105263,2443,0.6512929885363903,True
D1,0.0,1.0,0.006396507214660194,24,0.1783524393495068,0,0.0,0.1,2433,0.6486270327912557,True
D512,0.0,1.0,0.009824848322845824,15,0.35643828312450015,0,0.0,0.1,2431,0.6480938416422287,True
D12,0.0,1.0,0.007453788560498326,12,0.34844041588909624,0,0.0,0.1,2424,0.6462276726206345,True
D56,0.0,0.937500054,0.011462163462783354,254,0.4702745934417489,0,0.0,0.0937500054,2391,0.6374300186616902,True
D3,0.0,0.95,0.006147147040003764,15,0.37509997334044254,0,0.0,0.095,2360,0.6291655558517728,True
D137,0.0,0.9375,0.008175276493406077,14,0.3324446814182885,0,0.0,0.09375,2284,0.6089042921887496,True
D950,0.0,1.0,0.0059607344762347995,23,0.030658491069048253,0,0.0,0.1,2240,0.5971740869101573,True
D48,0.0,0.957122686,0.009153225135483977,732,0.10797120767795254,0,0.0,0.0957122686,2214,0.5902426019728072,True
D61,0.0,1.0,0.013773431924060444,649,0.1279658757664623,0,0.0,0.1,2209,0.58890962410024,True
D949,0.0,0.875,0.009839371635439116,8,0.16368968275126633,1,0.0875,0.175,2202,0.5870434550786457,True
D89,0.0357,1.0,0.0035489009250256184,3658,0.0,5,0.51785,0.6142799999999999,2182,0.5817115435883764,True
D90,0.00865,0.870249239,0.002034087257641938,3356,0.0,3,0.26712977169999996,0.35328969559999995,2177,0.5803785657158091,True
D127,0.0,1.0,0.022282944787171667,7,0.5777126099706745,0,0.0,0.1,2167,0.5777126099706745,True
D31,0.0,1.0,0.011221666267885145,1325,0.09944014929352173,0,0.0,0.1,2165,0.5771794188216476,True
D75,0.0,1.0,0.014355893111581206,517,0.32071447613969606,0,0.0,0.1,2163,0.5766462276726206,True
D202,0.0,1.0,0.011660255581805775,1712,0.00026659557451346307,5,0.5,0.6000000000000001,2148,0.5726472940549187,True
D128,0.0,1.0,0.005463241631391707,20,0.17728605705145295,0,0.0,0.1,2133,0.5686483604372168,True
D91,0.0,0.74461719,0.0021598223593814235,3372,0.00026659557451346307,5,0.372308595,0.44677031400000006,2026,0.5401226339642762,True
D19,0.0017,0.964093878,0.007111395699724825,2134,0.0,1,0.09793938779999999,0.1941787756,1968,0.5246600906424953,True
D146,0.0,0.952380952,0.02493709465939034,36,0.20261263663023193,0,0.0,0.0952380952,1967,0.5243934950679818,True
D14,0.0,1.0,0.004355882421169848,2390,0.00026659557451346307,1,0.1,0.2,1938,0.5166622234070914,True
D951,0.0,0.955555556,0.009931285229118021,67,0.006664889362836577,1,0.0955555556,0.1911111112,1924,0.5129298853639029,True
D5,0.00263,1.0,0.010522266768326084,2923,0.0,1,0.10236699999999999,0.20210399999999998,1841,0.4908024526792855,True
D130,0.0,0.861111111,0.007549724670408564,26,0.12023460410557185,0,0.0,0.0861111111,1833,0.48866968808317784,True
D198,0.0,0.85245622,0.03928791525849028,1642,0.4878699013596374,0,0.0,0.085245622,1830,0.4878699013596374,True
D96,0.0,1.0,0.007261194978129586,25,0.051452945881098375,1,0.1,0.2,1825,0.4865369234870701,True
D77,0.0,1.0,0.011343231461290317,7,0.4662756598240469,1,0.1,0.2,1816,0.48413756331644897,True
D200,0.0,1.0,0.0673740761610874,2183,0.1863503065849107,6,0.6000000000000001,0.7000000000000001,1769,0.4716075713143162,True
D15,0.00297,0.725665462,0.007787411368848814,3682,0.0,7,0.5088568234,0.5811263696000001,1768,0.4713409757398027,True
D199,0.0,1.0,0.0703548955632445,1706,0.46680885097307384,0,0.0,0.1,1751,0.46680885097307384,True
D201,0.257565449,1.0,0.073251576722537,1804,0.0,0,0.257565449,0.33180890409999997,1748,0.4660090642495335,True
D9,0.275589758,1.0,0.005139837199496345,3741,0.0,6,0.7102359032000001,0.7826769274,1709,0.4556118368435084,True
D181,0.354010439,1.0,0.0029244932706425724,2622,0.0,4,0.6124062634,0.6770052195,1703,0.45401226339642764,True
D142,0.0,0.6875,0.010085894583447436,12,0.19514796054385497,0,0.0,0.06875,1694,0.45161290322580644,True
D196,0.0,1.0,0.08724773415057915,1956,0.2684617435350573,6,0.6000000000000001,0.7000000000000001,1694,0.45161290322580644,True
D79,0.142857143,0.857142857,0.013770061211553792,6,0.0,4,0.42857142859999997,0.5,1683,0.44868035190615835,True
D911,0.0,0.978494624,0.020696768696955834,73,0.06904825379898694,0,0.0,0.0978494624,1676,0.4468141828845641,True
D32,0.0,0.817857323,0.0047202998462844235,1141,0.06318315115969075,1,0.0817857323,0.1635714646,1673,0.44601439616102373,True
D50,0.0,1.0,0.033899944694585814,26,0.006398293788323114,9,0.9,1.0,1671,0.4454812050119968,True
D18,0.0,1.0,0.007623220941408252,3212,0.04398826979472141,1,0.1,0.2,1620,0.43188483071181016,True
D107,0.0,0.91561378,0.009059447820832955,3595,0.00026659557451346307,7,0.640929646,0.732491024,1576,0.4201546254332178,True
D218,0.0,0.994036474,0.13310047615741352,2055,0.418555051986137,0,0.0,0.09940364739999999,1570,0.418555051986137,True
D11,0.0,1.0,0.03138894842987751,265,0.22980538523060517,0,0.0,0.1,1564,0.41695547853905623,True
D10,0.00304,1.0,0.00923814164896446,3692,0.0,3,0.30212799999999995,0.40182399999999996,1562,0.41642228739002934,True
D25,0.0,0.966400018,0.005729330954662626,2943,0.00026659557451346307,5,0.483200009,0.5798400108,1526,0.40682484670754465,True
D139,0.0,0.714285714,0.007464469143793902,27,0.10077312716608905,0,0.0,0.0714285714,1526,0.40682484670754465,True
D208,0.141123584,0.995062883,0.019266306077444194,2494,0.0,5,0.5680932335,0.6534871634,1519,0.4049586776859504,True
D39,0.0,0.87685656,0.019544066103672,458,0.2316715542521994,0,0.0,0.087685656,1498,0.3993601706211677,True
D8,0.0,0.989869664,0.02647447485363917,3272,0.00026659557451346307,5,0.494934832,0.5939217984,1486,0.3961610237270061,True
D150,0.0,1.0,0.01610122865421098,18,0.24100239936017062,0,0.0,0.1,1483,0.39536123700346576,True
D87,0.0,1.0,0.010373168517734569,586,0.00026659557451346307,3,0.30000000000000004,0.4,1473,0.3926952812583311,True
D74,0.0,0.845545379,0.00827489734153164,2217,0.005865102639296188,1,0.0845545379,0.1691090758,1452,0.3870967741935484,True
D162,0.0,0.75,0.009816796771028662,17,0.2708611037056785,0,0.0,0.075,1419,0.3782991202346041,True
D145,0.0,0.807692308,0.011792148857381982,38,0.144494801386297,0,0.0,0.08076923080000001,1407,0.37509997334044254,True
D99,0.0,0.96066186,0.013729706957326044,2455,0.0015995734470807784,5,0.48033093,0.576397116,1398,0.3727006131698214,True
D6,0.137873004,0.994734614,0.0061923888924311785,3732,0.0,5,0.566303809,0.65198997,1380,0.36790189282857905,True
D152,0.0,0.651515152,0.011468051936761845,40,0.13463076512929886,0,0.0,0.0651515152,1368,0.3647027459344175,True
D106,0.0,1.0,0.01103442437840011,3638,0.006664889362836577,1,0.1,0.2,1359,0.36230338576379634,True
D45,0.0,1.0,0.02181608937992754,2610,0.1018395094641429,0,0.0,0.1,1354,0.36097040789122903,True
D103,0.0,1.0,0.014690111089336258,2980,0.00026659557451346307,2,0.2,0.30000000000000004,1336,0.3561716875499867,True
D70,0.0,1.0,0.015553970683374815,71,0.0007997867235403892,6,0.6000000000000001,0.7000000000000001,1335,0.3559050919754732,True
D131,0.0,1.0,0.010803034834597516,32,0.07464676086376966,0,0.0,0.1,1334,0.35563849640095974,True
D16,0.0,0.980615209,0.013512993396629319,3166,0.00026659557451346307,2,0.1961230418,0.29418456270000004,1298,0.3460410557184751,True
D177,0.000514,1.0,0.03684454763989489,2658,0.0,0,0.000514,0.1004626,1297,0.3457744601439616,True
D126,0.0,0.921052632,0.01363842467458866,33,0.022394028259130897,1,0.0921052632,0.1842105264,1291,0.34417488669688084,True
D26,0.0716,1.0,0.012753384198500667,3280,0.0,7,0.72148,0.81432,1277,0.34044254865369233,True
D47,0.0,0.852197763,0.010172146023439514,3131,0.0005331911490269261,2,0.17043955260000002,0.25565932890000004,1241,0.3308451079712077,True
D30,0.03,1.0,0.01825772071226218,3671,0.0,2,0.224,0.32100000000000006,1205,0.321247667288723,True
D102,0.00235,0.823154127,0.011557414580958948,2900,0.0,1,0.08443041270000001,0.1665108254,1205,0.321247667288723,True
D136,0.0,0.777777778,0.017005102000017484,8,0.31804852039456144,0,0.0,0.0777777778,1193,0.31804852039456144,True
D7,0.00613,0.79083095,0.008100900855769508,3685,0.0,3,0.241540285,0.32001038000000004,1177,0.31378299120234604,True
D100,0.0,1.0,0.01642905244709441,444,0.0005331911490269261,6,0.6000000000000001,0.7000000000000001,1172,0.31245001332977873,True
D17,0.15582589,1.0,0.011562414150340936,3749,0.0,4,0.493495534,0.577912945,1133,0.3020527859237537,True
D67,0.0,0.752715469,0.011482958366467505,432,0.12183417755265262,1,0.0752715469,0.1505430938,1116,0.2975206611570248,True
D659,0.0,0.75,0.02595228225712717,22,0.29298853639029593,0,0.0,0.075,1109,0.29565449213543055,True
D83,0.0,1.0,0.02702270990437428,10,0.22767262063449747,1,0.1,0.2,1081,0.2881898160490536,True
D46,0.0,1.0,0.020089258234203943,3334,0.0007997867235403892,4,0.4,0.5,1063,0.28339109570781124,True
D104,0.0,1.0,0.04252449877615074,3613,0.006664889362836577,4,0.4,0.5,1029,0.2743268461743535,True
D2,0.282127517,0.964380785,0.011203410629493775,1768,0.0,4,0.5550288242,0.623254151,1023,0.2727272727272727,True
D204,0.00399,1.0,0.1016483349112424,2293,0.0,0,0.00399,0.10359099999999999,1010,0.2692615302585977,True
D105,0.00381,0.972938252,0.04203604082329874,3640,0.0,6,0.5852869512,0.6821997764,929,0.2476672887230072,True
