sample_index,cluster,Activity
0,0,1
1,1,1
2,0,1
3,2,1
4,2,0
5,3,0
6,0,1
7,3,1
8,2,1
9,0,0
10,2,1
11,3,0
12,3,1
13,3,1
14,2,1
15,2,1
16,2,1
17,0,1
18,2,1
19,3,0
20,3,0
21,3,1
22,3,0
23,2,0
24,2,0
25,0,1
26,0,1
27,3,0
28,0,1
29,3,1
30,1,0
31,3,0
32,2,0
33,0,1
34,0,1
35,2,1
36,3,1
37,0,0
38,2,1
39,3,1
40,3,1
41,0,0
42,2,0
43,3,0
44,3,1
45,3,1
46,0,1
47,0,1
48,3,0
49,0,0
50,3,1
51,3,1
52,2,0
53,3,0
54,0,1
55,3,1
56,0,0
57,2,0
58,0,1
59,0,1
60,0,0
61,0,1
62,2,0
63,3,0
64,3,0
65,2,0
66,0,0
67,3,1
68,0,0
69,0,1
70,0,0
71,0,0
72,0,1
73,2,0
74,0,1
75,0,1
76,0,1
77,2,1
78,3,1
79,2,0
80,3,1
81,0,0
82,2,1
83,0,1
84,3,1
85,0,1
86,0,0
87,3,0
88,0,1
89,3,0
90,3,1
91,3,1
92,3,1
93,2,1
94,1,1
95,3,1
96,2,1
97,2,1
98,0,1
99,2,0
100,2,0
101,0,1
102,3,0
103,3,1
104,0,0
105,3,1
106,0,1
107,0,1
108,2,0
109,3,1
110,2,0
111,2,0
112,3,0
113,0,1
114,2,1
115,3,0
116,3,1
117,0,0
118,3,1
119,3,1
120,2,0
121,2,0
122,2,1
123,0,0
124,0,1
125,3,1
126,3,1
127,2,0
128,0,1
129,3,1
130,2,0
131,3,1
132,3,1
133,3,1
134,3,1
135,3,0
136,3,0
137,2,0
138,0,0
139,3,0
140,3,1
141,0,1
142,0,1
143,0,1
144,2,1
145,3,1
146,3,1
147,0,1
148,3,0
149,2,0
150,2,0
151,0,1
152,0,1
153,3,1
154,3,1
155,0,0
156,3,1
157,3,0
158,3,0
159,2,1
160,2,0
161,2,0
162,0,1
163,2,0
164,0,0
165,2,0
166,2,0
167,0,1
168,2,1
169,3,0
170,1,1
171,2,0
172,0,1
173,3,1
174,3,1
175,0,1
176,3,0
177,3,1
178,2,0
179,3,0
180,3,0
181,2,1
182,2,0
183,2,1
184,3,1
185,3,1
186,2,1
187,0,1
188,2,0
189,3,0
190,2,1
191,0,1
192,0,1
193,2,1
194,0,0
195,2,1
196,1,1
197,3,1
198,0,0
199,3,0
200,0,1
201,2,1
202,3,0
203,3,1
204,2,1
205,2,0
206,2,0
207,3,1
208,0,1
209,1,0
210,2,0
211,3,1
212,3,0
213,2,0
214,0,1
215,1,0
216,2,1
217,2,0
218,3,1
219,3,1
220,2,0
221,2,0
222,2,1
223,0,1
224,3,1
225,0,0
226,0,0
227,2,0
228,3,1
229,3,1
230,2,0
231,3,1
232,0,1
233,2,1
234,0,0
235,0,1
236,3,1
237,0,0
238,0,1
239,3,0
240,0,1
241,0,0
242,0,0
243,3,0
244,2,0
245,2,1
246,0,0
247,3,1
248,3,0
249,0,0
250,3,1
251,2,1
252,2,0
253,0,0
254,2,1
255,2,1
256,3,0
257,2,1
258,3,1
259,3,1
260,0,1
261,2,1
262,0,1
263,2,1
264,3,0
265,3,0
266,3,0
267,0,0
268,3,1
269,2,0
270,3,1
271,0,1
272,0,0
273,3,0
274,0,1
275,0,1
276,3,1
277,2,1
278,3,1
279,2,1
280,0,0
281,2,0
282,2,1
283,0,1
284,0,1
285,3,0
286,1,1
287,0,1
288,3,0
289,3,0
290,3,1
291,0,1
292,3,1
293,3,1
294,3,1
295,3,1
296,0,0
297,0,1
298,2,0
299,3,1
300,0,1
301,0,0
302,3,1
303,3,1
304,0,1
305,2,0
306,3,0
307,0,0
308,0,0
309,0,1
310,1,0
311,3,1
312,3,0
313,3,0
314,2,0
315,3,1
316,3,0
317,0,1
318,3,0
319,0,1
320,0,1
321,3,0
322,0,0
323,0,1
324,3,0
325,0,0
326,2,1
327,3,1
328,3,1
329,3,0
330,3,0
331,3,1
332,0,1
333,2,1
334,2,0
335,0,0
336,0,0
337,2,1
338,2,0
339,0,1
340,2,1
341,3,0
342,0,1
343,3,0
344,0,1
345,3,0
346,3,1
347,3,1
348,2,0
349,0,1
350,3,0
351,3,0
352,3,0
353,2,1
354,2,1
355,2,0
356,0,0
357,3,0
358,3,1
359,0,1
360,2,0
361,3,1
362,0,0
363,3,1
364,3,1
365,3,1
366,2,0
367,0,1
368,3,1
369,3,1
370,0,1
371,2,0
372,3,1
373,0,1
374,2,1
375,2,0
376,0,1
377,1,1
378,2,0
379,3,1
380,2,0
381,3,0
382,0,0
383,3,0
384,2,0
385,0,1
386,0,0
387,0,1
388,0,1
389,0,1
390,0,1
391,0,1
392,3,1
393,2,0
394,3,1
395,3,0
396,2,0
397,3,0
398,1,1
399,3,0
400,3,1
401,2,1
402,2,1
403,0,1
404,3,0
405,3,1
406,3,1
407,0,0
408,0,1
409,2,0
410,3,1
411,3,1
412,3,1
413,2,0
414,2,1
415,3,0
416,3,0
417,2,1
418,3,1
419,0,1
420,1,1
421,2,1
422,0,1
423,3,1
424,0,1
425,3,1
426,0,1
427,3,1
428,0,1
429,0,1
430,2,1
431,3,1
432,2,0
433,1,0
434,3,1
435,3,1
436,3,0
437,2,0
438,3,1
439,3,1
440,3,0
441,0,1
442,0,1
443,0,0
444,1,0
445,3,1
446,0,0
447,0,0
448,0,0
449,0,0
450,3,1
451,0,0
452,0,0
453,0,0
454,0,1
455,3,0
456,3,1
457,0,1
458,2,0
459,3,0
460,3,1
461,3,1
462,2,1
463,2,1
464,0,1
465,1,0
466,2,0
467,2,0
468,3,1
469,3,0
470,2,1
471,3,1
472,3,1
473,3,0
474,3,1
475,0,1
476,3,1
477,1,1
478,3,0
479,3,0
480,3,1
481,0,0
482,0,1
483,3,1
484,3,0
485,0,0
486,3,0
487,3,0
488,3,1
489,1,1
490,3,0
491,3,1
492,3,1
493,3,1
494,2,0
495,2,1
496,3,0
497,0,1
498,2,0
499,3,0
500,3,0
501,3,0
502,3,0
503,3,0
504,3,1
505,3,1
506,3,1
507,0,0
508,0,1
509,0,1
510,2,0
511,0,1
512,2,1
513,3,1
514,2,0
515,0,1
516,0,1
517,2,0
518,0,0
519,2,0
520,3,1
521,3,0
522,2,0
523,1,0
524,0,1
525,3,0
526,0,1
527,0,1
528,3,0
529,1,1
530,1,1
531,0,0
532,0,1
533,2,0
534,3,1
535,2,1
536,0,1
537,0,0
538,3,1
539,2,0
540,3,0
541,2,1
542,3,1
543,3,1
544,3,0
545,0,0
546,0,0
547,2,1
548,0,1
549,3,0
550,0,0
551,0,0
552,2,0
553,2,0
554,0,1
555,0,1
556,0,0
557,3,0
558,3,0
559,2,1
560,2,1
561,0,1
562,3,1
563,3,0
564,0,1
565,3,1
566,0,1
567,3,1
568,3,1
569,2,1
570,0,1
571,1,1
572,0,0
573,0,0
574,0,0
575,2,0
576,2,1
577,0,1
578,0,0
579,2,0
580,0,0
581,3,1
582,0,1
583,3,0
584,0,0
585,3,1
586,3,1
587,3,1
588,2,0
589,0,1
590,3,1
591,0,1
592,1,1
593,2,0
594,3,0
595,2,0
596,3,0
597,2,1
598,0,1
599,2,1
600,1,0
601,0,1
602,0,1
603,3,1
604,3,1
605,3,1
606,0,0
607,3,1
608,3,0
609,3,1
610,0,1
611,0,0
612,0,1
613,3,1
614,0,1
615,3,1
616,3,1
617,0,1
618,3,1
619,2,1
620,1,1
621,2,0
622,2,1
623,3,1
624,3,1
625,0,0
626,0,1
627,2,1
628,0,0
629,2,1
630,3,0
631,2,0
632,3,1
633,0,1
634,2,1
635,3,0
636,3,1
637,3,1
638,2,0
639,0,1
640,3,0
641,2,0
642,2,0
643,3,1
644,2,0
645,0,1
646,3,1
647,2,1
648,0,1
649,2,1
650,2,1
651,3,1
652,2,1
653,3,0
654,0,1
655,3,1
656,2,1
657,0,1
658,3,1
659,3,0
660,0,1
661,3,1
662,3,0
663,2,1
664,2,1
665,3,0
666,1,1
667,2,1
668,3,0
669,2,0
670,2,1
671,3,1
672,0,1
673,0,1
674,3,1
675,3,1
676,3,1
677,3,1
678,3,1
679,3,0
680,3,1
681,3,1
682,0,0
683,0,0
684,3,0
685,3,0
686,3,1
687,3,1
688,3,1
689,0,1
690,2,1
691,0,1
692,0,1
693,0,1
694,3,1
695,0,0
696,0,0
697,2,1
698,2,0
699,2,0
700,3,1
701,2,0
702,3,0
703,3,1
704,3,0
705,3,1
706,2,1
707,2,1
708,3,0
709,3,1
710,0,1
711,2,0
712,0,1
713,0,1
714,0,1
715,2,0
716,0,1
717,2,0
718,3,1
719,2,1
720,3,0
721,3,0
722,3,0
723,2,1
724,3,0
725,3,0
726,3,1
727,2,1
728,3,1
729,3,1
730,3,0
731,3,1
732,3,1
733,0,1
734,3,1
735,3,0
736,2,1
737,0,0
738,3,1
739,3,1
740,3,1
741,2,0
742,0,0
743,3,1
744,0,1
745,2,1
746,3,0
747,0,0
748,0,0
749,2,0
750,3,0
751,0,1
752,3,1
753,0,1
754,0,0
755,2,1
756,0,1
757,3,1
758,0,0
759,2,0
760,2,0
761,3,1
762,3,0
763,2,0
764,0,0
765,3,1
766,2,0
767,3,1
768,0,0
769,0,0
770,0,1
771,3,0
772,0,0
773,3,1
774,0,0
775,0,1
776,3,0
777,1,0
778,3,1
779,0,1
780,0,0
781,0,1
782,3,1
783,3,1
784,0,1
785,3,0
786,0,1
787,2,0
788,0,1
789,3,1
790,3,0
791,2,0
792,3,0
793,0,1
794,0,0
795,3,1
796,0,1
797,0,1
798,0,0
799,3,1
800,0,1
801,0,0
802,0,0
803,3,1
804,3,1
805,3,1
806,2,0
807,2,0
808,3,0
809,0,1
810,3,1
811,3,1
812,3,1
813,0,1
814,0,0
815,0,0
816,2,0
817,0,1
818,0,0
819,2,1
820,3,1
821,3,1
822,2,0
823,3,1
824,0,1
825,3,1
826,0,0
827,0,1
828,0,1
829,3,0
830,2,1
831,0,1
832,3,1
833,2,0
834,2,0
835,0,1
836,2,0
837,3,0
838,0,1
839,3,1
840,3,1
841,2,1
842,0,1
843,3,1
844,2,1
845,2,0
846,3,1
847,0,0
848,2,0
849,3,1
850,2,0
851,0,0
852,2,0
853,2,1
854,1,0
855,0,1
856,3,0
857,3,1
858,2,0
859,2,0
860,2,1
861,0,0
862,0,0
863,3,0
864,2,0
865,3,1
866,2,1
867,3,0
868,0,0
869,2,0
870,3,1
871,3,0
872,3,1
873,2,0
874,0,1
875,2,0
876,2,0
877,2,0
878,2,0
879,2,1
880,0,0
881,3,1
882,3,1
883,0,0
884,0,0
885,3,1
886,3,1
887,3,0
888,3,1
889,0,0
890,0,0
891,0,0
892,0,1
893,2,0
894,2,0
895,3,0
896,2,1
897,0,1
898,2,0
899,3,1
900,3,0
901,0,0
902,3,0
903,0,0
904,0,0
905,3,1
906,0,0
907,3,1
908,3,1
909,2,1
910,0,1
911,0,1
912,0,0
913,2,1
914,2,1
915,2,1
916,3,0
917,0,1
918,3,1
919,0,0
920,0,1
921,0,0
922,3,0
923,2,0
924,2,0
925,3,1
926,2,1
927,3,1
928,2,0
929,2,0
930,2,0
931,3,1
932,0,1
933,0,1
934,3,0
935,3,0
936,2,1
937,2,0
938,0,1
939,3,0
940,3,1
941,0,0
942,3,1
943,2,0
944,3,1
945,0,0
946,0,1
947,2,1
948,3,1
949,2,1
950,0,1
951,2,1
952,2,0
953,3,1
954,2,1
955,3,1
956,1,0
957,2,1
958,0,1
959,0,0
960,2,0
961,3,1
962,3,1
963,0,1
964,3,0
965,2,1
966,3,0
967,0,0
968,0,1
969,0,1
970,3,0
971,2,1
972,3,0
973,0,0
974,2,1
975,0,1
976,1,1
977,3,1
978,3,0
979,0,0
980,0,1
981,3,1
982,0,1
983,0,1
984,3,0
985,3,1
986,3,0
987,3,0
988,3,1
989,2,0
990,2,0
991,2,0
992,0,0
993,3,1
994,3,0
995,0,0
996,0,0
997,3,0
998,3,0
999,3,0
1000,2,0
1001,2,0
1002,3,1
1003,0,1
1004,3,0
1005,2,1
1006,2,0
1007,0,1
1008,3,0
1009,0,0
1010,3,1
1011,3,1
1012,3,0
1013,3,0
1014,2,0
1015,0,0
1016,0,1
1017,3,0
1018,0,1
1019,0,1
1020,3,1
1021,0,1
1022,2,0
1023,2,0
1024,3,0
1025,2,0
1026,3,0
1027,0,1
1028,3,0
1029,1,0
1030,0,1
1031,3,1
1032,3,0
1033,0,0
1034,3,0
1035,0,0
1036,3,0
1037,3,1
1038,0,0
1039,0,1
1040,3,0
1041,0,1
1042,0,0
1043,3,1
1044,0,1
1045,3,0
1046,3,0
1047,0,0
1048,3,1
1049,2,0
1050,0,1
1051,1,0
1052,3,0
1053,1,0
1054,2,1
1055,0,0
1056,3,1
1057,2,0
1058,3,0
1059,0,1
1060,0,0
1061,1,0
1062,3,1
1063,1,1
1064,3,1
1065,0,1
1066,3,0
1067,0,0
1068,3,1
1069,0,1
1070,3,1
1071,2,0
1072,3,0
1073,3,1
1074,2,0
1075,2,1
1076,3,1
1077,0,0
1078,0,1
1079,3,1
1080,3,1
1081,0,0
1082,3,0
1083,2,0
1084,0,1
1085,3,1
1086,3,0
1087,1,1
1088,0,1
1089,0,0
1090,3,1
1091,3,0
1092,3,0
1093,3,1
1094,2,1
1095,3,1
1096,0,0
1097,3,0
1098,2,1
1099,2,0
1100,2,1
1101,2,1
1102,3,1
1103,3,1
1104,3,1
1105,3,1
1106,3,1
1107,3,0
1108,0,1
1109,2,1
1110,2,1
1111,2,0
1112,0,0
1113,3,0
1114,2,0
1115,0,0
1116,0,1
1117,0,1
1118,0,0
1119,0,1
1120,1,0
1121,2,0
1122,3,0
1123,0,0
1124,0,0
1125,3,1
1126,0,1
1127,0,1
1128,3,1
1129,3,1
1130,2,1
1131,2,0
1132,3,1
1133,3,0
1134,0,1
1135,2,0
1136,0,1
1137,0,1
1138,2,0
1139,0,0
1140,2,0
1141,0,1
1142,2,1
1143,0,0
1144,2,0
1145,0,0
1146,3,0
1147,3,1
1148,0,0
1149,3,0
1150,0,1
1151,0,0
1152,0,0
1153,3,1
1154,3,1
1155,0,0
1156,2,1
1157,0,1
1158,3,0
1159,0,1
1160,3,0
1161,3,1
1162,2,0
1163,0,1
1164,3,1
1165,2,1
1166,3,0
1167,3,1
1168,2,0
1169,0,1
1170,2,1
1171,0,1
1172,3,1
1173,0,1
1174,0,1
1175,0,1
1176,3,1
1177,0,1
1178,0,0
1179,2,0
1180,0,1
1181,0,0
1182,2,1
1183,2,0
1184,2,0
1185,2,1
1186,3,0
1187,2,0
1188,0,1
1189,0,0
1190,2,1
1191,2,0
1192,2,0
1193,3,0
1194,0,1
1195,3,0
1196,0,1
1197,3,1
1198,2,1
1199,3,1
1200,2,0
1201,0,1
1202,0,1
1203,2,1
1204,0,1
1205,3,0
1206,3,0
1207,0,0
1208,3,1
1209,2,0
1210,2,1
1211,0,0
1212,2,0
1213,0,0
1214,2,1
1215,2,0
1216,0,1
1217,0,1
1218,0,1
1219,2,0
1220,2,1
1221,2,0
1222,2,1
1223,3,0
1224,3,1
1225,2,1
1226,3,1
1227,2,0
1228,3,1
1229,3,1
1230,0,0
1231,0,0
1232,2,0
1233,3,1
1234,0,0
1235,3,1
1236,2,1
1237,3,1
1238,3,0
1239,3,1
1240,0,0
1241,0,0
1242,3,1
1243,0,1
1244,2,0
1245,0,1
1246,3,0
1247,0,0
1248,1,1
1249,0,0
1250,3,1
1251,3,0
1252,3,1
1253,0,1
1254,2,0
1255,0,1
1256,0,0
1257,2,0
1258,3,1
1259,3,1
1260,0,1
1261,3,0
1262,3,0
1263,0,1
1264,3,1
1265,0,1
1266,0,1
1267,0,1
1268,3,0
1269,3,1
1270,0,1
1271,0,1
1272,2,0
1273,2,1
1274,0,0
1275,0,0
1276,3,1
1277,3,1
1278,2,0
1279,3,1
1280,0,1
1281,2,1
1282,3,0
1283,0,1
1284,3,0
1285,2,0
1286,3,1
1287,0,0
1288,3,0
1289,3,1
1290,3,1
1291,2,1
1292,0,0
1293,0,0
1294,2,0
1295,3,0
1296,3,0
1297,2,1
1298,2,0
1299,3,0
1300,3,1
1301,0,1
1302,3,0
1303,2,0
1304,3,0
1305,3,0
1306,3,1
1307,3,1
1308,0,0
1309,0,0
1310,0,1
1311,0,1
1312,0,1
1313,3,1
1314,0,0
1315,2,0
1316,3,1
1317,0,0
1318,2,1
1319,0,0
1320,0,1
1321,0,0
1322,0,0
1323,0,1
1324,3,0
1325,0,1
1326,3,1
1327,3,0
1328,0,0
1329,3,1
1330,0,1
1331,3,1
1332,3,1
1333,2,0
1334,0,1
1335,2,0
1336,2,1
1337,0,0
1338,0,1
1339,3,1
1340,0,0
1341,2,0
1342,2,0
1343,0,1
1344,3,1
1345,0,1
1346,2,0
1347,2,0
1348,0,1
1349,0,0
1350,2,0
1351,0,1
1352,2,1
1353,3,1
1354,2,1
1355,1,1
1356,2,0
1357,2,1
1358,2,0
1359,0,0
1360,0,1
1361,0,0
1362,0,1
1363,2,1
1364,3,0
1365,2,0
1366,2,0
1367,3,0
1368,3,1
1369,3,0
1370,2,0
1371,3,1
1372,3,0
1373,3,0
1374,0,1
1375,0,1
1376,3,0
1377,3,1
1378,3,1
1379,0,1
1380,0,1
1381,2,1
1382,1,0
1383,3,1
1384,2,0
1385,2,0
1386,0,0
1387,3,1
1388,1,0
1389,2,0
1390,0,1
1391,3,0
1392,2,0
1393,3,0
1394,3,0
1395,3,1
1396,3,0
1397,0,1
1398,3,1
1399,3,1
1400,2,0
1401,0,1
1402,0,0
1403,2,0
1404,0,0
1405,2,1
1406,3,1
1407,2,0
1408,2,0
1409,0,1
1410,3,0
1411,3,1
1412,0,1
1413,0,1
1414,0,0
1415,1,0
1416,2,0
1417,0,1
1418,0,1
1419,0,1
1420,0,1
1421,0,0
1422,3,0
1423,2,0
1424,0,0
1425,2,0
1426,2,0
1427,2,1
1428,0,1
1429,3,0
1430,3,0
1431,3,1
1432,0,1
1433,3,1
1434,3,1
1435,0,1
1436,3,1
1437,2,1
1438,3,1
1439,0,1
1440,0,1
1441,0,1
1442,0,0
1443,0,1
1444,1,1
1445,2,0
1446,2,1
1447,2,0
1448,2,0
1449,0,0
1450,0,1
1451,0,1
1452,2,0
1453,2,0
1454,0,1
1455,3,1
1456,2,0
1457,2,0
1458,3,1
1459,2,0
1460,0,0
1461,0,0
1462,0,1
1463,0,0
1464,0,1
1465,2,0
1466,3,0
1467,3,1
1468,2,0
1469,0,1
1470,0,1
1471,3,1
1472,3,1
1473,0,1
1474,0,0
1475,3,0
1476,3,0
1477,0,0
1478,2,0
1479,2,0
1480,2,0
1481,3,0
1482,3,1
1483,2,0
1484,0,0
1485,2,1
1486,0,1
1487,3,0
1488,2,0
1489,3,1
1490,3,0
1491,3,0
1492,0,1
1493,0,0
1494,3,1
1495,0,1
1496,3,1
1497,0,1
1498,2,1
1499,2,1
1500,3,0
1501,2,1
1502,0,1
1503,3,1
1504,0,1
1505,0,1
1506,2,0
1507,3,1
1508,0,1
1509,0,1
1510,2,0
1511,2,0
1512,3,1
1513,2,0
1514,3,0
1515,0,1
1516,3,1
1517,2,0
1518,3,0
1519,3,0
1520,2,0
1521,2,1
1522,0,0
1523,2,0
1524,2,0
1525,0,1
1526,0,0
1527,3,1
1528,3,1
1529,0,0
1530,2,1
1531,2,0
1532,2,1
1533,0,1
1534,0,1
1535,3,1
1536,2,1
1537,0,0
1538,0,1
1539,2,0
1540,3,1
1541,2,1
1542,2,1
1543,2,1
1544,3,1
1545,2,0
1546,1,0
1547,2,1
1548,2,1
1549,3,1
1550,0,0
1551,3,0
1552,3,0
1553,3,1
1554,3,1
1555,0,1
1556,3,1
1557,3,0
1558,2,0
1559,2,1
1560,3,0
1561,3,0
1562,0,1
1563,0,0
1564,3,0
1565,0,1
1566,2,1
1567,0,1
1568,0,1
1569,3,0
1570,0,0
1571,2,0
1572,3,0
1573,0,0
1574,2,1
1575,1,1
1576,3,0
1577,2,0
1578,0,1
1579,0,1
1580,3,0
1581,0,1
1582,3,1
1583,0,1
1584,0,1
1585,3,1
1586,0,1
1587,0,0
1588,3,1
1589,2,1
1590,0,1
1591,3,0
1592,2,0
1593,0,1
1594,3,1
1595,0,1
1596,2,0
1597,3,0
1598,0,1
1599,2,1
1600,0,0
1601,3,0
1602,3,1
1603,0,0
1604,3,1
1605,2,1
1606,3,0
1607,3,0
1608,0,0
1609,2,0
1610,0,0
1611,0,1
1612,2,0
1613,3,0
1614,3,1
1615,3,0
1616,0,0
1617,3,0
1618,2,1
1619,0,1
1620,0,1
1621,3,0
1622,2,0
1623,0,1
1624,2,0
1625,0,1
1626,2,0
1627,3,1
1628,3,0
1629,0,1
1630,3,0
1631,0,1
1632,0,1
1633,3,1
1634,2,0
1635,3,1
1636,1,0
1637,2,0
1638,3,0
1639,0,1
1640,3,0
1641,2,1
1642,3,0
1643,0,1
1644,0,0
1645,2,1
1646,3,0
1647,0,0
1648,3,0
1649,3,1
1650,0,1
1651,0,1
1652,3,1
1653,3,1
1654,2,1
1655,3,0
1656,2,1
1657,2,0
1658,3,1
1659,3,0
1660,3,0
1661,0,1
1662,2,1
1663,0,1
1664,2,0
1665,0,0
1666,3,1
1667,3,1
1668,3,1
1669,3,0
1670,0,0
1671,2,1
1672,3,1
1673,3,1
1674,0,0
1675,3,1
1676,3,0
1677,0,1
1678,3,1
1679,0,0
1680,0,1
1681,2,1
1682,3,1
1683,3,1
1684,3,1
1685,3,1
1686,3,0
1687,3,0
1688,2,0
1689,0,0
1690,0,1
1691,2,1
1692,3,1
1693,3,1
1694,0,0
1695,2,1
1696,2,0
1697,0,0
1698,3,0
1699,0,0
1700,3,0
1701,3,1
1702,3,1
1703,2,0
1704,2,0
1705,0,1
1706,2,0
1707,3,1
1708,3,0
1709,2,0
1710,2,1
1711,2,1
1712,3,1
1713,3,0
1714,2,0
1715,3,1
1716,3,1
1717,0,0
1718,2,0
1719,0,1
1720,3,0
1721,0,1
1722,2,0
1723,2,0
1724,2,1
1725,3,0
1726,0,1
1727,0,1
1728,2,0
1729,2,1
1730,0,1
1731,3,1
1732,3,0
1733,0,1
1734,0,1
1735,0,1
1736,0,1
1737,0,0
1738,3,1
1739,0,1
1740,3,1
1741,2,0
1742,3,1
1743,2,0
1744,3,0
1745,2,0
1746,0,1
1747,0,1
1748,1,0
1749,0,0
1750,0,0
1751,2,1
1752,0,0
1753,0,1
1754,0,0
1755,2,0
1756,0,0
1757,3,1
1758,2,1
1759,3,1
1760,0,1
1761,0,1
1762,0,1
1763,3,1
1764,3,1
1765,3,1
1766,2,1
1767,0,1
1768,3,0
1769,2,1
1770,0,0
1771,0,0
1772,1,0
1773,0,1
1774,2,1
1775,0,0
1776,2,1
1777,0,0
1778,3,1
1779,3,0
1780,3,0
1781,2,1
1782,3,0
1783,3,1
1784,3,0
1785,3,0
1786,0,1
1787,0,1
1788,2,1
1789,0,1
1790,3,0
1791,3,0
1792,0,1
1793,1,0
1794,2,1
1795,3,0
1796,3,1
1797,2,0
1798,0,1
1799,3,1
1800,3,1
1801,3,1
1802,0,0
1803,2,0
1804,3,0
1805,3,1
1806,0,1
1807,0,0
1808,3,1
1809,3,1
1810,0,0
1811,0,1
1812,0,1
1813,3,0
1814,3,1
1815,2,1
1816,3,1
1817,3,1
1818,2,0
1819,3,1
1820,0,1
1821,1,1
1822,0,0
1823,2,1
1824,0,0
1825,3,0
1826,0,0
1827,3,1
1828,2,1
1829,0,0
1830,3,0
1831,3,0
1832,2,1
1833,2,0
1834,3,1
1835,3,1
1836,0,0
1837,3,1
1838,3,1
1839,1,0
1840,3,0
1841,0,0
1842,0,0
1843,3,0
1844,2,1
1845,2,0
1846,0,1
1847,0,1
1848,0,0
1849,0,1
1850,2,0
1851,3,1
1852,1,0
1853,3,0
1854,0,1
1855,2,0
1856,2,1
1857,3,1
1858,3,0
1859,2,0
1860,3,1
1861,0,1
1862,2,0
1863,2,1
1864,0,1
1865,0,0
1866,3,0
1867,2,1
1868,3,1
1869,2,0
1870,3,1
1871,2,0
1872,2,1
1873,0,0
1874,0,1
1875,0,0
1876,0,1
1877,0,1
1878,3,0
1879,2,0
1880,0,1
1881,2,1
1882,0,0
1883,2,0
1884,3,1
1885,0,0
1886,2,1
1887,2,0
1888,0,1
1889,1,0
1890,3,1
1891,2,0
1892,3,0
1893,3,1
1894,3,0
1895,2,1
1896,0,1
1897,0,1
1898,3,0
1899,3,0
1900,3,1
1901,3,1
1902,3,1
1903,3,1
1904,3,0
1905,3,0
1906,3,1
1907,0,1
1908,3,1
1909,3,1
1910,2,1
1911,1,0
1912,2,1
1913,0,1
1914,0,0
1915,3,1
1916,3,0
1917,0,1
1918,3,0
1919,3,0
1920,0,0
1921,2,1
1922,3,1
1923,3,0
1924,3,1
1925,2,1
1926,2,0
1927,2,0
1928,0,0
1929,3,1
1930,2,0
1931,2,0
1932,0,0
1933,2,0
1934,2,0
1935,0,1
1936,2,0
1937,1,0
1938,0,0
1939,3,0
1940,0,0
1941,3,1
1942,3,0
1943,0,0
1944,0,1
1945,2,0
1946,0,0
1947,0,0
1948,3,0
1949,0,1
1950,3,1
1951,2,0
1952,0,0
1953,3,0
1954,3,0
1955,0,1
1956,3,1
1957,3,1
1958,2,1
1959,2,0
1960,2,0
1961,3,1
1962,0,1
1963,0,1
1964,3,1
1965,3,1
1966,2,0
1967,3,1
1968,0,1
1969,1,0
1970,3,1
1971,2,1
1972,3,1
1973,0,1
1974,0,0
1975,0,1
1976,0,1
1977,2,1
1978,0,1
1979,2,0
1980,0,1
1981,3,0
1982,0,1
1983,3,1
1984,3,1
1985,2,1
1986,3,1
1987,2,1
1988,2,1
1989,3,1
1990,3,0
1991,0,0
1992,0,1
1993,0,1
1994,0,1
1995,3,0
1996,0,0
1997,3,0
1998,0,0
1999,2,1
2000,2,0
2001,0,1
2002,0,1
2003,3,0
2004,3,0
2005,3,1
2006,3,1
2007,3,1
2008,2,1
2009,2,0
2010,0,0
2011,3,1
2012,2,1
2013,0,1
2014,3,1
2015,3,0
2016,2,1
2017,2,1
2018,2,1
2019,0,1
2020,3,1
2021,3,1
2022,2,0
2023,0,0
2024,3,0
2025,3,0
2026,2,0
2027,0,1
2028,0,0
2029,3,1
2030,0,1
2031,0,1
2032,2,0
2033,2,0
2034,0,1
2035,2,1
2036,3,0
2037,0,0
2038,2,0
2039,2,0
2040,2,0
2041,3,1
2042,0,0
2043,3,1
2044,0,1
2045,0,1
2046,2,1
2047,0,1
2048,0,1
2049,3,1
2050,0,1
2051,0,1
2052,3,1
2053,0,1
2054,2,0
2055,3,1
2056,0,1
2057,2,1
2058,1,1
2059,2,0
2060,2,1
2061,2,0
2062,2,1
2063,1,0
2064,2,0
2065,2,0
2066,0,0
2067,0,0
2068,0,1
2069,2,1
2070,0,1
2071,3,0
2072,2,0
2073,0,1
2074,3,1
2075,3,1
2076,2,1
2077,1,1
2078,3,1
2079,3,0
2080,2,1
2081,0,1
2082,3,1
2083,2,0
2084,3,1
2085,2,1
2086,0,0
2087,0,0
2088,3,1
2089,2,0
2090,2,1
2091,3,1
2092,0,0
2093,0,1
2094,3,1
2095,2,0
2096,3,0
2097,0,0
2098,3,1
2099,0,0
2100,3,1
2101,3,1
2102,0,0
2103,0,1
2104,3,1
2105,3,1
2106,0,1
2107,3,1
2108,3,0
2109,3,0
2110,2,0
2111,3,1
2112,3,0
2113,3,1
2114,3,0
2115,3,1
2116,0,1
2117,2,1
2118,0,0
2119,1,0
2120,0,0
2121,3,0
2122,0,1
2123,3,1
2124,3,1
2125,0,0
2126,3,0
2127,3,1
2128,0,0
2129,0,1
2130,2,1
2131,3,0
2132,3,1
2133,3,0
2134,2,0
2135,2,0
2136,2,0
2137,0,0
2138,3,0
2139,0,1
2140,3,0
2141,0,1
2142,3,1
2143,0,0
2144,3,1
2145,3,0
2146,3,0
2147,3,1
2148,3,1
2149,3,1
2150,3,1
2151,1,1
2152,0,0
2153,0,1
2154,0,1
2155,0,0
2156,0,0
2157,3,1
2158,2,0
2159,2,1
2160,0,1
2161,2,1
2162,3,1
2163,2,0
2164,0,1
2165,3,1
2166,2,0
2167,3,1
2168,2,0
2169,2,0
2170,2,1
2171,0,0
2172,3,1
2173,0,1
2174,3,1
2175,0,0
2176,0,1
2177,0,1
2178,0,1
2179,3,0
2180,3,1
2181,2,1
2182,2,0
2183,2,1
2184,0,1
2185,3,1
2186,0,1
2187,0,0
2188,0,1
2189,0,1
2190,2,0
2191,3,0
2192,2,0
2193,0,0
2194,2,1
2195,2,1
2196,3,0
2197,0,1
2198,0,1
2199,3,0
2200,3,1
2201,3,0
2202,1,1
2203,2,0
2204,3,1
2205,0,1
2206,3,1
2207,3,0
2208,3,1
2209,3,0
2210,0,1
2211,3,0
2212,2,0
2213,3,0
2214,2,0
2215,0,1
2216,3,1
2217,0,1
2218,0,1
2219,1,0
2220,2,1
2221,0,0
2222,3,1
2223,3,0
2224,2,1
2225,3,1
2226,3,0
2227,0,1
2228,3,1
2229,3,1
2230,0,0
2231,0,1
2232,0,1
2233,0,1
2234,3,0
2235,3,0
2236,3,0
2237,2,1
2238,3,0
2239,2,1
2240,0,0
2241,3,1
2242,3,1
2243,3,1
2244,0,1
2245,0,0
2246,3,0
2247,3,1
2248,0,1
2249,0,0
2250,3,1
2251,0,1
2252,0,1
2253,2,1
2254,2,0
2255,3,0
2256,3,1
2257,2,0
2258,0,1
2259,3,1
2260,0,1
2261,3,0
2262,2,0
2263,3,1
2264,2,0
2265,3,0
2266,3,1
2267,2,0
2268,0,1
2269,2,0
2270,3,1
2271,0,1
2272,0,1
2273,3,1
2274,1,0
2275,3,0
2276,3,1
2277,3,0
2278,0,0
2279,0,1
2280,3,0
2281,3,0
2282,3,1
2283,3,0
2284,3,0
2285,3,0
2286,0,1
2287,2,1
2288,2,1
2289,2,1
2290,2,1
2291,0,1
2292,0,0
2293,3,0
2294,3,0
2295,3,0
2296,3,1
2297,0,0
2298,2,1
2299,2,1
2300,2,0
2301,0,1
2302,2,1
2303,3,0
2304,0,1
2305,2,0
2306,3,1
2307,3,1
2308,2,0
2309,2,1
2310,0,1
2311,3,0
2312,0,1
2313,3,0
2314,0,0
2315,2,0
2316,3,1
2317,0,1
2318,0,0
2319,3,1
2320,3,1
2321,3,1
2322,3,1
2323,0,0
2324,0,1
2325,3,0
2326,3,0
2327,0,1
2328,3,0
2329,3,1
2330,0,1
2331,2,0
2332,2,1
2333,3,0
2334,3,1
2335,3,1
2336,2,1
2337,0,1
2338,0,1
2339,2,1
2340,0,1
2341,3,1
2342,3,1
2343,3,1
2344,3,1
2345,3,1
2346,2,1
2347,2,0
2348,0,1
2349,2,1
2350,0,0
2351,0,0
2352,0,0
2353,0,1
2354,0,0
2355,3,0
2356,0,1
2357,0,1
2358,3,0
2359,3,1
2360,0,0
2361,3,0
2362,3,0
2363,0,0
2364,2,1
2365,0,1
2366,3,0
2367,0,0
2368,2,0
2369,3,0
2370,3,1
2371,3,1
2372,0,1
2373,3,0
2374,2,0
2375,2,0
2376,0,1
2377,2,1
2378,0,0
2379,3,1
2380,0,1
2381,2,0
2382,3,1
2383,3,1
2384,3,0
2385,3,1
2386,0,0
2387,0,1
2388,0,1
2389,0,0
2390,0,1
2391,0,0
2392,3,1
2393,0,1
2394,2,0
2395,0,0
2396,3,1
2397,2,0
2398,3,0
2399,3,1
2400,3,1
2401,0,1
2402,2,0
2403,2,0
2404,0,1
2405,3,1
2406,2,0
2407,0,1
2408,2,0
2409,0,0
2410,3,1
2411,0,1
2412,3,1
2413,2,0
2414,0,1
2415,0,1
2416,0,1
2417,3,1
2418,3,0
2419,3,0
2420,2,1
2421,0,1
2422,3,0
2423,2,1
2424,0,1
2425,3,0
2426,2,0
2427,0,1
2428,0,1
2429,3,0
2430,3,1
2431,3,0
2432,0,0
2433,2,1
2434,3,1
2435,3,1
2436,0,1
2437,3,1
2438,3,0
2439,3,0
2440,2,0
2441,0,1
2442,2,0
2443,3,0
2444,3,1
2445,3,0
2446,0,1
2447,2,1
2448,3,1
2449,2,1
2450,2,0
2451,3,0
2452,0,0
2453,0,1
2454,2,0
2455,2,0
2456,0,1
2457,3,0
2458,0,1
2459,3,1
2460,1,1
2461,2,0
2462,3,1
2463,0,1
2464,3,0
2465,3,1
2466,0,0
2467,3,1
2468,2,1
2469,2,0
2470,3,1
2471,3,1
2472,0,1
2473,0,0
2474,3,1
2475,2,0
2476,1,0
2477,3,1
2478,0,1
2479,3,0
2480,3,0
2481,3,0
2482,3,1
2483,0,1
2484,1,0
2485,3,1
2486,0,1
2487,0,1
2488,2,1
2489,0,0
2490,3,1
2491,2,1
2492,2,1
2493,0,0
2494,2,0
2495,0,1
2496,3,0
2497,0,1
2498,0,1
2499,2,1
2500,0,0
2501,3,0
2502,0,0
2503,0,1
2504,2,0
2505,0,1
2506,3,0
2507,3,1
2508,1,0
2509,0,1
2510,0,1
2511,3,1
2512,3,1
2513,3,0
2514,2,1
2515,0,1
2516,3,1
2517,0,1
2518,3,0
2519,2,1
2520,0,0
2521,2,0
2522,0,0
2523,1,0
2524,3,1
2525,2,1
2526,3,1
2527,0,1
2528,3,1
2529,0,0
2530,3,1
2531,3,0
2532,3,0
2533,0,1
2534,3,1
2535,0,1
2536,3,0
2537,2,0
2538,0,1
2539,0,0
2540,3,0
2541,0,1
2542,1,1
2543,2,1
2544,0,1
2545,2,0
2546,2,0
2547,1,0
2548,2,0
2549,3,1
2550,3,1
2551,0,0
2552,2,1
2553,2,1
2554,0,1
2555,0,1
2556,2,0
2557,0,0
2558,1,0
2559,2,1
2560,0,0
2561,2,1
2562,3,0
2563,2,1
2564,2,0
2565,2,1
2566,0,0
2567,3,0
2568,0,1
2569,0,0
2570,0,1
2571,0,1
2572,0,1
2573,0,0
2574,3,1
2575,1,0
2576,3,0
2577,3,1
2578,2,0
2579,3,0
2580,3,1
2581,3,1
2582,3,1
2583,3,0
2584,0,0
2585,3,1
2586,0,0
2587,0,1
2588,3,1
2589,0,1
2590,2,0
2591,0,0
2592,0,1
2593,3,1
2594,3,1
2595,2,0
2596,2,0
2597,0,1
2598,2,0
2599,2,1
2600,1,0
2601,3,0
2602,0,0
2603,0,0
2604,3,0
2605,2,0
2606,0,1
2607,2,0
2608,0,0
2609,3,0
2610,3,1
2611,0,1
2612,2,1
2613,3,1
2614,2,1
2615,3,1
2616,0,1
2617,3,0
2618,0,1
2619,3,0
2620,0,1
2621,3,0
2622,3,1
2623,0,1
2624,3,1
2625,3,0
2626,0,1
2627,2,0
2628,2,0
2629,3,1
2630,2,0
2631,0,0
2632,0,0
2633,0,1
2634,0,1
2635,0,0
2636,3,0
2637,3,1
2638,1,1
2639,0,0
2640,2,0
2641,3,1
2642,0,0
2643,3,0
2644,3,0
2645,2,1
2646,0,0
2647,2,1
2648,2,0
2649,0,0
2650,3,1
2651,3,1
2652,0,0
2653,3,1
2654,3,0
2655,0,1
2656,0,0
2657,0,1
2658,0,1
2659,3,1
2660,0,0
2661,1,0
2662,3,1
2663,3,1
2664,0,1
2665,0,1
2666,3,1
2667,0,1
2668,3,1
2669,0,0
2670,3,0
2671,3,1
2672,2,1
2673,0,1
2674,3,1
2675,2,0
2676,0,1
2677,2,0
2678,3,1
2679,2,0
2680,0,0
2681,2,0
2682,0,0
2683,3,0
2684,3,0
2685,0,0
2686,2,0
2687,2,0
2688,2,1
2689,2,0
2690,0,1
2691,3,0
2692,0,1
2693,3,0
2694,0,1
2695,3,1
2696,3,0
2697,2,0
2698,3,1
2699,3,1
2700,0,1
2701,3,1
2702,3,1
2703,2,0
2704,0,1
2705,0,1
2706,3,1
2707,2,0
2708,2,0
2709,3,1
2710,0,0
2711,0,1
2712,2,0
2713,3,0
2714,2,1
2715,3,0
2716,2,1
2717,3,0
2718,0,1
2719,3,1
2720,3,1
2721,3,0
2722,3,0
2723,2,0
2724,3,0
2725,2,1
2726,2,1
2727,3,1
2728,3,1
2729,2,1
2730,2,1
2731,3,1
2732,0,1
2733,2,0
2734,0,0
2735,0,0
2736,0,0
2737,3,0
2738,2,0
2739,2,0
2740,2,0
2741,1,1
2742,3,1
2743,0,1
2744,2,0
2745,2,0
2746,3,0
2747,0,1
2748,2,0
2749,3,1
2750,3,1
2751,0,1
2752,3,0
2753,2,1
2754,2,0
2755,2,1
2756,3,0
2757,3,1
2758,3,0
2759,3,1
2760,1,1
2761,0,0
2762,2,1
2763,2,1
2764,3,0
2765,0,1
2766,2,1
2767,3,1
2768,0,1
2769,0,0
2770,0,1
2771,3,0
2772,3,1
2773,0,0
2774,2,0
2775,2,1
2776,0,0
2777,0,0
2778,2,0
2779,2,0
2780,2,1
2781,0,1
2782,3,0
2783,2,0
2784,3,1
2785,3,1
2786,3,0
2787,3,1
2788,3,0
2789,0,1
2790,0,0
2791,3,1
2792,3,0
2793,2,0
2794,2,0
2795,1,1
2796,2,0
2797,2,0
2798,0,0
2799,0,1
2800,2,1
2801,3,1
2802,0,1
2803,3,0
2804,2,1
2805,0,0
2806,3,1
2807,2,1
2808,2,0
2809,3,1
2810,2,0
2811,3,1
2812,0,1
2813,0,0
2814,3,1
2815,2,1
2816,3,1
2817,0,0
2818,3,1
2819,2,0
2820,2,1
2821,0,1
2822,2,0
2823,2,0
2824,2,0
2825,0,1
2826,3,1
2827,0,1
2828,2,0
2829,3,1
2830,2,1
2831,2,0
2832,0,1
2833,3,1
2834,0,1
2835,3,0
2836,1,0
2837,0,0
2838,0,1
2839,0,0
2840,3,0
2841,2,0
2842,2,0
2843,3,1
2844,0,0
2845,0,1
2846,3,1
2847,0,1
2848,0,1
2849,0,1
2850,3,1
2851,2,0
2852,3,0
2853,2,0
2854,0,0
2855,2,0
2856,0,0
2857,2,1
2858,2,0
2859,3,1
2860,0,1
2861,0,0
2862,3,0
2863,2,0
2864,0,0
2865,2,0
2866,0,1
2867,3,1
2868,3,1
2869,3,0
2870,2,0
2871,3,0
2872,0,0
2873,3,0
2874,1,0
2875,0,1
2876,2,0
2877,2,0
2878,0,0
2879,3,1
2880,0,1
2881,2,1
2882,2,1
2883,2,1
2884,0,0
2885,3,1
2886,2,1
2887,0,1
2888,3,0
2889,0,0
2890,3,1
2891,2,0
2892,0,1
2893,3,0
2894,0,0
2895,3,1
2896,2,1
2897,2,0
2898,0,0
2899,0,0
2900,3,0
2901,0,1
2902,0,1
2903,1,0
2904,2,0
2905,3,1
2906,0,1
2907,0,1
2908,2,0
2909,0,0
2910,0,0
2911,0,0
2912,3,1
2913,2,0
2914,0,0
2915,2,0
2916,2,1
2917,0,0
2918,2,0
2919,0,1
2920,2,0
2921,3,0
2922,2,1
2923,2,0
2924,3,0
2925,3,0
2926,3,1
2927,2,0
2928,2,0
2929,0,1
2930,3,0
2931,0,0
2932,0,0
2933,1,0
2934,2,0
2935,0,0
2936,3,0
2937,0,1
2938,2,1
2939,0,0
2940,0,0
2941,1,1
2942,2,0
2943,0,0
2944,3,0
2945,3,1
2946,0,0
2947,2,1
2948,2,0
2949,0,1
2950,2,0
2951,2,1
2952,0,1
2953,3,1
2954,0,0
2955,0,1
2956,0,0
2957,2,0
2958,2,1
2959,0,0
2960,3,1
2961,0,0
2962,2,0
2963,3,0
2964,0,0
2965,3,0
2966,3,1
2967,3,1
2968,3,1
2969,0,1
2970,3,0
2971,2,1
2972,0,1
2973,0,0
2974,3,1
2975,2,0
2976,0,1
2977,0,0
2978,3,1
2979,3,0
2980,2,1
2981,2,1
2982,0,1
2983,2,0
2984,2,0
2985,3,1
2986,0,0
2987,2,0
2988,3,0
2989,3,0
2990,3,1
2991,3,0
2992,2,0
2993,0,1
2994,0,0
2995,2,0
2996,2,1
2997,2,0
2998,0,1
2999,3,0
3000,0,0
3001,2,0
3002,0,1
3003,1,0
3004,3,1
3005,3,1
3006,3,1
3007,2,1
3008,2,1
3009,3,1
3010,3,1
3011,3,0
3012,3,1
3013,2,0
3014,0,1
3015,3,0
3016,2,1
3017,0,0
3018,2,0
3019,2,1
3020,3,0
3021,3,1
3022,0,1
3023,0,0
3024,0,1
3025,0,0
3026,3,1
3027,3,0
3028,2,1
3029,3,1
3030,0,1
3031,0,0
3032,3,1
3033,3,1
3034,3,0
3035,3,0
3036,0,0
3037,3,0
3038,0,1
3039,3,0
3040,2,1
3041,3,0
3042,0,1
3043,0,1
3044,2,0
3045,0,0
3046,0,0
3047,2,1
3048,3,0
3049,3,1
3050,0,1
3051,0,1
3052,3,1
3053,3,0
3054,2,0
3055,3,1
3056,2,0
3057,0,0
3058,3,0
3059,3,1
3060,0,0
3061,3,0
3062,3,0
3063,2,1
3064,0,0
3065,3,0
3066,2,0
3067,3,0
3068,0,1
3069,0,0
3070,3,1
3071,0,1
3072,0,0
3073,2,0
3074,3,0
3075,2,0
3076,2,0
3077,2,0
3078,3,1
3079,0,1
3080,2,1
3081,3,1
3082,3,0
3083,2,0
3084,3,1
3085,3,0
3086,0,0
3087,2,0
3088,0,1
3089,0,1
3090,2,0
3091,3,1
3092,3,1
3093,0,1
3094,0,1
3095,3,1
3096,3,0
3097,3,1
3098,0,0
3099,3,0
3100,3,1
3101,0,1
3102,3,1
3103,3,0
3104,3,1
3105,2,1
3106,0,0
3107,3,1
3108,3,0
3109,1,1
3110,3,0
3111,3,1
3112,2,0
3113,2,0
3114,3,1
3115,2,0
3116,3,1
3117,0,1
3118,2,1
3119,3,1
3120,3,0
3121,2,1
3122,3,1
3123,3,1
3124,3,0
3125,3,0
3126,2,1
3127,3,1
3128,3,1
3129,3,1
3130,1,0
3131,0,1
3132,2,1
3133,3,0
3134,3,0
3135,3,0
3136,3,1
3137,0,0
3138,2,0
3139,2,0
3140,0,1
3141,3,1
3142,2,1
3143,2,0
3144,3,0
3145,0,1
3146,2,1
3147,2,0
3148,0,1
3149,0,0
3150,0,0
3151,0,0
3152,2,1
3153,0,0
3154,1,0
3155,0,1
3156,2,1
3157,2,1
3158,2,1
3159,2,0
3160,3,1
3161,3,0
3162,0,0
3163,0,0
3164,0,0
3165,0,0
3166,3,1
3167,3,1
3168,0,1
3169,3,1
3170,0,1
3171,3,1
3172,0,0
3173,2,0
3174,2,1
3175,0,1
3176,0,0
3177,2,0
3178,3,1
3179,3,1
3180,0,1
3181,0,1
3182,3,1
3183,3,0
3184,0,1
3185,2,1
3186,2,1
3187,2,0
3188,0,1
3189,0,1
3190,2,0
3191,3,0
3192,2,1
3193,3,1
3194,1,0
3195,0,0
3196,3,1
3197,0,0
3198,3,0
3199,0,1
3200,3,0
3201,3,1
3202,2,1
3203,3,0
3204,0,0
3205,0,1
3206,3,1
3207,0,1
3208,0,0
3209,0,0
3210,0,0
3211,3,1
3212,0,0
3213,2,0
3214,3,0
3215,3,1
3216,2,1
3217,3,1
3218,0,1
3219,0,1
3220,0,0
3221,0,1
3222,2,1
3223,3,1
3224,3,1
3225,0,0
3226,3,0
3227,0,1
3228,3,1
3229,0,0
3230,3,0
3231,3,0
3232,0,1
3233,3,1
3234,1,0
3235,0,1
3236,0,0
3237,3,1
3238,0,1
3239,3,0
3240,0,1
3241,3,0
3242,0,1
3243,3,1
3244,2,0
3245,3,0
3246,2,0
3247,3,0
3248,3,1
3249,2,1
3250,0,1
3251,3,0
3252,0,1
3253,2,0
3254,3,1
3255,1,0
3256,0,0
3257,2,0
3258,0,1
3259,2,0
3260,0,0
3261,2,0
3262,3,1
3263,0,1
3264,3,1
3265,0,0
3266,3,1
3267,2,0
3268,0,0
3269,3,0
3270,0,1
3271,3,0
3272,3,0
3273,2,1
3274,2,1
3275,3,0
3276,3,0
3277,3,1
3278,0,1
3279,0,0
3280,3,0
3281,3,1
3282,3,0
3283,3,0
3284,3,1
3285,3,1
3286,2,0
3287,0,0
3288,3,1
3289,2,1
3290,0,0
3291,0,0
3292,3,1
3293,3,0
3294,3,0
3295,2,0
3296,0,1
3297,3,1
3298,3,1
3299,0,1
3300,1,0
3301,2,0
3302,2,0
3303,0,1
3304,3,0
3305,2,1
3306,2,0
3307,2,0
3308,3,0
3309,2,1
3310,0,1
3311,0,1
3312,3,0
3313,3,1
3314,2,0
3315,0,1
3316,0,1
3317,3,1
3318,3,1
3319,2,0
3320,0,1
3321,3,1
3322,3,0
3323,0,1
3324,0,1
3325,0,1
3326,3,0
3327,2,0
3328,2,1
3329,2,0
3330,3,1
3331,3,1
3332,3,0
3333,2,1
3334,3,0
3335,2,1
3336,3,0
3337,3,0
3338,0,1
3339,3,1
3340,0,1
3341,1,0
3342,0,1
3343,0,0
3344,0,0
3345,0,1
3346,3,1
3347,0,0
3348,0,0
3349,3,0
3350,0,1
3351,0,1
3352,3,1
3353,0,0
3354,2,1
3355,2,0
3356,3,0
3357,0,1
3358,3,1
3359,2,1
3360,0,1
3361,1,0
3362,0,1
3363,2,1
3364,2,1
3365,3,0
3366,0,1
3367,3,1
3368,0,1
3369,3,1
3370,2,1
3371,2,1
3372,0,1
3373,3,0
3374,0,1
3375,2,1
3376,3,1
3377,2,0
3378,2,1
3379,3,0
3380,2,0
3381,2,0
3382,2,0
3383,3,1
3384,3,0
3385,3,1
3386,3,0
3387,2,1
3388,1,0
3389,2,1
3390,2,0
3391,3,1
3392,2,1
3393,2,0
3394,0,0
3395,2,0
3396,3,1
3397,2,0
3398,0,0
3399,0,1
3400,3,0
3401,3,0
3402,2,0
3403,3,0
3404,0,1
3405,2,1
3406,3,1
3407,3,0
3408,0,1
3409,0,0
3410,3,1
3411,3,0
3412,3,0
3413,3,1
3414,0,1
3415,3,0
3416,0,1
3417,0,1
3418,3,0
3419,3,1
3420,2,0
3421,2,1
3422,0,1
3423,3,0
3424,3,0
3425,2,0
3426,0,1
3427,3,0
3428,3,0
3429,3,1
3430,2,0
3431,3,1
3432,3,0
3433,0,0
3434,0,0
3435,1,0
3436,0,1
3437,0,1
3438,0,0
3439,0,1
3440,0,0
3441,3,1
3442,3,1
3443,3,1
3444,3,1
3445,0,0
3446,3,0
3447,0,0
3448,3,1
3449,3,1
3450,3,0
3451,3,0
3452,0,1
3453,0,0
3454,3,1
3455,0,1
3456,3,1
3457,2,0
3458,0,1
3459,0,1
3460,3,1
3461,0,1
3462,0,0
3463,2,0
3464,0,1
3465,2,0
3466,2,1
3467,3,0
3468,0,1
3469,0,1
3470,2,1
3471,0,0
3472,3,1
3473,2,0
3474,0,1
3475,2,0
3476,0,1
3477,0,1
3478,3,1
3479,0,0
3480,3,1
3481,1,0
3482,1,1
3483,1,0
3484,0,0
3485,0,1
3486,0,1
3487,0,1
3488,2,0
3489,2,1
3490,3,1
3491,3,1
3492,0,1
3493,0,0
3494,3,1
3495,2,0
3496,3,0
3497,1,0
3498,3,0
3499,3,0
3500,2,1
3501,3,1
3502,3,0
3503,3,0
3504,3,1
3505,3,0
3506,0,1
3507,3,0
3508,2,1
3509,3,0
3510,0,1
3511,2,1
3512,0,0
3513,0,1
3514,0,0
3515,3,1
3516,0,0
3517,0,1
3518,3,1
3519,2,1
3520,0,0
3521,3,1
3522,3,1
3523,0,1
3524,0,1
3525,0,1
3526,0,1
3527,3,1
3528,3,1
3529,2,1
3530,3,1
3531,3,1
3532,1,0
3533,3,1
3534,0,1
3535,2,1
3536,3,0
3537,3,0
3538,3,0
3539,3,1
3540,0,1
3541,3,0
3542,3,1
3543,3,0
3544,2,0
3545,3,1
3546,2,0
3547,1,0
3548,0,1
3549,0,1
3550,0,0
3551,0,0
3552,0,0
3553,0,1
3554,0,1
3555,2,1
3556,3,1
3557,0,0
3558,3,0
3559,3,0
3560,2,1
3561,2,0
3562,3,1
3563,2,0
3564,1,1
3565,0,1
3566,2,0
3567,3,0
3568,3,0
3569,3,1
3570,0,1
3571,0,0
3572,2,0
3573,0,0
3574,3,0
3575,0,0
3576,0,0
3577,3,0
3578,3,0
3579,0,1
3580,3,0
3581,0,1
3582,2,0
3583,2,1
3584,3,1
3585,3,1
3586,0,0
3587,0,1
3588,2,1
3589,3,1
3590,2,0
3591,3,1
3592,3,1
3593,0,1
3594,0,0
3595,0,0
3596,0,0
3597,2,1
3598,0,1
3599,0,1
3600,3,1
3601,3,1
3602,0,0
3603,0,1
3604,0,0
3605,3,0
3606,1,1
3607,0,1
3608,2,1
3609,3,1
3610,3,1
3611,0,1
3612,3,0
3613,2,0
3614,0,0
3615,2,0
3616,2,0
3617,2,1
3618,0,1
3619,3,1
3620,3,1
3621,3,0
3622,0,1
3623,0,0
3624,2,0
3625,2,1
3626,3,1
3627,2,1
3628,3,1
3629,1,0
3630,3,1
3631,3,0
3632,3,1
3633,0,1
3634,0,0
3635,3,1
3636,0,1
3637,2,0
3638,3,0
3639,3,1
3640,2,0
3641,0,1
3642,3,1
3643,3,0
3644,3,0
3645,0,1
3646,0,0
3647,3,0
3648,3,0
3649,3,1
3650,2,0
3651,3,1
3652,0,0
3653,2,0
3654,3,1
3655,2,1
3656,3,1
3657,3,0
3658,2,0
3659,2,0
3660,3,0
3661,0,0
3662,2,0
3663,0,1
3664,3,0
3665,2,1
3666,0,0
3667,3,0
3668,3,1
3669,0,1
3670,0,1
3671,3,0
3672,3,1
3673,3,0
3674,1,1
3675,0,0
3676,3,0
3677,0,1
3678,2,1
3679,3,0
3680,2,0
3681,3,0
3682,2,0
3683,3,1
3684,0,0
3685,2,0
3686,3,1
3687,3,0
3688,0,1
3689,2,1
3690,0,1
3691,0,0
3692,3,1
3693,0,1
3694,0,0
3695,3,1
3696,3,1
3697,3,0
3698,3,1
3699,0,1
3700,3,1
3701,0,1
3702,3,1
3703,3,1
3704,2,0
3705,2,0
3706,2,1
3707,2,1
3708,0,1
3709,0,1
3710,0,0
3711,2,1
3712,3,1
3713,3,1
3714,3,1
3715,0,1
3716,2,0
3717,2,0
3718,3,1
3719,3,1
3720,2,1
3721,0,1
3722,3,1
3723,3,0
3724,0,1
3725,0,1
3726,3,0
3727,2,0
3728,3,1
3729,2,0
3730,3,1
3731,0,0
3732,0,1
3733,0,0
3734,0,1
3735,3,1
3736,3,0
3737,3,0
3738,3,0
3739,2,1
3740,0,1
3741,0,0
3742,3,0
3743,2,0
3744,2,0
3745,2,1
3746,0,1
3747,3,1
3748,2,0
3749,2,1
3750,2,0
