feature,original_min,original_max,scaled_min,scaled_max,original_range,scaled_range
D1,0.0,1.0,0.0,1.0,1.0,1.0
D2,0.282127517,0.964380785,0.0,1.0000000000000002,0.682253268,1.0000000000000002
D3,0.0,0.95,0.0,0.9999999999999999,0.95,0.9999999999999999
D4,0.0,1.0,0.0,1.0,1.0,1.0
D5,0.00263,1.0,0.0,1.0,0.99737,1.0
D6,0.137873004,0.994734614,0.0,0.9999999999999999,0.8568616099999999,0.9999999999999999
D7,0.00613,0.79083095,0.0,1.0000000000000002,0.7847009500000001,1.0000000000000002
D8,0.0,0.989869664,0.0,1.0,0.989869664,1.0
D9,0.275589758,1.0,0.0,0.9999999999999999,0.724410242,0.9999999999999999
D10,0.00304,1.0,0.0,1.0,0.99696,1.0
D11,0.0,1.0,0.0,1.0,1.0,1.0
D12,0.0,1.0,0.0,1.0,1.0,1.0
D13,0.0,1.0,0.0,1.0,1.0,1.0
D14,0.0,1.0,0.0,1.0,1.0,1.0
D15,0.00297,0.725665462,0.0,1.0,0.722695462,1.0
D16,0.0,0.980615209,0.0,1.0,0.980615209,1.0
D17,0.15582589,1.0,0.0,1.0,0.84417411,1.0
D18,0.0,1.0,0.0,1.0,1.0,1.0
D19,0.0017,0.964093878,0.0,1.0,0.962393878,1.0
D20,0.0,0.895525528,0.0,1.0,0.895525528,1.0
D21,0.0,0.483241492,0.0,1.0,0.483241492,1.0
D22,0.0,0.896551724,0.0,1.0,0.896551724,1.0
D24,0.0,1.0,0.0,1.0,1.0,1.0
D25,0.0,0.966400018,0.0,1.0,0.966400018,1.0
D26,0.0716,1.0,0.0,1.0,0.9284,1.0
D29,0.0,1.0,0.0,1.0,1.0,1.0
D30,0.03,1.0,0.0,1.0,0.97,1.0
D31,0.0,1.0,0.0,1.0,1.0,1.0
D32,0.0,0.817857323,0.0,0.9999999999999999,0.817857323,0.9999999999999999
D33,0.0,0.802000907,0.0,1.0,0.802000907,1.0
D34,0.0,0.807170971,0.0,0.9999999999999999,0.807170971,0.9999999999999999
D35,0.0,0.898321267,0.0,1.0,0.898321267,1.0
D36,0.0,1.0,0.0,1.0,1.0,1.0
D37,0.0,1.0,0.0,1.0,1.0,1.0
D38,0.0,1.0,0.0,1.0,1.0,1.0
D39,0.0,0.87685656,0.0,1.0,0.87685656,1.0
D40,0.0,1.0,0.0,1.0,1.0,1.0
D41,0.0,1.0,0.0,1.0,1.0,1.0
D42,0.0,1.0,0.0,1.0,1.0,1.0
D43,0.0,1.0,0.0,1.0,1.0,1.0
D44,0.0,0.87167622,0.0,1.0,0.87167622,1.0
D45,0.0,1.0,0.0,1.0,1.0,1.0
D46,0.0,1.0,0.0,1.0,1.0,1.0
D47,0.0,0.852197763,0.0,1.0,0.852197763,1.0
D48,0.0,0.957122686,0.0,1.0,0.957122686,1.0
D49,0.0,0.775406633,0.0,1.0,0.775406633,1.0
D50,0.0,1.0,0.0,1.0,1.0,1.0
D52,0.0,1.0,0.0,1.0,1.0,1.0
D53,0.0,0.878479603,0.0,1.0,0.878479603,1.0
D54,0.0,0.80251446,0.0,1.0,0.80251446,1.0
D55,0.0,0.945098904,0.0,1.0,0.945098904,1.0
D56,0.0,0.937500054,0.0,1.0,0.937500054,1.0
D57,0.0,0.964877986,0.0,1.0,0.964877986,1.0
D58,0.0,1.0,0.0,1.0,1.0,1.0
D59,0.0,1.0,0.0,1.0,1.0,1.0
D60,0.0,0.794117698,0.0,1.0,0.794117698,1.0
D61,0.0,1.0,0.0,1.0,1.0,1.0
D62,0.0,1.0,0.0,1.0,1.0,1.0
D63,0.0,0.745698496,0.0,1.0,0.745698496,1.0
D64,0.0,1.0,0.0,1.0,1.0,1.0
D65,0.0,0.833864473,0.0,1.0,0.833864473,1.0
D66,0.0,0.676523005,0.0,1.0,0.676523005,1.0
D67,0.0,0.752715469,0.0,1.0,0.752715469,1.0
D68,0.0,0.937500054,0.0,1.0,0.937500054,1.0
D69,0.0,0.948341979,0.0,1.0,0.948341979,1.0
D70,0.0,1.0,0.0,1.0,1.0,1.0
D71,0.0,1.0,0.0,1.0,1.0,1.0
D73,0.0,0.736890701,0.0,1.0,0.736890701,1.0
D74,0.0,0.845545379,0.0,1.0,0.845545379,1.0
D75,0.0,1.0,0.0,1.0,1.0,1.0
D76,0.0,0.929902548,0.0,1.0,0.929902548,1.0
D77,0.0,1.0,0.0,1.0,1.0,1.0
D78,0.0,1.0,0.0,1.0,1.0,1.0
D79,0.142857143,0.857142857,0.0,1.0,0.7142857140000001,1.0
D80,0.0,1.0,0.0,1.0,1.0,1.0
D81,0.0,1.0,0.0,1.0,1.0,1.0
D82,0.0,1.0,0.0,1.0,1.0,1.0
D83,0.0,1.0,0.0,1.0,1.0,1.0
D84,0.0,1.0,0.0,1.0,1.0,1.0
D85,0.0,0.534522536,0.0,1.0,0.534522536,1.0
D86,0.0,0.846352625,0.0,1.0,0.846352625,1.0
D87,0.0,1.0,0.0,1.0,1.0,1.0
D88,0.0,1.0,0.0,1.0,1.0,1.0
D89,0.0357,1.0,0.0,0.9999999999999999,0.9643,0.9999999999999999
D90,0.00865,0.870249239,0.0,1.0,0.8615992389999999,1.0
D91,0.0,0.74461719,0.0,1.0,0.74461719,1.0
D92,0.0,0.842105263,0.0,1.0,0.842105263,1.0
D93,0.0,0.80952381,0.0,1.0,0.80952381,1.0
D95,0.0,0.630370448,0.0,1.0,0.630370448,1.0
D96,0.0,1.0,0.0,1.0,1.0,1.0
D97,0.0,1.0,0.0,1.0,1.0,1.0
D98,0.0,0.8,0.0,1.0,0.8,1.0
D99,0.0,0.96066186,0.0,0.9999999999999999,0.96066186,0.9999999999999999
D100,0.0,1.0,0.0,1.0,1.0,1.0
D101,0.0,1.0,0.0,1.0,1.0,1.0
D102,0.00235,0.823154127,0.0,1.0,0.820804127,1.0
D103,0.0,1.0,0.0,1.0,1.0,1.0
D104,0.0,1.0,0.0,1.0,1.0,1.0
D105,0.00381,0.972938252,0.0,1.0,0.969128252,1.0
D106,0.0,1.0,0.0,1.0,1.0,1.0
D107,0.0,0.91561378,0.0,1.0,0.91561378,1.0
D108,0.0,1.0,0.0,1.0,1.0,1.0
D109,0.0,0.833333333,0.0,1.0,0.833333333,1.0
D110,0.0,1.0,0.0,1.0,1.0,1.0
D111,0.0,1.0,0.0,1.0,1.0,1.0
D112,0.0,0.8,0.0,1.0,0.8,1.0
D113,0.0,1.0,0.0,1.0,1.0,1.0
D114,0.0,1.0,0.0,1.0,1.0,1.0
D115,0.0,0.9,0.0,1.0,0.9,1.0
D116,0.0,1.0,0.0,1.0,1.0,1.0
D117,0.0,1.0,0.0,1.0,1.0,1.0
D118,0.0,0.922242628,0.0,1.0,0.922242628,1.0
D119,0.0,1.0,0.0,1.0,1.0,1.0
D120,0.0,1.0,0.0,1.0,1.0,1.0
D121,0.0,1.0,0.0,1.0,1.0,1.0
D122,0.0,0.984054397,0.0,1.0,0.984054397,1.0
D123,0.0,0.999932181,0.0,1.0,0.999932181,1.0
D124,0.0,0.999938906,0.0,1.0,0.999938906,1.0
D125,0.0,0.999923697,0.0,1.0,0.999923697,1.0
D126,0.0,0.921052632,0.0,0.9999999999999999,0.921052632,0.9999999999999999
D127,0.0,1.0,0.0,1.0,1.0,1.0
D128,0.0,1.0,0.0,1.0,1.0,1.0
D129,0.0,1.0,0.0,1.0,1.0,1.0
D130,0.0,0.861111111,0.0,0.9999999999999999,0.861111111,0.9999999999999999
D131,0.0,1.0,0.0,1.0,1.0,1.0
D132,0.0,0.833333333,0.0,1.0,0.833333333,1.0
D133,0.0,0.909090909,0.0,1.0,0.909090909,1.0
D134,0.0,0.857142857,0.0,0.9999999999999999,0.857142857,0.9999999999999999
D135,0.0,1.0,0.0,1.0,1.0,1.0
D136,0.0,0.777777778,0.0,1.0,0.777777778,1.0
D137,0.0,0.9375,0.0,1.0,0.9375,1.0
D138,0.0,1.0,0.0,1.0,1.0,1.0
D139,0.0,0.714285714,0.0,1.0,0.714285714,1.0
D140,0.0,1.0,0.0,1.0,1.0,1.0
D141,0.0,1.0,0.0,1.0,1.0,1.0
D142,0.0,0.6875,0.0,1.0,0.6875,1.0
D143,0.0,1.0,0.0,1.0,1.0,1.0
D144,0.0,0.878787879,0.0,1.0,0.878787879,1.0
D145,0.0,0.807692308,0.0,1.0,0.807692308,1.0
D146,0.0,0.952380952,0.0,1.0,0.952380952,1.0
D147,0.0,1.0,0.0,1.0,1.0,1.0
D148,0.0,0.833333333,0.0,1.0,0.833333333,1.0
D149,0.0,1.0,0.0,1.0,1.0,1.0
D150,0.0,1.0,0.0,1.0,1.0,1.0
D151,0.0,1.0,0.0,1.0,1.0,1.0
D152,0.0,0.651515152,0.0,1.0,0.651515152,1.0
D153,0.0,1.0,0.0,1.0,1.0,1.0
D154,0.0,1.0,0.0,1.0,1.0,1.0
D155,0.0,0.764705882,0.0,1.0,0.764705882,1.0
D156,0.0,0.714285714,0.0,1.0,0.714285714,1.0
D157,0.0,1.0,0.0,1.0,1.0,1.0
D158,0.0,1.0,0.0,1.0,1.0,1.0
D159,0.0,0.451612903,0.0,1.0,0.451612903,1.0
D160,0.0,1.0,0.0,1.0,1.0,1.0
D161,0.0,0.75,0.0,1.0,0.75,1.0
D162,0.0,0.75,0.0,1.0,0.75,1.0
D163,0.0,0.9,0.0,1.0,0.9,1.0
D164,0.0,1.0,0.0,1.0,1.0,1.0
D165,0.0,1.0,0.0,1.0,1.0,1.0
D166,0.0,1.0,0.0,1.0,1.0,1.0
D167,0.0,1.0,0.0,1.0,1.0,1.0
D168,0.0,0.714285714,0.0,1.0,0.714285714,1.0
D169,0.0,1.0,0.0,1.0,1.0,1.0
D171,0.0,1.0,0.0,1.0,1.0,1.0
D172,0.0,1.0,0.0,1.0,1.0,1.0
D173,0.0,0.885242297,0.0,0.9999999999999999,0.885242297,0.9999999999999999
D174,0.0,0.95982379,0.0,1.0,0.95982379,1.0
D175,0.0189,0.82157487,0.0,1.0,0.8026748699999999,1.0
D176,0.0,1.0,0.0,1.0,1.0,1.0
D177,0.000514,1.0,0.0,0.9999999999999999,0.999486,0.9999999999999999
D178,0.00115,1.0,0.0,1.0,0.99885,1.0
D179,0.0,1.0,0.0,1.0,1.0,1.0
D180,0.0945,0.838126574,0.0,1.0,0.743626574,1.0
D181,0.354010439,1.0,0.0,1.0,0.6459895609999999,1.0
D182,0.0,1.0,0.0,1.0,1.0,1.0
D183,0.0,1.0,0.0,1.0,1.0,1.0
D184,0.0,0.943387515,0.0,1.0,0.943387515,1.0
D185,0.0,1.0,0.0,1.0,1.0,1.0
D186,0.0628,1.0,0.0,1.0,0.9372,1.0
D187,0.0,1.0,0.0,1.0,1.0,1.0
D188,0.0,0.955795623,0.0,0.9999999999999999,0.955795623,0.9999999999999999
D189,0.190761677,1.0,0.0,1.0,0.809238323,1.0
D190,0.0,1.0,0.0,1.0,1.0,1.0
D191,0.0,0.820906083,0.0,1.0,0.820906083,1.0
D192,0.0,1.0,0.0,1.0,1.0,1.0
D193,0.0,0.777031643,0.0,1.0,0.777031643,1.0
D194,0.0,1.0,0.0,1.0,1.0,1.0
D195,0.0,0.998498665,0.0,1.0,0.998498665,1.0
D196,0.0,1.0,0.0,1.0,1.0,1.0
D197,0.0,0.985416779,0.0,0.9999999999999999,0.985416779,0.9999999999999999
D198,0.0,0.85245622,0.0,0.9999999999999999,0.85245622,0.9999999999999999
D199,0.0,1.0,0.0,1.0,1.0,1.0
D200,0.0,1.0,0.0,1.0,1.0,1.0
D201,0.257565449,1.0,0.0,1.0,0.742434551,1.0
D202,0.0,1.0,0.0,1.0,1.0,1.0
D203,0.0,0.976332943,0.0,1.0,0.976332943,1.0
D204,0.00399,1.0,0.0,1.0,0.99601,1.0
D205,0.0324,1.0,0.0,1.0,0.9676,1.0
D206,0.0,0.979965469,0.0,1.0,0.979965469,1.0
D207,0.0,0.974643848,0.0,1.0,0.974643848,1.0
D208,0.141123584,0.995062883,0.0,1.0000000000000002,0.853939299,1.0000000000000002
D209,0.0,1.0,0.0,1.0,1.0,1.0
D210,0.0,1.0,0.0,1.0,1.0,1.0
D211,0.0,1.0,0.0,1.0,1.0,1.0
D212,0.0,0.993830681,0.0,0.9999999999999999,0.993830681,0.9999999999999999
D213,0.0,0.981662624,0.0,1.0,0.981662624,1.0
D214,0.0,0.642110994,0.0,1.0,0.642110994,1.0
D215,0.0,1.0,0.0,1.0,1.0,1.0
D216,0.0,1.0,0.0,1.0,1.0,1.0
D217,0.0,1.0,0.0,1.0,1.0,1.0
D218,0.0,0.994036474,0.0,1.0,0.994036474,1.0
D219,0.0,0.82555,0.0,0.9999999999999999,0.82555,0.9999999999999999
D220,0.0,1.0,0.0,1.0,1.0,1.0
D221,0.0,1.0,0.0,1.0,1.0,1.0
D222,0.0,1.0,0.0,1.0,1.0,1.0
D223,0.0,0.969680272,0.0,1.0,0.969680272,1.0
D224,0.0,0.991928721,0.0,1.0,0.991928721,1.0
D225,0.0,1.0,0.0,1.0,1.0,1.0
D226,0.0,1.0,0.0,1.0,1.0,1.0
D227,0.0,1.0,0.0,1.0,1.0,1.0
D228,0.0,0.666666667,0.0,0.9999999999999999,0.666666667,0.9999999999999999
D229,0.0,1.0,0.0,1.0,1.0,1.0
D230,0.0,1.0,0.0,1.0,1.0,1.0
D231,0.0,1.0,0.0,1.0,1.0,1.0
D232,0.0,0.663127413,0.0,1.0,0.663127413,1.0
D233,0.011,1.0,0.0,1.0,0.989,1.0
D234,0.0,1.0,0.0,1.0,1.0,1.0
D235,0.0,1.0,0.0,1.0,1.0,1.0
D236,0.0,1.0,0.0,1.0,1.0,1.0
D237,0.0,1.0,0.0,1.0,1.0,1.0
D238,0.0,1.0,0.0,1.0,1.0,1.0
D239,0.0,0.976767961,0.0,1.0,0.976767961,1.0
D240,0.0,1.0,0.0,1.0,1.0,1.0
D241,0.0,1.0,0.0,1.0,1.0,1.0
D242,0.0,1.0,0.0,1.0,1.0,1.0
D243,0.0,0.964268289,0.0,0.9999999999999999,0.964268289,0.9999999999999999
D244,0.0,1.0,0.0,1.0,1.0,1.0
D245,0.0,1.0,0.0,1.0,1.0,1.0
D246,0.0,1.0,0.0,1.0,1.0,1.0
D247,0.0,1.0,0.0,1.0,1.0,1.0
D248,0.0,0.853854973,0.0,1.0,0.853854973,1.0
D249,0.0,1.0,0.0,1.0,1.0,1.0
D250,0.0,1.0,0.0,1.0,1.0,1.0
D251,0.0,0.5,0.0,1.0,0.5,1.0
D252,0.0,1.0,0.0,1.0,1.0,1.0
D253,0.0,0.666666667,0.0,0.9999999999999999,0.666666667,0.9999999999999999
D254,0.0,0.75,0.0,1.0,0.75,1.0
D255,0.0,1.0,0.0,1.0,1.0,1.0
D256,0.0,1.0,0.0,1.0,1.0,1.0
D257,0.0,0.8,0.0,1.0,0.8,1.0
D258,0.0,1.0,0.0,1.0,1.0,1.0
D259,0.0,0.666666667,0.0,0.9999999999999999,0.666666667,0.9999999999999999
D260,0.0,1.0,0.0,1.0,1.0,1.0
D261,0.0,1.0,0.0,1.0,1.0,1.0
D262,0.0,1.0,0.0,1.0,1.0,1.0
D263,0.0,0.375,0.0,1.0,0.375,1.0
D264,0.0,1.0,0.0,1.0,1.0,1.0
D265,0.0,1.0,0.0,1.0,1.0,1.0
D266,0.0,1.0,0.0,1.0,1.0,1.0
D267,0.0,1.0,0.0,1.0,1.0,1.0
D268,0.0,1.0,0.0,1.0,1.0,1.0
D269,0.0,0.625,0.0,1.0,0.625,1.0
D270,0.0,1.0,0.0,1.0,1.0,1.0
D271,0.0,1.0,0.0,1.0,1.0,1.0
D272,0.0,1.0,0.0,1.0,1.0,1.0
D273,0.0,0.75,0.0,1.0,0.75,1.0
D274,0.0,1.0,0.0,1.0,1.0,1.0
D275,0.0,1.0,0.0,1.0,1.0,1.0
D276,0.0,1.0,0.0,1.0,1.0,1.0
D277,0.0,1.0,0.0,1.0,1.0,1.0
D278,0.0,0.5,0.0,1.0,0.5,1.0
D279,0.0,0.666666667,0.0,0.9999999999999999,0.666666667,0.9999999999999999
D280,0.0,1.0,0.0,1.0,1.0,1.0
D281,0.0,1.0,0.0,1.0,1.0,1.0
D282,0.0,1.0,0.0,1.0,1.0,1.0
D283,0.0,1.0,0.0,1.0,1.0,1.0
D284,0.0,0.333333333,0.0,1.0,0.333333333,1.0
D285,0.0,0.5,0.0,1.0,0.5,1.0
D286,0.0,1.0,0.0,1.0,1.0,1.0
D287,0.0,1.0,0.0,1.0,1.0,1.0
D288,0.0,1.0,0.0,1.0,1.0,1.0
D289,0.0,0.6,0.0,1.0,0.6,1.0
D290,0.0,0.75,0.0,1.0,0.75,1.0
D291,0.0,1.0,0.0,1.0,1.0,1.0
D292,0.0,1.0,0.0,1.0,1.0,1.0
D293,0.0,0.666666667,0.0,0.9999999999999999,0.666666667,0.9999999999999999
D294,0.0,1.0,0.0,1.0,1.0,1.0
D295,0.0,1.0,0.0,1.0,1.0,1.0
D296,0.0,1.0,0.0,1.0,1.0,1.0
D297,0.0,1.0,0.0,1.0,1.0,1.0
D298,0.0,1.0,0.0,1.0,1.0,1.0
D299,0.0,1.0,0.0,1.0,1.0,1.0
D300,0.0,1.0,0.0,1.0,1.0,1.0
D301,0.0,1.0,0.0,1.0,1.0,1.0
D302,0.0,0.25,0.0,1.0,0.25,1.0
D303,0.0,0.833333333,0.0,1.0,0.833333333,1.0
D304,0.0,1.0,0.0,1.0,1.0,1.0
D305,0.0,1.0,0.0,1.0,1.0,1.0
D306,0.0,1.0,0.0,1.0,1.0,1.0
D307,0.0,0.5,0.0,1.0,0.5,1.0
D308,0.0,1.0,0.0,1.0,1.0,1.0
D309,0.0,1.0,0.0,1.0,1.0,1.0
D310,0.0,0.888888889,0.0,1.0,0.888888889,1.0
D311,0.0,1.0,0.0,1.0,1.0,1.0
D312,0.0,1.0,0.0,1.0,1.0,1.0
D313,0.0,0.692307692,0.0,1.0,0.692307692,1.0
D314,0.0,1.0,0.0,1.0,1.0,1.0
D315,0.0,1.0,0.0,1.0,1.0,1.0
D316,0.0,1.0,0.0,1.0,1.0,1.0
D317,0.0,1.0,0.0,1.0,1.0,1.0
D318,0.0,1.0,0.0,1.0,1.0,1.0
D319,0.0,1.0,0.0,1.0,1.0,1.0
D320,0.0,1.0,0.0,1.0,1.0,1.0
D321,0.0,0.375,0.0,1.0,0.375,1.0
D322,0.0,1.0,0.0,1.0,1.0,1.0
D323,0.0,1.0,0.0,1.0,1.0,1.0
D324,0.0,1.0,0.0,1.0,1.0,1.0
D325,0.0,1.0,0.0,1.0,1.0,1.0
D326,0.0,1.0,0.0,1.0,1.0,1.0
D327,0.0,1.0,0.0,1.0,1.0,1.0
D328,0.0,1.0,0.0,1.0,1.0,1.0
D329,0.0,1.0,0.0,1.0,1.0,1.0
D330,0.0,1.0,0.0,1.0,1.0,1.0
D331,0.0,1.0,0.0,1.0,1.0,1.0
D332,0.0,1.0,0.0,1.0,1.0,1.0
D333,0.0,1.0,0.0,1.0,1.0,1.0
D334,0.0,1.0,0.0,1.0,1.0,1.0
D335,0.0,1.0,0.0,1.0,1.0,1.0
D336,0.0,1.0,0.0,1.0,1.0,1.0
D337,0.0,1.0,0.0,1.0,1.0,1.0
D338,0.0,1.0,0.0,1.0,1.0,1.0
D339,0.0,1.0,0.0,1.0,1.0,1.0
D340,0.0,1.0,0.0,1.0,1.0,1.0
D341,0.0,1.0,0.0,1.0,1.0,1.0
D342,0.0,1.0,0.0,1.0,1.0,1.0
D343,0.0,0.846153846,0.0,0.9999999999999999,0.846153846,0.9999999999999999
D344,0.0,0.75,0.0,1.0,0.75,1.0
D345,0.0,1.0,0.0,1.0,1.0,1.0
D346,0.0,1.0,0.0,1.0,1.0,1.0
D347,0.0,0.5,0.0,1.0,0.5,1.0
D348,0.0,1.0,0.0,1.0,1.0,1.0
D349,0.0,1.0,0.0,1.0,1.0,1.0
D350,0.0,0.666666667,0.0,0.9999999999999999,0.666666667,0.9999999999999999
D351,0.0,1.0,0.0,1.0,1.0,1.0
D352,0.0,1.0,0.0,1.0,1.0,1.0
D353,0.0,1.0,0.0,1.0,1.0,1.0
D354,0.0,1.0,0.0,1.0,1.0,1.0
D355,0.0,1.0,0.0,1.0,1.0,1.0
D356,0.0,0.583333333,0.0,1.0,0.583333333,1.0
D357,0.0,0.777777778,0.0,1.0,0.777777778,1.0
D358,0.0,1.0,0.0,1.0,1.0,1.0
D359,0.0,0.666666667,0.0,0.9999999999999999,0.666666667,0.9999999999999999
D360,0.0,1.0,0.0,1.0,1.0,1.0
D361,0.0,1.0,0.0,1.0,1.0,1.0
D362,0.0,0.5,0.0,1.0,0.5,1.0
D363,0.0,1.0,0.0,1.0,1.0,1.0
D364,0.0,1.0,0.0,1.0,1.0,1.0
D365,0.0,1.0,0.0,1.0,1.0,1.0
D366,0.0,1.0,0.0,1.0,1.0,1.0
D367,0.0,1.0,0.0,1.0,1.0,1.0
D368,0.0,1.0,0.0,1.0,1.0,1.0
D369,0.0,1.0,0.0,1.0,1.0,1.0
D370,0.0,1.0,0.0,1.0,1.0,1.0
D371,0.0,0.5,0.0,1.0,0.5,1.0
D372,0.0,0.545454545,0.0,1.0,0.545454545,1.0
D373,0.0,1.0,0.0,1.0,1.0,1.0
D374,0.0,0.5,0.0,1.0,0.5,1.0
D375,0.0,1.0,0.0,1.0,1.0,1.0
D376,0.0,1.0,0.0,1.0,1.0,1.0
D377,0.0,1.0,0.0,1.0,1.0,1.0
D378,0.0,1.0,0.0,1.0,1.0,1.0
D379,0.0,1.0,0.0,1.0,1.0,1.0
D380,0.0,1.0,0.0,1.0,1.0,1.0
D381,0.0,1.0,0.0,1.0,1.0,1.0
D382,0.0,1.0,0.0,1.0,1.0,1.0
D383,0.0,1.0,0.0,1.0,1.0,1.0
D384,0.0,1.0,0.0,1.0,1.0,1.0
D385,0.0,1.0,0.0,1.0,1.0,1.0
D386,0.0,1.0,0.0,1.0,1.0,1.0
D387,0.0,1.0,0.0,1.0,1.0,1.0
D388,0.0,1.0,0.0,1.0,1.0,1.0
D389,0.0,1.0,0.0,1.0,1.0,1.0
D390,0.0,0.833333333,0.0,1.0,0.833333333,1.0
D391,0.0,1.0,0.0,1.0,1.0,1.0
D392,0.0,1.0,0.0,1.0,1.0,1.0
D393,0.0,1.0,0.0,1.0,1.0,1.0
D394,0.0,1.0,0.0,1.0,1.0,1.0
D395,0.0,1.0,0.0,1.0,1.0,1.0
D396,0.0,1.0,0.0,1.0,1.0,1.0
D397,0.0,1.0,0.0,1.0,1.0,1.0
D398,0.0,1.0,0.0,1.0,1.0,1.0
D399,0.0,1.0,0.0,1.0,1.0,1.0
D400,0.0,1.0,0.0,1.0,1.0,1.0
D401,0.0,0.666666667,0.0,0.9999999999999999,0.666666667,0.9999999999999999
D402,0.0,1.0,0.0,1.0,1.0,1.0
D403,0.0,1.0,0.0,1.0,1.0,1.0
D404,0.0,0.25,0.0,1.0,0.25,1.0
D405,0.0,1.0,0.0,1.0,1.0,1.0
D406,0.0,0.666666667,0.0,0.9999999999999999,0.666666667,0.9999999999999999
D407,0.0,1.0,0.0,1.0,1.0,1.0
D408,0.0,1.0,0.0,1.0,1.0,1.0
D409,0.0,1.0,0.0,1.0,1.0,1.0
D410,0.0,1.0,0.0,1.0,1.0,1.0
D411,0.0,0.5,0.0,1.0,0.5,1.0
D412,0.0,1.0,0.0,1.0,1.0,1.0
D413,0.0,1.0,0.0,1.0,1.0,1.0
D414,0.0,0.5,0.0,1.0,0.5,1.0
D415,0.0,1.0,0.0,1.0,1.0,1.0
D416,0.0,1.0,0.0,1.0,1.0,1.0
D417,0.0,0.625,0.0,1.0,0.625,1.0
D418,0.0,0.8,0.0,1.0,0.8,1.0
D419,0.0,1.0,0.0,1.0,1.0,1.0
D420,0.0,1.0,0.0,1.0,1.0,1.0
D421,0.0,1.0,0.0,1.0,1.0,1.0
D422,0.0,1.0,0.0,1.0,1.0,1.0
D423,0.0,1.0,0.0,1.0,1.0,1.0
D424,0.0,1.0,0.0,1.0,1.0,1.0
D425,0.0,1.0,0.0,1.0,1.0,1.0
D426,0.0,1.0,0.0,1.0,1.0,1.0
D427,0.0,1.0,0.0,1.0,1.0,1.0
D428,0.0,1.0,0.0,1.0,1.0,1.0
D429,0.0,1.0,0.0,1.0,1.0,1.0
D430,0.0,0.833333333,0.0,1.0,0.833333333,1.0
D431,0.0,1.0,0.0,1.0,1.0,1.0
D432,0.0,1.0,0.0,1.0,1.0,1.0
D433,0.0,1.0,0.0,1.0,1.0,1.0
D434,0.0,0.714285714,0.0,1.0,0.714285714,1.0
D435,0.0,1.0,0.0,1.0,1.0,1.0
D436,0.0,1.0,0.0,1.0,1.0,1.0
D437,0.0,0.5,0.0,1.0,0.5,1.0
D438,0.0,1.0,0.0,1.0,1.0,1.0
D439,0.0,1.0,0.0,1.0,1.0,1.0
D440,0.0,1.0,0.0,1.0,1.0,1.0
D441,0.0,1.0,0.0,1.0,1.0,1.0
D442,0.0,1.0,0.0,1.0,1.0,1.0
D443,0.0,1.0,0.0,1.0,1.0,1.0
D444,0.0,0.789473684,0.0,0.9999999999999999,0.789473684,0.9999999999999999
D445,0.0,1.0,0.0,1.0,1.0,1.0
D446,0.0,1.0,0.0,1.0,1.0,1.0
D447,0.0,0.8,0.0,1.0,0.8,1.0
D448,0.0,0.956521739,0.0,1.0,0.956521739,1.0
D449,0.0,0.875,0.0,1.0,0.875,1.0
D450,0.0,1.0,0.0,1.0,1.0,1.0
D451,0.0,0.833333333,0.0,1.0,0.833333333,1.0
D452,0.0,1.0,0.0,1.0,1.0,1.0
D453,0.0,0.8125,0.0,1.0,0.8125,1.0
D454,0.0,1.0,0.0,1.0,1.0,1.0
D455,0.0,1.0,0.0,1.0,1.0,1.0
D456,0.0,0.793103448,0.0,1.0,0.793103448,1.0
D457,0.0,0.523809524,0.0,1.0,0.523809524,1.0
D458,0.0,0.95,0.0,0.9999999999999999,0.95,0.9999999999999999
D459,0.0,1.0,0.0,1.0,1.0,1.0
D460,0.0,1.0,0.0,1.0,1.0,1.0
D461,0.0,1.0,0.0,1.0,1.0,1.0
D462,0.0,0.666666667,0.0,0.9999999999999999,0.666666667,0.9999999999999999
D463,0.0,0.666666667,0.0,0.9999999999999999,0.666666667,0.9999999999999999
D464,0.0,1.0,0.0,1.0,1.0,1.0
D465,0.0,0.705882353,0.0,1.0,0.705882353,1.0
D466,0.0,0.363636364,0.0,1.0,0.363636364,1.0
D467,0.0,0.3,0.0,1.0,0.3,1.0
D468,0.0,1.0,0.0,1.0,1.0,1.0
D469,0.0,1.0,0.0,1.0,1.0,1.0
D470,0.0,0.583333333,0.0,1.0,0.583333333,1.0
D471,0.0,1.0,0.0,1.0,1.0,1.0
D472,0.0,0.923076923,0.0,0.9999999999999999,0.923076923,0.9999999999999999
D473,0.0,1.0,0.0,1.0,1.0,1.0
D474,0.0,1.0,0.0,1.0,1.0,1.0
D475,0.0,1.0,0.0,1.0,1.0,1.0
D476,0.0,0.962962963,0.0,0.9999999999999999,0.962962963,0.9999999999999999
D477,0.0,0.928571429,0.0,1.0,0.928571429,1.0
D478,0.0,1.0,0.0,1.0,1.0,1.0
D479,0.0,0.766666667,0.0,1.0,0.766666667,1.0
D480,0.0,1.0,0.0,1.0,1.0,1.0
D481,0.0,1.0,0.0,1.0,1.0,1.0
D482,0.0,0.833333333,0.0,1.0,0.833333333,1.0
D483,0.0,1.0,0.0,1.0,1.0,1.0
D484,0.0,0.25,0.0,1.0,0.25,1.0
D485,0.0,0.714285714,0.0,1.0,0.714285714,1.0
D486,0.0,1.0,0.0,1.0,1.0,1.0
D487,0.0,1.0,0.0,1.0,1.0,1.0
D488,0.0,1.0,0.0,1.0,1.0,1.0
D489,0.0,1.0,0.0,1.0,1.0,1.0
D490,0.0,1.0,0.0,1.0,1.0,1.0
D491,0.0,1.0,0.0,1.0,1.0,1.0
D492,0.0,1.0,0.0,1.0,1.0,1.0
D493,0.0,1.0,0.0,1.0,1.0,1.0
D494,0.0,0.625,0.0,1.0,0.625,1.0
D495,0.0,0.75,0.0,1.0,0.75,1.0
D496,0.0,1.0,0.0,1.0,1.0,1.0
D497,0.0,0.8,0.0,1.0,0.8,1.0
D498,0.0,1.0,0.0,1.0,1.0,1.0
D499,0.0,1.0,0.0,1.0,1.0,1.0
D500,0.0,1.0,0.0,1.0,1.0,1.0
D501,0.0,0.875,0.0,1.0,0.875,1.0
D502,0.0,1.0,0.0,1.0,1.0,1.0
D503,0.0,0.428571429,0.0,1.0,0.428571429,1.0
D504,0.0,1.0,0.0,1.0,1.0,1.0
D505,0.0,0.873015873,0.0,0.9999999999999999,0.873015873,0.9999999999999999
D506,0.0,1.0,0.0,1.0,1.0,1.0
D507,0.0,1.0,0.0,1.0,1.0,1.0
D508,0.0,1.0,0.0,1.0,1.0,1.0
D509,0.0,1.0,0.0,1.0,1.0,1.0
D510,0.0,1.0,0.0,1.0,1.0,1.0
D511,0.0,0.5,0.0,1.0,0.5,1.0
D512,0.0,1.0,0.0,1.0,1.0,1.0
D513,0.0,1.0,0.0,1.0,1.0,1.0
D514,0.0,1.0,0.0,1.0,1.0,1.0
D515,0.0,1.0,0.0,1.0,1.0,1.0
D516,0.0,1.0,0.0,1.0,1.0,1.0
D517,0.0,1.0,0.0,1.0,1.0,1.0
D518,0.0,0.909090909,0.0,1.0,0.909090909,1.0
D519,0.0,1.0,0.0,1.0,1.0,1.0
D520,0.0,0.857142857,0.0,0.9999999999999999,0.857142857,0.9999999999999999
D521,0.0,1.0,0.0,1.0,1.0,1.0
D522,0.0,1.0,0.0,1.0,1.0,1.0
D523,0.0,1.0,0.0,1.0,1.0,1.0
D524,0.0,0.875,0.0,1.0,0.875,1.0
D525,0.0,1.0,0.0,1.0,1.0,1.0
D526,0.0,1.0,0.0,1.0,1.0,1.0
D527,0.0,1.0,0.0,1.0,1.0,1.0
D528,0.0,1.0,0.0,1.0,1.0,1.0
D529,0.0,0.8125,0.0,1.0,0.8125,1.0
D530,0.0,0.466666667,0.0,1.0,0.466666667,1.0
D531,0.0,1.0,0.0,1.0,1.0,1.0
D532,0.0,1.0,0.0,1.0,1.0,1.0
D533,0.0,1.0,0.0,1.0,1.0,1.0
D534,0.0,0.75,0.0,1.0,0.75,1.0
D535,0.0,1.0,0.0,1.0,1.0,1.0
D536,0.0,1.0,0.0,1.0,1.0,1.0
D537,0.0,0.857142857,0.0,0.9999999999999999,0.857142857,0.9999999999999999
D538,0.0,0.833333333,0.0,1.0,0.833333333,1.0
D539,0.0,0.727272727,0.0,0.9999999999999999,0.727272727,0.9999999999999999
D540,0.0,1.0,0.0,1.0,1.0,1.0
D541,0.0,1.0,0.0,1.0,1.0,1.0
D542,0.0,0.928571429,0.0,1.0,0.928571429,1.0
D543,0.0,1.0,0.0,1.0,1.0,1.0
D544,0.0,0.875,0.0,1.0,0.875,1.0
D545,0.0,1.0,0.0,1.0,1.0,1.0
D546,0.0,0.882352941,0.0,0.9999999999999999,0.882352941,0.9999999999999999
D547,0.0,1.0,0.0,1.0,1.0,1.0
D548,0.0,1.0,0.0,1.0,1.0,1.0
D549,0.0,0.9375,0.0,1.0,0.9375,1.0
D550,0.0,1.0,0.0,1.0,1.0,1.0
D551,0.0,0.888888889,0.0,1.0,0.888888889,1.0
D552,0.0,0.875,0.0,1.0,0.875,1.0
D553,0.0,1.0,0.0,1.0,1.0,1.0
D554,0.0,0.714285714,0.0,1.0,0.714285714,1.0
D555,0.0,1.0,0.0,1.0,1.0,1.0
D556,0.0,0.6,0.0,1.0,0.6,1.0
D557,0.0,0.772727273,0.0,1.0,0.772727273,1.0
D558,0.0,1.0,0.0,1.0,1.0,1.0
D559,0.0,0.9,0.0,1.0,0.9,1.0
D560,0.0,1.0,0.0,1.0,1.0,1.0
D561,0.0,1.0,0.0,1.0,1.0,1.0
D562,0.0,0.931034483,0.0,1.0,0.931034483,1.0
D563,0.0,0.944444444,0.0,1.0,0.944444444,1.0
D564,0.0,1.0,0.0,1.0,1.0,1.0
D565,0.0,1.0,0.0,1.0,1.0,1.0
D566,0.0,1.0,0.0,1.0,1.0,1.0
D567,0.0,0.909502262,0.0,1.0,0.909502262,1.0
D569,0.0,1.0,0.0,1.0,1.0,1.0
D570,0.0,1.0,0.0,1.0,1.0,1.0
D571,0.0,0.25,0.0,1.0,0.25,1.0
D572,0.0,1.0,0.0,1.0,1.0,1.0
D573,0.0,1.0,0.0,1.0,1.0,1.0
D574,0.0,1.0,0.0,1.0,1.0,1.0
D575,0.0,1.0,0.0,1.0,1.0,1.0
D576,0.0,1.0,0.0,1.0,1.0,1.0
D577,0.0,1.0,0.0,1.0,1.0,1.0
D578,0.0,0.5,0.0,1.0,0.5,1.0
D579,0.0,1.0,0.0,1.0,1.0,1.0
D580,0.0,0.833333333,0.0,1.0,0.833333333,1.0
D581,0.0,1.0,0.0,1.0,1.0,1.0
D582,0.0,1.0,0.0,1.0,1.0,1.0
D583,0.0,1.0,0.0,1.0,1.0,1.0
D584,0.0,1.0,0.0,1.0,1.0,1.0
D585,0.0,1.0,0.0,1.0,1.0,1.0
D586,0.0,1.0,0.0,1.0,1.0,1.0
D587,0.0,1.0,0.0,1.0,1.0,1.0
D588,0.0,1.0,0.0,1.0,1.0,1.0
D589,0.0,1.0,0.0,1.0,1.0,1.0
D590,0.0,0.9375,0.0,1.0,0.9375,1.0
D591,0.0,0.842105263,0.0,1.0,0.842105263,1.0
D592,0.0,1.0,0.0,1.0,1.0,1.0
D593,0.0,1.0,0.0,1.0,1.0,1.0
D594,0.0,1.0,0.0,1.0,1.0,1.0
D595,0.0,0.9,0.0,1.0,0.9,1.0
D596,0.0,1.0,0.0,1.0,1.0,1.0
D597,0.0,1.0,0.0,1.0,1.0,1.0
D598,0.0,1.0,0.0,1.0,1.0,1.0
D599,0.0,1.0,0.0,1.0,1.0,1.0
D600,0.0,0.5,0.0,1.0,0.5,1.0
D601,0.0,1.0,0.0,1.0,1.0,1.0
D602,0.0,0.5,0.0,1.0,0.5,1.0
D603,0.0,0.75,0.0,1.0,0.75,1.0
D604,0.0,0.666666667,0.0,0.9999999999999999,0.666666667,0.9999999999999999
D605,0.0,0.272727273,0.0,1.0,0.272727273,1.0
D606,0.0,1.0,0.0,1.0,1.0,1.0
D607,0.0,0.928571429,0.0,1.0,0.928571429,1.0
D608,0.0,1.0,0.0,1.0,1.0,1.0
D609,0.0,0.75,0.0,1.0,0.75,1.0
D610,0.0,1.0,0.0,1.0,1.0,1.0
D611,0.0,0.5,0.0,1.0,0.5,1.0
D612,0.0,1.0,0.0,1.0,1.0,1.0
D613,0.0,0.875,0.0,1.0,0.875,1.0
D614,0.0,1.0,0.0,1.0,1.0,1.0
D615,0.0,0.5,0.0,1.0,0.5,1.0
D616,0.0,0.5,0.0,1.0,0.5,1.0
D617,0.0,0.666666667,0.0,0.9999999999999999,0.666666667,0.9999999999999999
D618,0.0,1.0,0.0,1.0,1.0,1.0
D619,0.0,1.0,0.0,1.0,1.0,1.0
D620,0.0,0.833333333,0.0,1.0,0.833333333,1.0
D621,0.0,0.523809524,0.0,1.0,0.523809524,1.0
D622,0.0,0.631578947,0.0,1.0,0.631578947,1.0
D623,0.0,1.0,0.0,1.0,1.0,1.0
D624,0.0,1.0,0.0,1.0,1.0,1.0
D625,0.0,0.764705882,0.0,1.0,0.764705882,1.0
D626,0.0,0.7,0.0,1.0,0.7,1.0
D627,0.0,0.666666667,0.0,0.9999999999999999,0.666666667,0.9999999999999999
D628,0.0,0.5,0.0,1.0,0.5,1.0
D629,0.0,1.0,0.0,1.0,1.0,1.0
D630,0.0,0.235294118,0.0,1.0,0.235294118,1.0
D631,0.0,0.181818182,0.0,1.0,0.181818182,1.0
D632,0.0,0.2,0.0,1.0,0.2,1.0
D633,0.0,0.285714286,0.0,1.0,0.285714286,1.0
D634,0.0,0.375,0.0,1.0,0.375,1.0
D635,0.0,1.0,0.0,1.0,1.0,1.0
D636,0.0,1.0,0.0,1.0,1.0,1.0
D637,0.0,0.666666667,0.0,0.9999999999999999,0.666666667,0.9999999999999999
D638,0.0,1.0,0.0,1.0,1.0,1.0
D639,0.0,1.0,0.0,1.0,1.0,1.0
D640,0.0,1.0,0.0,1.0,1.0,1.0
D641,0.0,0.75,0.0,1.0,0.75,1.0
D642,0.0,1.0,0.0,1.0,1.0,1.0
D643,0.0,0.6,0.0,1.0,0.6,1.0
D644,0.0,1.0,0.0,1.0,1.0,1.0
D645,0.0,1.0,0.0,1.0,1.0,1.0
D646,0.0,1.0,0.0,1.0,1.0,1.0
D647,0.0,1.0,0.0,1.0,1.0,1.0
D648,0.0,1.0,0.0,1.0,1.0,1.0
D649,0.0,1.0,0.0,1.0,1.0,1.0
D650,0.0,1.0,0.0,1.0,1.0,1.0
D651,0.0,1.0,0.0,1.0,1.0,1.0
D652,0.0,1.0,0.0,1.0,1.0,1.0
D653,0.0,1.0,0.0,1.0,1.0,1.0
D654,0.0,0.5,0.0,1.0,0.5,1.0
D655,0.0,1.0,0.0,1.0,1.0,1.0
D656,0.0,0.5,0.0,1.0,0.5,1.0
D657,0.0,1.0,0.0,1.0,1.0,1.0
D658,0.0,1.0,0.0,1.0,1.0,1.0
D659,0.0,0.75,0.0,1.0,0.75,1.0
D660,0.0,1.0,0.0,1.0,1.0,1.0
D661,0.0,1.0,0.0,1.0,1.0,1.0
D662,0.0,1.0,0.0,1.0,1.0,1.0
D663,0.0,0.846153846,0.0,0.9999999999999999,0.846153846,0.9999999999999999
D664,0.0,0.666666667,0.0,0.9999999999999999,0.666666667,0.9999999999999999
D665,0.0,0.378378378,0.0,1.0,0.378378378,1.0
D666,0.0,0.333333333,0.0,1.0,0.333333333,1.0
D667,0.0,0.56,0.0,1.0,0.56,1.0
D668,0.0,0.875,0.0,1.0,0.875,1.0
D669,0.0,0.714285714,0.0,1.0,0.714285714,1.0
D670,0.0,1.0,0.0,1.0,1.0,1.0
D671,0.0,0.5,0.0,1.0,0.5,1.0
D672,0.0,0.857142857,0.0,0.9999999999999999,0.857142857,0.9999999999999999
D673,0.0,1.0,0.0,1.0,1.0,1.0
D674,0.0,1.0,0.0,1.0,1.0,1.0
D675,0.0,1.0,0.0,1.0,1.0,1.0
D676,0.0,1.0,0.0,1.0,1.0,1.0
D677,0.0,0.571428571,0.0,1.0,0.571428571,1.0
D678,0.0,0.666666667,0.0,0.9999999999999999,0.666666667,0.9999999999999999
D679,0.0,1.0,0.0,1.0,1.0,1.0
D680,0.0,1.0,0.0,1.0,1.0,1.0
D681,0.0,0.666666667,0.0,0.9999999999999999,0.666666667,0.9999999999999999
D682,0.0,1.0,0.0,1.0,1.0,1.0
D683,0.0,1.0,0.0,1.0,1.0,1.0
D684,0.0,1.0,0.0,1.0,1.0,1.0
D685,0.0,1.0,0.0,1.0,1.0,1.0
D686,0.0,1.0,0.0,1.0,1.0,1.0
D687,0.0,0.5,0.0,1.0,0.5,1.0
D688,0.0,1.0,0.0,1.0,1.0,1.0
D689,0.0,1.0,0.0,1.0,1.0,1.0
D690,0.0,0.888888889,0.0,1.0,0.888888889,1.0
D691,0.0,1.0,0.0,1.0,1.0,1.0
D692,0.0,1.0,0.0,1.0,1.0,1.0
D693,0.0,0.888888889,0.0,1.0,0.888888889,1.0
D694,0.0,1.0,0.0,1.0,1.0,1.0
D695,0.0,1.0,0.0,1.0,1.0,1.0
D696,0.0,0.818181818,0.0,0.9999999999999999,0.818181818,0.9999999999999999
D697,0.0,1.0,0.0,1.0,1.0,1.0
D698,0.0,1.0,0.0,1.0,1.0,1.0
D699,0.0,1.0,0.0,1.0,1.0,1.0
D700,0.0,1.0,0.0,1.0,1.0,1.0
D701,0.0,1.0,0.0,1.0,1.0,1.0
D702,0.0,1.0,0.0,1.0,1.0,1.0
D703,0.0,1.0,0.0,1.0,1.0,1.0
D704,0.0,0.913043478,0.0,0.9999999999999999,0.913043478,0.9999999999999999
D705,0.0,1.0,0.0,1.0,1.0,1.0
D706,0.0,1.0,0.0,1.0,1.0,1.0
D707,0.0,1.0,0.0,1.0,1.0,1.0
D708,0.0,1.0,0.0,1.0,1.0,1.0
D709,0.0,0.666666667,0.0,0.9999999999999999,0.666666667,0.9999999999999999
D710,0.0,1.0,0.0,1.0,1.0,1.0
D711,0.0,0.555555556,0.0,1.0,0.555555556,1.0
D712,0.0,0.666666667,0.0,0.9999999999999999,0.666666667,0.9999999999999999
D713,0.0,1.0,0.0,1.0,1.0,1.0
D714,0.0,1.0,0.0,1.0,1.0,1.0
D715,0.0,1.0,0.0,1.0,1.0,1.0
D716,0.0,0.666666667,0.0,0.9999999999999999,0.666666667,0.9999999999999999
D717,0.0,1.0,0.0,1.0,1.0,1.0
D718,0.0,1.0,0.0,1.0,1.0,1.0
D719,0.0,1.0,0.0,1.0,1.0,1.0
D720,0.0,0.333333333,0.0,1.0,0.333333333,1.0
D721,0.0,0.666666667,0.0,0.9999999999999999,0.666666667,0.9999999999999999
D722,0.0,0.75,0.0,1.0,0.75,1.0
D723,0.0,1.0,0.0,1.0,1.0,1.0
D724,0.0,1.0,0.0,1.0,1.0,1.0
D725,0.0,1.0,0.0,1.0,1.0,1.0
D726,0.0,1.0,0.0,1.0,1.0,1.0
D727,0.0,1.0,0.0,1.0,1.0,1.0
D728,0.0,1.0,0.0,1.0,1.0,1.0
D729,0.0,0.625,0.0,1.0,0.625,1.0
D730,0.0,1.0,0.0,1.0,1.0,1.0
D731,0.0,1.0,0.0,1.0,1.0,1.0
D732,0.0,1.0,0.0,1.0,1.0,1.0
D733,0.0,1.0,0.0,1.0,1.0,1.0
D734,0.0,0.666666667,0.0,0.9999999999999999,0.666666667,0.9999999999999999
D735,0.0,1.0,0.0,1.0,1.0,1.0
D736,0.0,1.0,0.0,1.0,1.0,1.0
D737,0.0,0.25,0.0,1.0,0.25,1.0
D738,0.0,1.0,0.0,1.0,1.0,1.0
D739,0.0,0.977272727,0.0,1.0,0.977272727,1.0
D740,0.0,0.952380952,0.0,1.0,0.952380952,1.0
D741,0.0,0.869565217,0.0,1.0,0.869565217,1.0
D742,0.0,0.955555556,0.0,0.9999999999999999,0.955555556,0.9999999999999999
D743,0.0,0.977272727,0.0,1.0,0.977272727,1.0
D744,0.0,1.0,0.0,1.0,1.0,1.0
D745,0.0,1.0,0.0,1.0,1.0,1.0
D746,0.0,1.0,0.0,1.0,1.0,1.0
D747,0.0,1.0,0.0,1.0,1.0,1.0
D748,0.0,1.0,0.0,1.0,1.0,1.0
D749,0.0,1.0,0.0,1.0,1.0,1.0
D750,0.0,1.0,0.0,1.0,1.0,1.0
D751,0.0,1.0,0.0,1.0,1.0,1.0
D752,0.0,1.0,0.0,1.0,1.0,1.0
D753,0.0,1.0,0.0,1.0,1.0,1.0
D754,0.0,1.0,0.0,1.0,1.0,1.0
D755,0.0,0.923076923,0.0,0.9999999999999999,0.923076923,0.9999999999999999
D756,0.0,1.0,0.0,1.0,1.0,1.0
D757,0.0,1.0,0.0,1.0,1.0,1.0
D758,0.0,0.916666667,0.0,0.9999999999999999,0.916666667,0.9999999999999999
D759,0.0,0.882352941,0.0,0.9999999999999999,0.882352941,0.9999999999999999
D760,0.0,1.0,0.0,1.0,1.0,1.0
D761,0.0,1.0,0.0,1.0,1.0,1.0
D762,0.0,1.0,0.0,1.0,1.0,1.0
D763,0.0,0.958333333,0.0,1.0,0.958333333,1.0
D764,0.0,1.0,0.0,1.0,1.0,1.0
D765,0.0,0.447368421,0.0,1.0,0.447368421,1.0
D766,0.0,1.0,0.0,1.0,1.0,1.0
D767,0.0,0.846153846,0.0,0.9999999999999999,0.846153846,0.9999999999999999
D768,0.0,0.8,0.0,1.0,0.8,1.0
D769,0.0,0.5,0.0,1.0,0.5,1.0
D770,0.0,0.484848485,0.0,1.0,0.484848485,1.0
D771,0.0,0.484848485,0.0,1.0,0.484848485,1.0
D772,0.0,0.47826087,0.0,1.0,0.47826087,1.0
D773,0.0,0.444444444,0.0,1.0,0.444444444,1.0
D774,0.0,0.743589744,0.0,1.0,0.743589744,1.0
D775,0.0,1.0,0.0,1.0,1.0,1.0
D776,0.0,1.0,0.0,1.0,1.0,1.0
D777,0.0,1.0,0.0,1.0,1.0,1.0
D778,0.0,0.666666667,0.0,0.9999999999999999,0.666666667,0.9999999999999999
D779,0.0,0.75,0.0,1.0,0.75,1.0
D780,0.0,1.0,0.0,1.0,1.0,1.0
D781,0.0,1.0,0.0,1.0,1.0,1.0
D782,0.0,1.0,0.0,1.0,1.0,1.0
D783,0.0,0.5,0.0,1.0,0.5,1.0
D784,0.0,1.0,0.0,1.0,1.0,1.0
D785,0.0,1.0,0.0,1.0,1.0,1.0
D786,0.0,0.8,0.0,1.0,0.8,1.0
D787,0.0,1.0,0.0,1.0,1.0,1.0
D788,0.0,1.0,0.0,1.0,1.0,1.0
D789,0.0,1.0,0.0,1.0,1.0,1.0
D790,0.0,1.0,0.0,1.0,1.0,1.0
D791,0.0,1.0,0.0,1.0,1.0,1.0
D792,0.0,1.0,0.0,1.0,1.0,1.0
D793,0.0,1.0,0.0,1.0,1.0,1.0
D794,0.0,0.625,0.0,1.0,0.625,1.0
D795,0.0,1.0,0.0,1.0,1.0,1.0
D796,0.0,0.3,0.0,1.0,0.3,1.0
D797,0.0,1.0,0.0,1.0,1.0,1.0
D798,0.0,1.0,0.0,1.0,1.0,1.0
D799,0.0,0.666666667,0.0,0.9999999999999999,0.666666667,0.9999999999999999
D800,0.0,0.5,0.0,1.0,0.5,1.0
D801,0.0,0.142857143,0.0,1.0,0.142857143,1.0
D802,0.0,0.825,0.0,1.0,0.825,1.0
D803,0.0,0.517857143,0.0,1.0,0.517857143,1.0
D804,0.0,1.0,0.0,1.0,1.0,1.0
D805,0.0,1.0,0.0,1.0,1.0,1.0
D806,0.0,1.0,0.0,1.0,1.0,1.0
D807,0.0,1.0,0.0,1.0,1.0,1.0
D808,0.0,0.75,0.0,1.0,0.75,1.0
D809,0.0,1.0,0.0,1.0,1.0,1.0
D810,0.0,1.0,0.0,1.0,1.0,1.0
D811,0.0,1.0,0.0,1.0,1.0,1.0
D812,0.0,0.916666667,0.0,0.9999999999999999,0.916666667,0.9999999999999999
D813,0.0,1.0,0.0,1.0,1.0,1.0
D814,0.0,1.0,0.0,1.0,1.0,1.0
D815,0.0,1.0,0.0,1.0,1.0,1.0
D816,0.0,0.80952381,0.0,1.0,0.80952381,1.0
D817,0.0,0.65,0.0,1.0,0.65,1.0
D818,0.0,1.0,0.0,1.0,1.0,1.0
D819,0.0,1.0,0.0,1.0,1.0,1.0
D820,0.0,1.0,0.0,1.0,1.0,1.0
D821,0.0,1.0,0.0,1.0,1.0,1.0
D822,0.0,1.0,0.0,1.0,1.0,1.0
D823,0.0,0.166666667,0.0,1.0,0.166666667,1.0
D824,0.0,1.0,0.0,1.0,1.0,1.0
D825,0.0,1.0,0.0,1.0,1.0,1.0
D826,0.0,1.0,0.0,1.0,1.0,1.0
D827,0.0,1.0,0.0,1.0,1.0,1.0
D828,0.0,1.0,0.0,1.0,1.0,1.0
D829,0.0,1.0,0.0,1.0,1.0,1.0
D830,0.0,1.0,0.0,1.0,1.0,1.0
D831,0.0,1.0,0.0,1.0,1.0,1.0
D832,0.0,1.0,0.0,1.0,1.0,1.0
D833,0.0,1.0,0.0,1.0,1.0,1.0
D834,0.0,1.0,0.0,1.0,1.0,1.0
D835,0.0,1.0,0.0,1.0,1.0,1.0
D836,0.0,1.0,0.0,1.0,1.0,1.0
D837,0.0,1.0,0.0,1.0,1.0,1.0
D838,0.0,1.0,0.0,1.0,1.0,1.0
D839,0.0,1.0,0.0,1.0,1.0,1.0
D840,0.0,1.0,0.0,1.0,1.0,1.0
D841,0.0,1.0,0.0,1.0,1.0,1.0
D842,0.0,1.0,0.0,1.0,1.0,1.0
D843,0.0,1.0,0.0,1.0,1.0,1.0
D844,0.0,1.0,0.0,1.0,1.0,1.0
D845,0.0,1.0,0.0,1.0,1.0,1.0
D846,0.0,1.0,0.0,1.0,1.0,1.0
D847,0.0,1.0,0.0,1.0,1.0,1.0
D848,0.0,1.0,0.0,1.0,1.0,1.0
D849,0.0,0.888888889,0.0,1.0,0.888888889,1.0
D850,0.0,1.0,0.0,1.0,1.0,1.0
D851,0.0,0.75,0.0,1.0,0.75,1.0
D852,0.0,1.0,0.0,1.0,1.0,1.0
D853,0.0,1.0,0.0,1.0,1.0,1.0
D854,0.0,1.0,0.0,1.0,1.0,1.0
D855,0.0,1.0,0.0,1.0,1.0,1.0
D856,0.0,1.0,0.0,1.0,1.0,1.0
D857,0.0,1.0,0.0,1.0,1.0,1.0
D859,0.0,1.0,0.0,1.0,1.0,1.0
D860,0.0,1.0,0.0,1.0,1.0,1.0
D861,0.0,1.0,0.0,1.0,1.0,1.0
D862,0.0,1.0,0.0,1.0,1.0,1.0
D863,0.0,1.0,0.0,1.0,1.0,1.0
D864,0.0,1.0,0.0,1.0,1.0,1.0
D865,0.0,1.0,0.0,1.0,1.0,1.0
D866,0.0,1.0,0.0,1.0,1.0,1.0
D867,0.0,1.0,0.0,1.0,1.0,1.0
D868,0.0,0.833333333,0.0,1.0,0.833333333,1.0
D869,0.0,0.583333333,0.0,1.0,0.583333333,1.0
D870,0.0,1.0,0.0,1.0,1.0,1.0
D871,0.0,1.0,0.0,1.0,1.0,1.0
D872,0.0,0.75,0.0,1.0,0.75,1.0
D873,0.0,1.0,0.0,1.0,1.0,1.0
D874,0.0,1.0,0.0,1.0,1.0,1.0
D875,0.0,0.75,0.0,1.0,0.75,1.0
D876,0.0,1.0,0.0,1.0,1.0,1.0
D877,0.0,1.0,0.0,1.0,1.0,1.0
D878,0.0,1.0,0.0,1.0,1.0,1.0
D879,0.0,1.0,0.0,1.0,1.0,1.0
D880,0.0,1.0,0.0,1.0,1.0,1.0
D881,0.0,0.777777778,0.0,1.0,0.777777778,1.0
D882,0.0,0.733333333,0.0,1.0,0.733333333,1.0
D883,0.0,0.923076923,0.0,0.9999999999999999,0.923076923,0.9999999999999999
D884,0.0,1.0,0.0,1.0,1.0,1.0
D885,0.0,1.0,0.0,1.0,1.0,1.0
D886,0.0,1.0,0.0,1.0,1.0,1.0
D887,0.0,1.0,0.0,1.0,1.0,1.0
D888,0.0,1.0,0.0,1.0,1.0,1.0
D889,0.0,0.846153846,0.0,0.9999999999999999,0.846153846,0.9999999999999999
D890,0.0,1.0,0.0,1.0,1.0,1.0
D891,0.0,0.85,0.0,1.0,0.85,1.0
D892,0.0,1.0,0.0,1.0,1.0,1.0
D893,0.0,1.0,0.0,1.0,1.0,1.0
D894,0.0,1.0,0.0,1.0,1.0,1.0
D895,0.0,1.0,0.0,1.0,1.0,1.0
D896,0.0,0.888888889,0.0,1.0,0.888888889,1.0
D897,0.0,1.0,0.0,1.0,1.0,1.0
D898,0.0,0.428571429,0.0,1.0,0.428571429,1.0
D899,0.0,1.0,0.0,1.0,1.0,1.0
D900,0.0,1.0,0.0,1.0,1.0,1.0
D901,0.0,1.0,0.0,1.0,1.0,1.0
D902,0.0,1.0,0.0,1.0,1.0,1.0
D903,0.0,1.0,0.0,1.0,1.0,1.0
D904,0.0,1.0,0.0,1.0,1.0,1.0
D905,0.0,1.0,0.0,1.0,1.0,1.0
D906,0.0,1.0,0.0,1.0,1.0,1.0
D907,0.0,1.0,0.0,1.0,1.0,1.0
D908,0.0,1.0,0.0,1.0,1.0,1.0
D909,0.0,0.5,0.0,1.0,0.5,1.0
D910,0.0,1.0,0.0,1.0,1.0,1.0
D911,0.0,0.978494624,0.0,1.0,0.978494624,1.0
D912,0.0,1.0,0.0,1.0,1.0,1.0
D913,0.0,0.744444444,0.0,1.0,0.744444444,1.0
D914,0.0,1.0,0.0,1.0,1.0,1.0
D915,0.0,1.0,0.0,1.0,1.0,1.0
D916,0.0,1.0,0.0,1.0,1.0,1.0
D917,0.0,1.0,0.0,1.0,1.0,1.0
D918,0.0,1.0,0.0,1.0,1.0,1.0
D919,0.0,1.0,0.0,1.0,1.0,1.0
D920,0.0,1.0,0.0,1.0,1.0,1.0
D921,0.0,1.0,0.0,1.0,1.0,1.0
D922,0.0,1.0,0.0,1.0,1.0,1.0
D923,0.0,0.75,0.0,1.0,0.75,1.0
D924,0.0,1.0,0.0,1.0,1.0,1.0
D925,0.0,1.0,0.0,1.0,1.0,1.0
D926,0.0,0.85,0.0,1.0,0.85,1.0
D927,0.0,1.0,0.0,1.0,1.0,1.0
D928,0.0,1.0,0.0,1.0,1.0,1.0
D929,0.0,1.0,0.0,1.0,1.0,1.0
D930,0.0,1.0,0.0,1.0,1.0,1.0
D931,0.0,1.0,0.0,1.0,1.0,1.0
D932,0.0,1.0,0.0,1.0,1.0,1.0
D933,0.0,1.0,0.0,1.0,1.0,1.0
D934,0.0,1.0,0.0,1.0,1.0,1.0
D935,0.0,1.0,0.0,1.0,1.0,1.0
D936,0.0,1.0,0.0,1.0,1.0,1.0
D937,0.0,1.0,0.0,1.0,1.0,1.0
D938,0.0,1.0,0.0,1.0,1.0,1.0
D939,0.0,1.0,0.0,1.0,1.0,1.0
D940,0.0,1.0,0.0,1.0,1.0,1.0
D941,0.0,1.0,0.0,1.0,1.0,1.0
D942,0.0,1.0,0.0,1.0,1.0,1.0
D943,0.0,1.0,0.0,1.0,1.0,1.0
D944,0.0,1.0,0.0,1.0,1.0,1.0
D945,0.0,1.0,0.0,1.0,1.0,1.0
D946,0.0,1.0,0.0,1.0,1.0,1.0
D947,0.0,1.0,0.0,1.0,1.0,1.0
D948,0.0,0.916666667,0.0,0.9999999999999999,0.916666667,0.9999999999999999
D949,0.0,0.875,0.0,1.0,0.875,1.0
D950,0.0,1.0,0.0,1.0,1.0,1.0
D951,0.0,0.955555556,0.0,0.9999999999999999,0.955555556,0.9999999999999999
