row_index,numeric_selected,numeric_k2,numeric_k3,numeric_k4,Activity
0,2,0,0,0,1
1,0,0,1,3,1
2,1,0,0,1,1
3,1,0,2,1,1
4,1,0,2,1,0
5,0,0,1,3,0
6,2,0,1,0,1
7,0,0,1,3,1
8,1,0,2,1,1
9,1,0,2,1,0
10,1,0,2,1,1
11,0,0,1,3,0
12,3,0,0,2,1
13,3,0,0,2,1
14,1,0,2,1,1
15,1,0,2,1,1
16,3,0,2,2,1
17,2,0,0,0,1
18,1,0,2,1,1
19,3,0,0,2,0
20,0,0,1,3,0
21,0,0,1,3,1
22,3,0,1,2,0
23,3,0,2,2,0
24,1,0,2,1,0
25,2,0,1,0,1
26,2,0,0,0,1
27,3,0,1,2,0
28,2,0,1,0,1
29,0,0,1,3,1
30,3,0,1,2,0
31,3,0,1,2,0
32,1,0,2,1,0
33,2,0,1,0,1
34,2,0,0,0,1
35,3,0,0,2,1
36,0,0,1,3,1
37,2,0,0,0,0
38,1,0,2,1,1
39,0,0,1,3,1
40,0,0,1,3,1
41,1,0,2,1,0
42,3,0,2,2,0
43,0,0,1,3,0
44,1,0,2,1,1
45,1,0,0,1,1
46,1,0,0,1,1
47,2,0,0,0,1
48,2,0,1,0,0
49,2,0,0,0,0
50,3,0,0,2,1
51,0,0,1,3,1
52,1,0,2,1,0
53,3,0,0,2,0
54,2,0,0,0,1
55,0,0,1,3,1
56,1,0,0,1,0
57,1,0,2,1,0
58,2,0,0,0,1
59,2,0,1,0,1
60,2,0,0,0,0
61,1,0,0,1,1
62,3,0,0,2,0
63,0,0,1,3,0
64,0,0,0,3,0
65,3,0,2,2,0
66,1,0,0,1,0
67,0,0,1,3,1
68,1,0,2,1,0
69,2,0,0,0,1
70,1,0,2,1,0
71,2,0,0,0,0
72,2,0,0,0,1
73,3,0,0,2,0
74,2,0,0,0,1
75,2,0,0,0,1
76,1,0,2,1,1
77,3,0,2,2,1
78,3,0,0,2,1
79,1,0,2,1,0
80,0,0,1,3,1
81,1,0,2,1,0
82,3,0,2,2,1
83,2,0,0,0,1
84,3,0,0,2,1
85,1,0,2,1,1
86,1,0,2,1,0
87,2,0,0,0,0
88,2,0,1,0,1
89,0,0,1,3,0
90,0,0,1,3,1
91,3,0,0,2,1
92,0,0,1,3,1
93,1,0,2,1,1
94,3,0,1,2,1
95,3,0,0,2,1
96,3,0,2,2,1
97,1,0,2,1,1
98,1,0,0,1,1
99,3,0,2,2,0
100,1,0,2,1,0
101,1,0,2,1,1
102,1,0,0,1,0
103,0,0,0,3,1
104,2,0,0,0,0
105,0,0,1,3,1
106,2,0,1,0,1
107,2,0,1,0,1
108,1,0,2,1,0
109,2,0,1,0,1
110,1,0,0,1,0
111,1,0,2,1,0
112,0,0,1,3,0
113,2,0,1,0,1
114,3,0,2,2,1
115,3,0,0,2,0
116,0,0,1,3,1
117,1,0,2,1,0
118,0,0,1,3,1
119,2,0,1,0,1
120,3,0,2,2,0
121,1,0,0,1,0
122,3,0,0,2,1
123,1,0,0,1,0
124,2,0,0,0,1
125,1,0,0,1,1
126,3,0,0,2,1
127,1,0,0,1,0
128,2,0,1,0,1
129,0,0,1,3,1
130,1,0,2,1,0
131,3,0,0,2,1
132,3,0,0,2,1
133,0,0,1,3,1
134,3,0,0,2,1
135,3,0,0,2,0
136,0,0,0,3,0
137,3,0,2,2,0
138,2,0,1,0,0
139,0,0,1,3,0
140,3,0,1,2,1
141,2,0,0,0,1
142,2,0,0,0,1
143,2,0,1,0,1
144,1,0,2,1,1
145,0,0,1,3,1
146,3,0,1,2,1
147,2,0,0,0,1
148,0,0,1,3,0
149,1,0,2,1,0
150,1,0,2,1,0
151,2,0,0,0,1
152,2,0,1,0,1
153,3,0,0,2,1
154,0,0,1,3,1
155,2,0,0,0,0
156,0,0,0,3,1
157,0,0,1,3,0
158,0,0,1,3,0
159,1,0,2,1,1
160,3,0,2,2,0
161,1,0,2,1,0
162,1,0,2,1,1
163,3,0,2,2,0
164,1,0,0,1,0
165,1,0,2,1,0
166,1,0,2,1,0
167,1,0,2,1,1
168,3,0,2,2,1
169,1,0,0,1,0
170,3,0,1,2,1
171,1,0,2,1,0
172,2,0,1,0,1
173,3,0,1,2,1
174,0,0,1,3,1
175,2,0,0,0,1
176,0,0,1,3,0
177,0,0,1,3,1
178,1,0,2,1,0
179,0,0,0,3,0
180,3,0,0,2,0
181,3,0,2,2,1
182,3,0,0,2,0
183,1,0,2,1,1
184,3,0,1,2,1
185,1,0,2,1,1
186,1,0,2,1,1
187,1,0,0,1,1
188,1,0,2,1,0
189,3,0,1,2,0
190,1,0,2,1,1
191,2,0,0,0,1
192,2,0,0,0,1
193,1,0,2,1,1
194,0,0,1,3,0
195,1,0,2,1,1
196,0,0,1,3,1
197,3,0,1,2,1
198,2,0,0,0,0
199,0,0,1,3,0
200,2,0,0,0,1
201,1,0,2,1,1
202,0,0,1,3,0
203,0,0,1,3,1
204,1,0,2,1,1
205,3,0,2,2,0
206,1,0,2,1,0
207,3,0,0,2,1
208,2,0,2,0,1
209,0,0,1,3,0
210,1,0,2,1,0
211,0,0,1,3,1
212,0,0,1,3,0
213,1,0,2,1,0
214,2,0,0,0,1
215,0,0,1,3,0
216,1,0,2,1,1
217,3,0,2,2,0
218,3,0,0,2,1
219,0,0,1,3,1
220,1,0,2,1,0
221,1,0,2,1,0
222,3,0,2,2,1
223,1,0,2,1,1
224,0,0,1,3,1
225,2,0,0,0,0
226,1,0,0,1,0
227,3,0,2,2,0
228,3,0,0,2,1
229,0,0,1,3,1
230,1,0,2,1,0
231,0,0,1,3,1
232,2,0,0,0,1
233,1,0,2,1,1
234,2,0,0,0,0
235,2,0,0,0,1
236,0,0,1,3,1
237,2,0,0,0,0
238,2,0,2,0,1
239,3,0,1,2,0
240,0,0,1,3,1
241,1,0,2,1,0
242,2,0,1,0,0
243,3,0,0,2,0
244,1,0,2,1,0
245,1,0,2,1,1
246,2,0,2,0,0
247,3,0,0,2,1
248,0,0,1,3,0
249,2,0,1,0,0
250,1,0,0,1,1
251,3,0,2,2,1
252,1,0,2,1,0
253,2,0,1,0,0
254,3,0,0,2,1
255,1,0,2,1,1
256,3,0,1,2,0
257,1,0,2,1,1
258,3,0,0,2,1
259,3,0,0,2,1
260,0,0,1,3,1
261,3,0,2,2,1
262,1,0,2,1,1
263,1,0,2,1,1
264,3,0,0,2,0
265,0,0,1,3,0
266,3,0,0,2,0
267,1,0,0,1,0
268,0,0,1,3,1
269,3,0,2,2,0
270,3,0,0,2,1
271,2,0,1,0,1
272,1,0,2,1,0
273,3,0,0,2,0
274,2,0,1,0,1
275,1,0,2,1,1
276,0,0,0,3,1
277,1,0,2,1,1
278,0,0,1,3,1
279,1,0,2,1,1
280,2,0,1,0,0
281,3,0,2,2,0
282,3,0,1,2,1
283,2,0,0,0,1
284,2,0,1,0,1
285,0,0,1,3,0
286,0,0,1,3,1
287,2,0,0,0,1
288,2,0,0,0,0
289,0,0,1,3,0
290,1,0,2,1,1
291,2,0,0,0,1
292,1,0,2,1,1
293,2,0,1,0,1
294,3,0,0,2,1
295,0,0,1,3,1
296,2,0,0,0,0
297,2,0,1,0,1
298,1,0,2,1,0
299,0,0,0,3,1
300,2,0,1,0,1
301,1,0,2,1,0
302,0,0,1,3,1
303,0,0,1,3,1
304,2,0,0,0,1
305,1,0,0,1,0
306,0,0,1,3,0
307,1,0,2,1,0
308,1,0,0,1,0
309,2,0,0,0,1
310,0,0,1,3,0
311,0,0,1,3,1
312,0,0,1,3,0
313,3,0,0,2,0
314,1,0,2,1,0
315,0,0,1,3,1
316,0,0,1,3,0
317,2,0,0,0,1
318,3,0,0,2,0
319,2,0,0,0,1
320,2,0,0,0,1
321,3,0,0,2,0
322,1,0,2,1,0
323,2,0,1,0,1
324,3,0,0,2,0
325,2,0,0,0,0
326,3,0,2,2,1
327,0,0,1,3,1
328,2,0,0,0,1
329,3,0,1,2,0
330,3,0,0,2,0
331,3,0,0,2,1
332,2,0,2,0,1
333,3,0,0,2,1
334,1,0,2,1,0
335,2,0,0,0,0
336,2,0,1,0,0
337,1,0,2,1,1
338,3,0,0,2,0
339,2,0,0,0,1
340,3,0,0,2,1
341,0,0,1,3,0
342,2,0,0,0,1
343,3,0,0,2,0
344,2,0,1,0,1
345,3,0,1,2,0
346,0,0,1,3,1
347,0,0,1,3,1
348,1,0,2,1,0
349,2,0,2,0,1
350,3,0,0,2,0
351,3,0,2,2,0
352,0,0,0,3,0
353,1,0,2,1,1
354,3,0,0,2,1
355,1,0,2,1,0
356,1,0,2,1,0
357,3,0,0,2,0
358,3,0,0,2,1
359,2,0,0,0,1
360,3,0,2,2,0
361,3,0,0,2,1
362,1,0,2,1,0
363,0,0,1,3,1
364,0,0,1,3,1
365,3,0,0,2,1
366,3,0,0,2,0
367,2,0,1,0,1
368,3,0,0,2,1
369,3,0,0,2,1
370,2,0,0,0,1
371,1,0,2,1,0
372,3,0,0,2,1
373,2,0,0,0,1
374,1,0,2,1,1
375,3,0,2,2,0
376,2,0,0,0,1
377,0,0,1,3,1
378,3,0,2,2,0
379,0,0,1,3,1
380,1,0,2,1,0
381,0,0,1,3,0
382,2,0,0,0,0
383,3,0,0,2,0
384,1,0,2,1,0
385,2,0,1,0,1
386,2,0,0,0,0
387,2,0,0,0,1
388,2,0,0,0,1
389,2,0,0,0,1
390,2,0,0,0,1
391,2,0,1,0,1
392,3,0,0,2,1
393,3,0,2,2,0
394,3,0,0,2,1
395,3,0,0,2,0
396,1,0,2,1,0
397,0,0,1,3,0
398,0,0,1,3,1
399,0,0,1,3,0
400,0,0,1,3,1
401,3,0,2,2,1
402,1,0,2,1,1
403,2,0,0,0,1
404,3,0,0,2,0
405,3,0,0,2,1
406,1,0,2,1,1
407,2,0,0,0,0
408,2,0,1,0,1
409,1,0,2,1,0
410,0,0,1,3,1
411,2,0,0,0,1
412,3,0,0,2,1
413,3,0,2,2,0
414,3,0,2,2,1
415,3,0,0,2,0
416,0,0,1,3,0
417,1,0,2,1,1
418,0,0,1,3,1
419,2,0,1,0,1
420,0,0,1,3,1
421,1,0,2,1,1
422,1,0,0,1,1
423,0,0,1,3,1
424,2,0,1,0,1
425,0,0,1,3,1
426,2,0,2,0,1
427,0,0,1,3,1
428,2,0,0,0,1
429,2,0,0,0,1
430,3,0,2,2,1
431,3,0,1,2,1
432,1,0,2,1,0
433,3,0,1,2,0
434,0,0,1,3,1
435,0,0,1,3,1
436,1,0,0,1,0
437,3,0,0,2,0
438,0,0,1,3,1
439,2,0,1,0,1
440,2,0,0,0,0
441,2,0,0,0,1
442,2,0,1,0,1
443,1,0,2,1,0
444,0,0,1,3,0
445,2,0,1,0,1
446,1,0,2,1,0
447,1,0,2,1,0
448,2,0,0,0,0
449,2,0,0,0,0
450,3,0,0,2,1
451,1,0,2,1,0
452,1,0,2,1,0
453,1,0,2,1,0
454,2,0,1,0,1
455,0,0,1,3,0
456,0,0,1,3,1
457,1,0,0,1,1
458,1,0,2,1,0
459,0,0,1,3,0
460,3,0,0,2,1
461,0,0,1,3,1
462,3,0,2,2,1
463,3,0,0,2,1
464,1,0,2,1,1
465,3,0,1,2,0
466,1,0,0,1,0
467,1,0,2,1,0
468,3,0,0,2,1
469,1,0,2,1,0
470,1,0,2,1,1
471,0,0,1,3,1
472,0,0,1,3,1
473,0,0,1,3,0
474,2,0,0,0,1
475,2,0,0,0,1
476,3,0,1,2,1
477,3,0,1,2,1
478,3,0,0,2,0
479,0,0,0,3,0
480,0,0,1,3,1
481,2,0,1,0,0
482,1,0,2,1,1
483,0,0,1,3,1
484,3,0,0,2,0
485,2,0,0,0,0
486,3,0,0,2,0
487,3,0,0,2,0
488,2,0,1,0,1
489,0,0,1,3,1
490,3,0,0,2,0
491,0,0,1,3,1
492,2,0,1,0,1
493,0,0,1,3,1
494,1,0,2,1,0
495,3,0,2,2,1
496,3,0,0,2,0
497,2,0,0,0,1
498,1,0,2,1,0
499,2,0,0,0,0
500,0,0,1,3,0
501,2,0,0,0,0
502,1,0,0,1,0
503,0,0,1,3,0
504,2,0,1,0,1
505,0,0,1,3,1
506,3,0,0,2,1
507,1,0,2,1,0
508,2,0,0,0,1
509,2,0,0,0,1
510,1,0,2,1,0
511,1,0,2,1,1
512,3,0,2,2,1
513,0,0,1,3,1
514,1,0,2,1,0
515,2,0,0,0,1
516,2,0,1,0,1
517,1,0,2,1,0
518,2,0,0,0,0
519,3,0,2,2,0
520,1,0,2,1,1
521,3,0,0,2,0
522,1,0,2,1,0
523,0,0,1,3,0
524,2,0,0,0,1
525,3,0,0,2,0
526,2,0,0,0,1
527,1,0,0,1,1
528,0,0,1,3,0
529,0,0,1,3,1
530,0,0,1,3,1
531,2,0,2,0,0
532,2,0,2,0,1
533,1,0,2,1,0
534,0,0,1,3,1
535,1,0,2,1,1
536,2,0,0,0,1
537,2,0,0,0,0
538,3,0,1,2,1
539,1,0,2,1,0
540,0,0,1,3,0
541,1,0,2,1,1
542,1,0,0,1,1
543,3,0,0,2,1
544,0,0,1,3,0
545,1,0,2,1,0
546,2,0,2,0,0
547,3,0,0,2,1
548,2,0,2,0,1
549,0,0,1,3,0
550,1,0,2,1,0
551,1,0,2,1,0
552,3,0,0,2,0
553,1,0,2,1,0
554,2,0,2,0,1
555,2,0,1,0,1
556,1,0,2,1,0
557,3,0,0,2,0
558,3,0,1,2,0
559,3,0,2,2,1
560,1,0,2,1,1
561,1,0,2,1,1
562,3,0,0,2,1
563,3,0,1,2,0
564,2,0,0,0,1
565,0,0,1,3,1
566,1,0,0,1,1
567,2,0,1,0,1
568,2,0,1,0,1
569,1,0,2,1,1
570,2,0,0,0,1
571,0,0,1,3,1
572,1,0,2,1,0
573,1,0,2,1,0
574,1,0,2,1,0
575,1,0,2,1,0
576,3,0,2,2,1
577,2,0,0,0,1
578,1,0,2,1,0
579,1,0,2,1,0
580,2,0,0,0,0
581,0,0,1,3,1
582,2,0,0,0,1
583,1,0,0,1,0
584,2,0,0,0,0
585,0,0,0,3,1
586,3,0,0,2,1
587,3,0,0,2,1
588,3,0,0,2,0
589,2,0,0,0,1
590,2,0,1,0,1
591,2,0,0,0,1
592,0,0,1,3,1
593,1,0,2,1,0
594,2,0,0,0,0
595,1,0,2,1,0
596,0,0,1,3,0
597,1,0,2,1,1
598,2,0,0,0,1
599,1,0,2,1,1
600,0,0,1,3,0
601,2,0,0,0,1
602,2,0,0,0,1
603,0,0,1,3,1
604,3,0,0,2,1
605,0,0,1,3,1
606,2,0,0,0,0
607,0,0,1,3,1
608,3,0,0,2,0
609,0,0,1,3,1
610,2,0,0,0,1
611,2,0,0,0,0
612,2,0,0,0,1
613,3,0,0,2,1
614,2,0,1,0,1
615,0,0,1,3,1
616,0,0,1,3,1
617,2,0,0,0,1
618,2,0,0,0,1
619,1,0,2,1,1
620,0,0,1,3,1
621,3,0,2,2,0
622,3,0,2,2,1
623,0,0,1,3,1
624,1,0,0,1,1
625,2,0,0,0,0
626,2,0,1,0,1
627,3,0,2,2,1
628,2,0,0,0,0
629,1,0,2,1,1
630,0,0,1,3,0
631,1,0,2,1,0
632,0,0,1,3,1
633,2,0,1,0,1
634,3,0,0,2,1
635,0,0,1,3,0
636,0,0,1,3,1
637,3,0,0,2,1
638,3,0,0,2,0
639,2,0,0,0,1
640,2,0,0,0,0
641,1,0,2,1,0
642,3,0,2,2,0
643,3,0,0,2,1
644,3,0,2,2,0
645,2,0,1,0,1
646,2,0,1,0,1
647,1,0,2,1,1
648,2,0,0,0,1
649,1,0,2,1,1
650,1,0,2,1,1
651,0,0,1,3,1
652,1,0,2,1,1
653,0,0,1,3,0
654,2,0,0,0,1
655,0,0,1,3,1
656,1,0,2,1,1
657,2,0,1,0,1
658,0,0,1,3,1
659,0,0,1,3,0
660,2,0,1,0,1
661,3,0,0,2,1
662,0,0,1,3,0
663,3,0,0,2,1
664,1,0,2,1,1
665,3,0,0,2,0
666,0,0,1,3,1
667,3,0,2,2,1
668,2,0,1,0,0
669,1,0,2,1,0
670,1,0,2,1,1
671,2,0,0,0,1
672,2,0,0,0,1
673,2,0,0,0,1
674,0,0,1,3,1
675,3,0,0,2,1
676,3,0,0,2,1
677,0,0,1,3,1
678,2,0,1,0,1
679,2,0,0,0,0
680,2,0,1,0,1
681,0,0,1,3,1
682,1,0,0,1,0
683,1,0,2,1,0
684,3,0,0,2,0
685,1,0,2,1,0
686,2,0,0,0,1
687,2,0,1,0,1
688,0,0,1,3,1
689,1,0,0,1,1
690,3,0,2,2,1
691,1,0,2,1,1
692,2,0,0,0,1
693,2,0,1,0,1
694,0,0,1,3,1
695,2,0,0,0,0
696,2,0,0,0,0
697,1,0,2,1,1
698,1,0,2,1,0
699,1,0,2,1,0
700,0,0,1,3,1
701,1,0,2,1,0
702,3,0,0,2,0
703,0,0,1,3,1
704,3,0,0,2,0
705,3,0,0,2,1
706,3,0,2,2,1
707,1,0,2,1,1
708,0,0,0,3,0
709,3,0,0,2,1
710,2,0,0,0,1
711,1,0,2,1,0
712,2,0,0,0,1
713,2,0,1,0,1
714,2,0,0,0,1
715,1,0,2,1,0
716,2,0,1,0,1
717,1,0,2,1,0
718,3,0,0,2,1
719,1,0,2,1,1
720,0,0,0,3,0
721,1,0,0,1,0
722,3,0,0,2,0
723,3,0,2,2,1
724,0,0,1,3,0
725,0,0,1,3,0
726,3,0,0,2,1
727,3,0,2,2,1
728,3,0,0,2,1
729,3,0,0,2,1
730,3,0,0,2,0
731,3,0,0,2,1
732,3,0,1,2,1
733,2,0,0,0,1
734,0,0,1,3,1
735,0,0,1,3,0
736,1,0,2,1,1
737,2,0,1,0,0
738,0,0,1,3,1
739,0,0,0,3,1
740,0,0,1,3,1
741,3,0,0,2,0
742,2,0,2,0,0
743,2,0,1,0,1
744,0,0,1,3,1
745,3,0,1,2,1
746,0,0,1,3,0
747,1,0,2,1,0
748,1,0,2,1,0
749,2,0,0,0,0
750,0,0,1,3,0
751,2,0,0,0,1
752,2,0,0,0,1
753,2,0,1,0,1
754,1,0,2,1,0
755,1,0,2,1,1
756,2,0,0,0,1
757,0,0,1,3,1
758,2,0,1,0,0
759,1,0,2,1,0
760,1,0,2,1,0
761,0,0,1,3,1
762,3,0,0,2,0
763,3,0,2,2,0
764,2,0,0,0,0
765,0,0,1,3,1
766,1,0,2,1,0
767,0,0,1,3,1
768,1,0,0,1,0
769,1,0,0,1,0
770,2,0,0,0,1
771,2,0,0,0,0
772,2,0,1,0,0
773,3,0,0,2,1
774,2,0,0,0,0
775,2,0,0,0,1
776,2,0,0,0,0
777,0,0,1,3,0
778,0,0,1,3,1
779,1,0,2,1,1
780,2,0,0,0,0
781,2,0,2,0,1
782,0,0,1,3,1
783,0,0,1,3,1
784,1,0,2,1,1
785,3,0,1,2,0
786,2,0,2,0,1
787,3,0,2,2,0
788,2,0,0,0,1
789,0,0,1,3,1
790,0,0,1,3,0
791,1,0,2,1,0
792,1,0,0,1,0
793,2,0,0,0,1
794,1,0,2,1,0
795,0,0,1,3,1
796,2,0,0,0,1
797,2,0,0,0,1
798,2,0,2,0,0
799,2,0,0,0,1
800,2,0,0,0,1
801,1,0,2,1,0
802,2,0,2,0,0
803,3,0,0,2,1
804,0,0,1,3,1
805,3,0,0,2,1
806,3,0,2,2,0
807,3,0,2,2,0
808,0,0,1,3,0
809,2,0,0,0,1
810,3,0,0,2,1
811,0,0,1,3,1
812,0,0,0,3,1
813,2,0,1,0,1
814,2,0,0,0,0
815,2,0,1,0,0
816,3,0,2,2,0
817,2,0,0,0,1
818,2,0,0,0,0
819,1,0,2,1,1
820,3,0,0,2,1
821,3,0,0,2,1
822,1,0,2,1,0
823,3,0,1,2,1
824,3,0,0,2,1
825,3,0,0,2,1
826,1,0,2,1,0
827,2,0,0,0,1
828,2,0,0,0,1
829,0,0,1,3,0
830,3,0,0,2,1
831,1,0,2,1,1
832,0,0,1,3,1
833,1,0,2,1,0
834,3,0,2,2,0
835,2,0,0,0,1
836,1,0,2,1,0
837,3,0,0,2,0
838,1,0,2,1,1
839,0,0,1,3,1
840,0,0,1,3,1
841,1,0,2,1,1
842,2,0,0,0,1
843,0,0,1,3,1
844,1,0,2,1,1
845,3,0,0,2,0
846,0,0,1,3,1
847,2,0,0,0,0
848,1,0,2,1,0
849,3,0,1,2,1
850,3,0,2,2,0
851,2,0,0,0,0
852,3,0,2,2,0
853,1,0,2,1,1
854,3,0,1,2,0
855,2,0,0,0,1
856,0,0,1,3,0
857,0,0,1,3,1
858,1,0,2,1,0
859,1,0,2,1,0
860,1,0,2,1,1
861,1,0,2,1,0
862,2,0,0,0,0
863,0,0,1,3,0
864,3,0,2,2,0
865,0,0,1,3,1
866,3,0,2,2,1
867,0,0,1,3,0
868,2,0,1,0,0
869,1,0,2,1,0
870,0,0,1,3,1
871,0,0,1,3,0
872,0,0,1,3,1
873,1,0,2,1,0
874,2,0,0,0,1
875,3,0,0,2,0
876,3,0,2,2,0
877,1,0,0,1,0
878,1,0,2,1,0
879,1,0,2,1,1
880,1,0,0,1,0
881,0,0,1,3,1
882,0,0,1,3,1
883,1,0,2,1,0
884,0,0,1,3,0
885,2,0,1,0,1
886,0,0,1,3,1
887,3,0,1,2,0
888,2,0,1,0,1
889,2,0,1,0,0
890,2,0,0,0,0
891,2,0,0,0,0
892,2,0,0,0,1
893,1,0,2,1,0
894,3,0,2,2,0
895,0,0,1,3,0
896,3,0,2,2,1
897,2,0,1,0,1
898,1,0,2,1,0
899,0,0,1,3,1
900,0,0,1,3,0
901,2,0,1,0,0
902,1,0,2,1,0
903,2,0,0,0,0
904,2,0,0,0,0
905,0,0,1,3,1
906,2,0,0,0,0
907,2,0,1,0,1
908,0,0,1,3,1
909,1,0,2,1,1
910,2,0,0,0,1
911,1,0,2,1,1
912,2,0,1,0,0
913,1,0,2,1,1
914,1,0,2,1,1
915,1,0,2,1,1
916,3,0,0,2,0
917,2,0,0,0,1
918,0,0,0,3,1
919,2,0,0,0,0
920,2,0,0,0,1
921,1,0,2,1,0
922,3,0,0,2,0
923,3,0,2,2,0
924,1,0,2,1,0
925,3,0,0,2,1
926,3,0,0,2,1
927,0,0,1,3,1
928,1,0,2,1,0
929,1,0,2,1,0
930,3,0,2,2,0
931,0,0,1,3,1
932,1,0,2,1,1
933,2,0,1,0,1
934,0,0,1,3,0
935,0,0,1,3,0
936,1,0,2,1,1
937,1,0,2,1,0
938,2,0,1,0,1
939,0,0,1,3,0
940,0,0,1,3,1
941,0,0,1,3,0
942,2,0,0,0,1
943,3,0,2,2,0
944,0,0,1,3,1
945,1,0,2,1,0
946,2,0,1,0,1
947,1,0,2,1,1
948,0,0,1,3,1
949,3,0,0,2,1
950,2,0,0,0,1
951,1,0,2,1,1
952,3,0,2,2,0
953,3,0,1,2,1
954,3,0,2,2,1
955,0,0,1,3,1
956,0,0,1,3,0
957,3,0,2,2,1
958,2,0,0,0,1
959,2,0,1,0,0
960,1,0,2,1,0
961,3,0,0,2,1
962,0,0,1,3,1
963,2,0,0,0,1
964,3,0,1,2,0
965,3,0,2,2,1
966,0,0,1,3,0
967,1,0,0,1,0
968,2,0,0,0,1
969,1,0,0,1,1
970,3,0,0,2,0
971,3,0,2,2,1
972,3,0,1,2,0
973,2,0,0,0,0
974,1,0,2,1,1
975,2,0,0,0,1
976,3,0,1,2,1
977,2,0,0,0,1
978,0,0,1,3,0
979,1,0,0,1,0
980,2,0,0,0,1
981,0,0,1,3,1
982,2,0,0,0,1
983,2,0,0,0,1
984,0,0,1,3,0
985,2,0,1,0,1
986,0,0,1,3,0
987,3,0,0,2,0
988,0,0,1,3,1
989,3,0,2,2,0
990,3,0,0,2,0
991,3,0,2,2,0
992,2,0,1,0,0
993,3,0,0,2,1
994,0,0,1,3,0
995,1,0,2,1,0
996,1,0,2,1,0
997,1,0,0,1,0
998,0,0,1,3,0
999,3,0,0,2,0
1000,1,0,2,1,0
1001,1,0,2,1,0
1002,0,0,1,3,1
1003,1,0,0,1,1
1004,0,0,1,3,0
1005,3,0,2,2,1
1006,1,0,2,1,0
1007,1,0,2,1,1
1008,0,0,1,3,0
1009,2,0,0,0,0
1010,0,0,0,3,1
1011,0,0,0,3,1
1012,0,0,1,3,0
1013,1,0,2,1,0
1014,1,0,2,1,0
1015,2,0,2,0,0
1016,2,0,1,0,1
1017,1,0,0,1,0
1018,1,0,2,1,1
1019,2,0,1,0,1
1020,0,0,1,3,1
1021,2,0,2,0,1
1022,1,0,2,1,0
1023,1,0,2,1,0
1024,0,0,1,3,0
1025,1,0,2,1,0
1026,3,0,1,2,0
1027,2,0,0,0,1
1028,3,0,1,2,0
1029,0,1,1,3,0
1030,2,0,0,0,1
1031,3,0,0,2,1
1032,3,0,0,2,0
1033,1,0,0,1,0
1034,0,0,1,3,0
1035,2,0,0,0,0
1036,3,0,0,2,0
1037,0,0,1,3,1
1038,1,0,2,1,0
1039,1,0,2,1,1
1040,3,0,0,2,0
1041,2,0,0,0,1
1042,2,0,1,0,0
1043,0,0,1,3,1
1044,2,0,2,0,1
1045,0,0,0,3,0
1046,2,0,0,0,0
1047,2,0,1,0,0
1048,3,0,0,2,1
1049,1,0,2,1,0
1050,1,0,2,1,1
1051,3,0,1,2,0
1052,3,0,0,2,0
1053,3,0,1,2,0
1054,3,0,2,2,1
1055,1,0,2,1,0
1056,0,0,0,3,1
1057,3,0,0,2,0
1058,0,0,1,3,0
1059,2,0,1,0,1
1060,2,0,0,0,0
1061,0,0,1,3,0
1062,0,0,1,3,1
1063,0,0,1,3,1
1064,2,0,0,0,1
1065,2,0,1,0,1
1066,3,0,0,2,0
1067,1,0,2,1,0
1068,1,0,0,1,1
1069,2,0,0,0,1
1070,1,0,0,1,1
1071,3,0,2,2,0
1072,3,0,1,2,0
1073,0,0,1,3,1
1074,3,0,0,2,0
1075,1,0,2,1,1
1076,0,0,1,3,1
1077,2,0,2,0,0
1078,2,0,1,0,1
1079,3,0,0,2,1
1080,0,0,0,3,1
1081,0,0,1,3,0
1082,0,0,1,3,0
1083,1,0,2,1,0
1084,2,0,0,0,1
1085,0,0,0,3,1
1086,0,0,1,3,0
1087,0,0,1,3,1
1088,2,0,0,0,1
1089,1,0,0,1,0
1090,3,0,0,2,1
1091,0,0,0,3,0
1092,0,0,1,3,0
1093,0,0,1,3,1
1094,3,0,2,2,1
1095,0,0,0,3,1
1096,1,0,2,1,0
1097,0,0,1,3,0
1098,3,0,2,2,1
1099,1,0,2,1,0
1100,1,0,2,1,1
1101,1,0,2,1,1
1102,0,0,1,3,1
1103,3,0,1,2,1
1104,2,0,1,0,1
1105,0,0,1,3,1
1106,3,0,0,2,1
1107,0,0,1,3,0
1108,2,0,0,0,1
1109,1,0,2,1,1
1110,1,0,2,1,1
1111,3,0,2,2,0
1112,2,0,0,0,0
1113,0,0,0,3,0
1114,3,0,2,2,0
1115,2,0,0,0,0
1116,2,0,0,0,1
1117,2,0,0,0,1
1118,1,0,2,1,0
1119,2,0,0,0,1
1120,0,0,1,3,0
1121,1,0,2,1,0
1122,0,0,1,3,0
1123,2,0,0,0,0
1124,1,0,2,1,0
1125,0,0,1,3,1
1126,2,0,0,0,1
1127,2,0,1,0,1
1128,3,0,0,2,1
1129,2,0,1,0,1
1130,3,0,2,2,1
1131,1,0,2,1,0
1132,3,0,0,2,1
1133,0,0,1,3,0
1134,2,0,0,0,1
1135,1,0,2,1,0
1136,2,0,0,0,1
1137,2,0,0,0,1
1138,3,0,0,2,0
1139,1,0,2,1,0
1140,1,0,2,1,0
1141,0,0,1,3,1
1142,3,0,0,2,1
1143,1,0,2,1,0
1144,1,0,2,1,0
1145,1,0,2,1,0
1146,0,0,1,3,0
1147,0,0,1,3,1
1148,2,0,0,0,0
1149,1,0,0,1,0
1150,2,0,0,0,1
1151,2,0,0,0,0
1152,2,0,2,0,0
1153,3,0,0,2,1
1154,3,0,1,2,1
1155,2,0,1,0,0
1156,3,0,2,2,1
1157,1,0,0,1,1
1158,3,0,0,2,0
1159,2,0,0,0,1
1160,3,0,0,2,0
1161,0,0,1,3,1
1162,1,0,2,1,0
1163,2,0,0,0,1
1164,1,0,2,1,1
1165,3,0,2,2,1
1166,3,0,0,2,0
1167,3,0,2,2,1
1168,3,0,2,2,0
1169,2,0,1,0,1
1170,3,0,2,2,1
1171,2,0,0,0,1
1172,0,0,1,3,1
1173,2,0,1,0,1
1174,2,0,0,0,1
1175,1,0,2,1,1
1176,0,0,1,3,1
1177,2,0,1,0,1
1178,1,0,2,1,0
1179,1,0,2,1,0
1180,2,0,0,0,1
1181,2,0,2,0,0
1182,3,0,0,2,1
1183,3,0,0,2,0
1184,1,0,2,1,0
1185,3,0,2,2,1
1186,3,0,0,2,0
1187,1,0,2,1,0
1188,2,0,0,0,1
1189,1,0,2,1,0
1190,1,0,2,1,1
1191,1,0,2,1,0
1192,3,0,2,2,0
1193,0,0,1,3,0
1194,2,0,1,0,1
1195,3,0,0,2,0
1196,2,0,0,0,1
1197,0,0,1,3,1
1198,1,0,0,1,1
1199,0,0,1,3,1
1200,1,0,2,1,0
1201,2,0,0,0,1
1202,2,0,0,0,1
1203,1,0,2,1,1
1204,2,0,0,0,1
1205,0,0,1,3,0
1206,0,0,1,3,0
1207,2,0,2,0,0
1208,3,0,0,2,1
1209,3,0,2,2,0
1210,1,0,2,1,1
1211,2,0,2,0,0
1212,3,0,2,2,0
1213,2,0,0,0,0
1214,1,0,2,1,1
1215,3,0,2,2,0
1216,2,0,0,0,1
1217,2,0,0,0,1
1218,2,0,1,0,1
1219,1,0,2,1,0
1220,3,0,2,2,1
1221,3,0,2,2,0
1222,3,0,2,2,1
1223,1,0,0,1,0
1224,0,0,1,3,1
1225,1,0,2,1,1
1226,0,0,1,3,1
1227,3,0,2,2,0
1228,3,0,0,2,1
1229,2,0,0,0,1
1230,1,0,2,1,0
1231,1,0,2,1,0
1232,1,0,0,1,0
1233,0,0,1,3,1
1234,2,0,2,0,0
1235,3,0,0,2,1
1236,3,0,2,2,1
1237,3,0,0,2,1
1238,0,0,1,3,0
1239,0,0,0,3,1
1240,2,0,0,0,0
1241,1,0,2,1,0
1242,3,0,0,2,1
1243,2,0,0,0,1
1244,1,0,2,1,0
1245,2,0,0,0,1
1246,0,0,1,3,0
1247,1,0,2,1,0
1248,0,0,1,3,1
1249,1,0,2,1,0
1250,0,0,1,3,1
1251,3,0,0,2,0
1252,2,0,1,0,1
1253,2,0,0,0,1
1254,1,0,2,1,0
1255,1,0,2,1,1
1256,1,0,2,1,0
1257,3,0,2,2,0
1258,3,0,0,2,1
1259,2,0,1,0,1
1260,2,0,2,0,1
1261,3,0,0,2,0
1262,3,0,1,2,0
1263,2,0,0,0,1
1264,0,0,1,3,1
1265,1,0,2,1,1
1266,1,0,0,1,1
1267,2,0,1,0,1
1268,0,0,1,3,0
1269,0,0,1,3,1
1270,2,0,1,0,1
1271,2,0,0,0,1
1272,3,0,0,2,0
1273,1,0,2,1,1
1274,1,0,2,1,0
1275,2,0,1,0,0
1276,1,0,0,1,1
1277,3,0,0,2,1
1278,1,0,2,1,0
1279,0,0,1,3,1
1280,2,0,0,0,1
1281,1,0,2,1,1
1282,0,0,1,3,0
1283,2,0,1,0,1
1284,3,0,1,2,0
1285,1,0,0,1,0
1286,3,0,1,2,1
1287,1,0,2,1,0
1288,0,0,1,3,0
1289,0,0,0,3,1
1290,0,0,0,3,1
1291,1,0,2,1,1
1292,2,0,0,0,0
1293,3,0,0,2,0
1294,1,0,2,1,0
1295,0,0,1,3,0
1296,0,0,0,3,0
1297,3,0,2,2,1
1298,1,0,2,1,0
1299,3,0,0,2,0
1300,2,0,1,0,1
1301,2,0,0,0,1
1302,0,0,1,3,0
1303,3,0,2,2,0
1304,0,0,1,3,0
1305,3,0,1,2,0
1306,0,0,1,3,1
1307,0,0,1,3,1
1308,1,0,2,1,0
1309,2,0,0,0,0
1310,2,0,1,0,1
1311,2,0,0,0,1
1312,2,0,0,0,1
1313,0,0,1,3,1
1314,1,0,2,1,0
1315,1,0,2,1,0
1316,0,0,1,3,1
1317,2,0,0,0,0
1318,1,0,2,1,1
1319,1,0,2,1,0
1320,2,0,0,0,1
1321,2,0,0,0,0
1322,1,0,2,1,0
1323,2,0,1,0,1
1324,0,0,1,3,0
1325,2,0,1,0,1
1326,3,0,0,2,1
1327,0,0,1,3,0
1328,1,0,2,1,0
1329,0,0,1,3,1
1330,2,0,0,0,1
1331,3,0,0,2,1
1332,0,0,1,3,1
1333,1,0,2,1,0
1334,2,0,0,0,1
1335,1,0,2,1,0
1336,1,0,2,1,1
1337,2,0,0,0,0
1338,2,0,0,0,1
1339,3,0,0,2,1
1340,2,0,0,0,0
1341,1,0,2,1,0
1342,3,0,0,2,0
1343,2,0,0,0,1
1344,0,0,1,3,1
1345,2,0,0,0,1
1346,1,0,2,1,0
1347,3,0,2,2,0
1348,2,0,1,0,1
1349,2,0,0,0,0
1350,1,0,2,1,0
1351,2,0,0,0,1
1352,1,0,0,1,1
1353,2,0,1,0,1
1354,1,0,2,1,1
1355,0,0,1,3,1
1356,3,0,2,2,0
1357,1,0,2,1,1
1358,1,0,2,1,0
1359,1,0,0,1,0
1360,1,0,2,1,1
1361,2,0,1,0,0
1362,2,0,0,0,1
1363,1,0,2,1,1
1364,3,0,1,2,0
1365,3,0,2,2,0
1366,1,0,2,1,0
1367,3,0,0,2,0
1368,3,0,0,2,1
1369,3,0,0,2,0
1370,1,0,2,1,0
1371,0,0,1,3,1
1372,3,0,1,2,0
1373,2,0,1,0,0
1374,2,0,0,0,1
1375,1,0,2,1,1
1376,3,0,0,2,0
1377,3,0,1,2,1
1378,1,0,0,1,1
1379,2,0,0,0,1
1380,2,0,0,0,1
1381,3,0,2,2,1
1382,0,0,1,3,0
1383,1,0,0,1,1
1384,3,0,2,2,0
1385,3,0,0,2,0
1386,2,0,0,0,0
1387,3,0,0,2,1
1388,0,0,1,3,0
1389,3,0,0,2,0
1390,2,0,0,0,1
1391,3,0,0,2,0
1392,3,0,0,2,0
1393,3,0,0,2,0
1394,0,0,1,3,0
1395,0,0,1,3,1
1396,3,0,0,2,0
1397,1,0,2,1,1
1398,2,0,1,0,1
1399,0,0,1,3,1
1400,1,0,2,1,0
1401,2,0,0,0,1
1402,2,0,0,0,0
1403,1,0,2,1,0
1404,2,0,0,0,0
1405,1,0,2,1,1
1406,0,0,1,3,1
1407,3,0,2,2,0
1408,3,0,2,2,0
1409,2,0,0,0,1
1410,3,0,0,2,0
1411,3,0,0,2,1
1412,2,0,0,0,1
1413,1,0,0,1,1
1414,2,0,1,0,0
1415,3,0,1,2,0
1416,3,0,2,2,0
1417,2,0,2,0,1
1418,2,0,1,0,1
1419,2,0,2,0,1
1420,2,0,2,0,1
1421,2,0,0,0,0
1422,0,0,1,3,0
1423,3,0,2,2,0
1424,2,0,1,0,0
1425,1,0,2,1,0
1426,1,0,2,1,0
1427,1,0,2,1,1
1428,2,0,1,0,1
1429,0,0,1,3,0
1430,0,0,1,3,0
1431,3,0,0,2,1
1432,2,0,1,0,1
1433,1,0,2,1,1
1434,3,0,0,2,1
1435,2,0,0,0,1
1436,3,0,1,2,1
1437,3,0,2,2,1
1438,3,0,0,2,1
1439,2,0,1,0,1
1440,2,0,0,0,1
1441,2,0,0,0,1
1442,2,0,0,0,0
1443,2,0,0,0,1
1444,0,0,1,3,1
1445,1,0,2,1,0
1446,3,0,2,2,1
1447,1,0,2,1,0
1448,1,0,2,1,0
1449,2,0,0,0,0
1450,1,0,2,1,1
1451,2,0,2,0,1
1452,1,0,2,1,0
1453,1,0,2,1,0
1454,2,0,0,0,1
1455,0,0,1,3,1
1456,1,0,2,1,0
1457,3,0,0,2,0
1458,0,0,1,3,1
1459,1,0,2,1,0
1460,0,0,1,3,0
1461,1,0,2,1,0
1462,1,0,0,1,1
1463,1,0,0,1,0
1464,2,0,0,0,1
1465,3,0,2,2,0
1466,0,0,1,3,0
1467,3,0,0,2,1
1468,1,0,2,1,0
1469,2,0,0,0,1
1470,2,0,1,0,1
1471,3,0,0,2,1
1472,0,0,1,3,1
1473,1,0,2,1,1
1474,2,0,0,0,0
1475,3,0,0,2,0
1476,3,0,1,2,0
1477,2,0,0,0,0
1478,1,0,2,1,0
1479,3,0,2,2,0
1480,3,0,2,2,0
1481,0,0,1,3,0
1482,0,0,1,3,1
1483,3,0,2,2,0
1484,2,0,0,0,0
1485,1,0,2,1,1
1486,2,0,0,0,1
1487,2,0,0,0,0
1488,3,0,2,2,0
1489,0,0,1,3,1
1490,3,0,0,2,0
1491,0,0,1,3,0
1492,2,0,0,0,1
1493,1,0,2,1,0
1494,0,0,1,3,1
1495,2,0,0,0,1
1496,0,0,1,3,1
1497,2,0,1,0,1
1498,3,0,2,2,1
1499,1,0,2,1,1
1500,2,0,1,0,0
1501,3,0,2,2,1
1502,2,0,1,0,1
1503,0,0,1,3,1
1504,2,0,0,0,1
1505,2,0,0,0,1
1506,3,0,2,2,0
1507,0,0,1,3,1
1508,2,0,0,0,1
1509,2,0,0,0,1
1510,3,0,0,2,0
1511,3,0,2,2,0
1512,3,0,1,2,1
1513,1,0,2,1,0
1514,3,0,2,2,0
1515,2,0,0,0,1
1516,1,0,2,1,1
1517,3,0,2,2,0
1518,0,0,0,3,0
1519,0,0,1,3,0
1520,1,0,2,1,0
1521,1,0,2,1,1
1522,1,0,2,1,0
1523,1,0,2,1,0
1524,1,0,2,1,0
1525,2,0,1,0,1
1526,2,0,0,0,0
1527,0,0,1,3,1
1528,0,0,1,3,1
1529,2,0,2,0,0
1530,3,0,2,2,1
1531,1,0,2,1,0
1532,1,0,2,1,1
1533,2,0,1,0,1
1534,2,0,0,0,1
1535,1,0,0,1,1
1536,3,0,2,2,1
1537,2,0,1,0,0
1538,2,0,1,0,1
1539,3,0,2,2,0
1540,3,0,1,2,1
1541,3,0,2,2,1
1542,1,0,2,1,1
1543,3,0,2,2,1
1544,1,0,0,1,1
1545,3,0,2,2,0
1546,3,0,0,2,0
1547,1,0,2,1,1
1548,1,0,2,1,1
1549,3,0,0,2,1
1550,2,0,1,0,0
1551,0,0,1,3,0
1552,0,0,1,3,0
1553,2,0,1,0,1
1554,0,0,1,3,1
1555,2,0,1,0,1
1556,1,0,0,1,1
1557,2,0,0,0,0
1558,1,0,2,1,0
1559,1,0,2,1,1
1560,0,0,1,3,0
1561,3,0,1,2,0
1562,2,0,0,0,1
1563,2,0,0,0,0
1564,0,0,1,3,0
1565,2,0,0,0,1
1566,1,0,2,1,1
1567,2,0,0,0,1
1568,2,0,0,0,1
1569,2,0,1,0,0
1570,2,0,0,0,0
1571,1,0,2,1,0
1572,1,0,0,1,0
1573,2,0,0,0,0
1574,3,0,1,2,1
1575,0,0,1,3,1
1576,0,0,1,3,0
1577,1,0,2,1,0
1578,1,0,0,1,1
1579,2,0,1,0,1
1580,3,0,1,2,0
1581,2,0,1,0,1
1582,0,0,1,3,1
1583,2,0,0,0,1
1584,2,0,1,0,1
1585,0,0,1,3,1
1586,2,0,0,0,1
1587,2,0,0,0,0
1588,3,0,0,2,1
1589,1,0,2,1,1
1590,2,0,0,0,1
1591,3,0,1,2,0
1592,3,0,0,2,0
1593,2,0,1,0,1
1594,0,0,1,3,1
1595,2,0,1,0,1
1596,1,0,2,1,0
1597,0,0,1,3,0
1598,1,0,2,1,1
1599,3,0,2,2,1
1600,2,0,2,0,0
1601,3,0,1,2,0
1602,3,0,1,2,1
1603,2,0,0,0,0
1604,2,0,1,0,1
1605,3,0,2,2,1
1606,3,0,0,2,0
1607,3,0,0,2,0
1608,2,0,0,0,0
1609,3,0,2,2,0
1610,1,0,2,1,0
1611,2,0,0,0,1
1612,3,0,2,2,0
1613,0,0,1,3,0
1614,0,0,1,3,1
1615,3,0,0,2,0
1616,2,0,0,0,0
1617,1,0,0,1,0
1618,3,0,2,2,1
1619,1,0,0,1,1
1620,2,0,0,0,1
1621,3,0,0,2,0
1622,1,0,2,1,0
1623,2,0,0,0,1
1624,1,0,2,1,0
1625,2,0,0,0,1
1626,1,0,2,1,0
1627,3,0,0,2,1
1628,0,0,1,3,0
1629,2,0,1,0,1
1630,3,0,1,2,0
1631,2,0,0,0,1
1632,2,0,0,0,1
1633,0,0,1,3,1
1634,1,0,2,1,0
1635,0,0,1,3,1
1636,3,0,1,2,0
1637,1,0,2,1,0
1638,0,0,1,3,0
1639,2,0,0,0,1
1640,0,0,1,3,0
1641,1,0,2,1,1
1642,3,0,0,2,0
1643,2,0,0,0,1
1644,2,0,1,0,0
1645,3,0,2,2,1
1646,0,0,1,3,0
1647,1,0,2,1,0
1648,0,0,1,3,0
1649,0,0,1,3,1
1650,2,0,0,0,1
1651,2,0,0,0,1
1652,2,0,0,0,1
1653,2,0,0,0,1
1654,1,0,2,1,1
1655,0,0,1,3,0
1656,3,0,0,2,1
1657,3,0,0,2,0
1658,0,0,1,3,1
1659,0,0,0,3,0
1660,3,0,0,2,0
1661,2,0,2,0,1
1662,1,0,2,1,1
1663,2,0,0,0,1
1664,1,0,2,1,0
1665,1,0,2,1,0
1666,3,0,1,2,1
1667,1,0,0,1,1
1668,3,0,0,2,1
1669,0,0,1,3,0
1670,2,0,0,0,0
1671,3,0,2,2,1
1672,0,0,1,3,1
1673,3,0,0,2,1
1674,1,0,0,1,0
1675,0,0,1,3,1
1676,0,0,1,3,0
1677,2,0,1,0,1
1678,3,0,1,2,1
1679,2,0,0,0,0
1680,2,0,0,0,1
1681,1,0,2,1,1
1682,0,0,1,3,1
1683,0,0,1,3,1
1684,3,0,1,2,1
1685,0,0,1,3,1
1686,1,0,0,1,0
1687,0,0,1,3,0
1688,1,0,2,1,0
1689,2,0,1,0,0
1690,2,0,0,0,1
1691,1,0,2,1,1
1692,3,0,0,2,1
1693,2,0,0,0,1
1694,1,0,2,1,0
1695,1,0,0,1,1
1696,1,0,2,1,0
1697,1,0,2,1,0
1698,0,0,1,3,0
1699,1,0,2,1,0
1700,0,0,1,3,0
1701,0,0,1,3,1
1702,0,0,1,3,1
1703,1,0,2,1,0
1704,1,0,2,1,0
1705,2,0,0,0,1
1706,1,0,2,1,0
1707,2,0,1,0,1
1708,3,0,0,2,0
1709,1,0,2,1,0
1710,3,0,2,2,1
1711,3,0,2,2,1
1712,0,0,1,3,1
1713,2,0,0,0,0
1714,1,0,2,1,0
1715,2,0,1,0,1
1716,3,0,0,2,1
1717,2,0,0,0,0
1718,3,0,2,2,0
1719,2,0,0,0,1
1720,0,0,1,3,0
1721,2,0,0,0,1
1722,3,0,0,2,0
1723,1,0,2,1,0
1724,3,0,2,2,1
1725,2,0,1,0,0
1726,2,0,1,0,1
1727,2,0,0,0,1
1728,1,0,2,1,0
1729,1,0,2,1,1
1730,2,0,0,0,1
1731,3,0,0,2,1
1732,3,0,0,2,0
1733,1,0,2,1,1
1734,2,0,1,0,1
1735,2,0,0,0,1
1736,2,0,1,0,1
1737,2,0,0,0,0
1738,3,0,0,2,1
1739,2,0,1,0,1
1740,2,0,0,0,1
1741,1,0,2,1,0
1742,0,0,1,3,1
1743,3,0,2,2,0
1744,0,0,1,3,0
1745,1,0,2,1,0
1746,1,0,2,1,1
1747,2,0,0,0,1
1748,0,0,1,3,0
1749,2,0,0,0,0
1750,2,0,1,0,0
1751,3,0,2,2,1
1752,2,0,1,0,0
1753,2,0,0,0,1
1754,2,0,1,0,0
1755,1,0,2,1,0
1756,2,0,0,0,0
1757,3,0,0,2,1
1758,1,0,2,1,1
1759,3,0,0,2,1
1760,2,0,1,0,1
1761,2,0,1,0,1
1762,2,0,0,0,1
1763,0,0,1,3,1
1764,3,0,1,2,1
1765,0,0,1,3,1
1766,1,0,2,1,1
1767,2,0,2,0,1
1768,1,0,0,1,0
1769,1,0,2,1,1
1770,2,0,0,0,0
1771,2,0,0,0,0
1772,3,0,1,2,0
1773,2,0,0,0,1
1774,1,0,2,1,1
1775,2,0,0,0,0
1776,3,0,2,2,1
1777,1,0,2,1,0
1778,3,0,0,2,1
1779,2,0,1,0,0
1780,3,0,1,2,0
1781,1,0,0,1,1
1782,3,0,0,2,0
1783,3,0,0,2,1
1784,1,0,0,1,0
1785,0,0,1,3,0
1786,2,0,0,0,1
1787,2,0,1,0,1
1788,1,0,2,1,1
1789,1,0,2,1,1
1790,0,0,1,3,0
1791,0,0,1,3,0
1792,2,0,1,0,1
1793,3,0,1,2,0
1794,1,0,2,1,1
1795,2,0,0,0,0
1796,0,0,1,3,1
1797,1,0,2,1,0
1798,1,0,0,1,1
1799,0,0,1,3,1
1800,0,0,1,3,1
1801,0,0,1,3,1
1802,1,0,2,1,0
1803,3,0,2,2,0
1804,0,0,0,3,0
1805,3,0,0,2,1
1806,2,0,0,0,1
1807,1,0,0,1,0
1808,0,0,1,3,1
1809,0,0,1,3,1
1810,2,0,0,0,0
1811,2,0,1,0,1
1812,2,0,1,0,1
1813,3,0,0,2,0
1814,0,0,1,3,1
1815,3,0,2,2,1
1816,3,0,0,2,1
1817,0,0,1,3,1
1818,1,0,2,1,0
1819,0,0,1,3,1
1820,2,0,0,0,1
1821,3,0,0,2,1
1822,2,0,1,0,0
1823,3,0,2,2,1
1824,1,0,0,1,0
1825,3,0,0,2,0
1826,1,0,2,1,0
1827,3,0,0,2,1
1828,3,0,2,2,1
1829,2,0,2,0,0
1830,2,0,0,0,0
1831,3,0,0,2,0
1832,1,0,2,1,1
1833,1,0,2,1,0
1834,2,0,1,0,1
1835,0,0,1,3,1
1836,2,0,0,0,0
1837,2,0,1,0,1
1838,0,0,1,3,1
1839,0,0,1,3,0
1840,0,0,1,3,0
1841,2,0,0,0,0
1842,1,0,2,1,0
1843,0,0,1,3,0
1844,3,0,2,2,1
1845,1,0,2,1,0
1846,1,0,0,1,1
1847,2,0,0,0,1
1848,1,0,2,1,0
1849,2,0,1,0,1
1850,3,0,0,2,0
1851,0,0,1,3,1
1852,3,0,1,2,0
1853,0,0,1,3,0
1854,2,0,1,0,1
1855,1,0,2,1,0
1856,3,0,0,2,1
1857,3,0,1,2,1
1858,0,0,1,3,0
1859,1,0,2,1,0
1860,3,0,0,2,1
1861,1,0,0,1,1
1862,1,0,2,1,0
1863,1,0,2,1,1
1864,1,0,0,1,1
1865,2,0,1,0,0
1866,0,0,0,3,0
1867,3,0,2,2,1
1868,3,0,0,2,1
1869,3,0,0,2,0
1870,3,0,0,2,1
1871,1,0,2,1,0
1872,1,0,2,1,1
1873,0,0,1,3,0
1874,2,0,0,0,1
1875,2,0,1,0,0
1876,2,0,1,0,1
1877,1,0,0,1,1
1878,0,0,1,3,0
1879,1,0,2,1,0
1880,2,0,0,0,1
1881,3,0,2,2,1
1882,2,0,0,0,0
1883,1,0,2,1,0
1884,3,0,0,2,1
1885,1,0,2,1,0
1886,1,0,2,1,1
1887,1,0,2,1,0
1888,2,0,0,0,1
1889,0,0,1,3,0
1890,1,0,0,1,1
1891,3,0,0,2,0
1892,3,0,0,2,0
1893,0,0,1,3,1
1894,3,0,0,2,0
1895,3,0,0,2,1
1896,2,0,0,0,1
1897,2,0,1,0,1
1898,0,0,1,3,0
1899,2,0,0,0,0
1900,0,0,1,3,1
1901,3,0,0,2,1
1902,0,0,1,3,1
1903,0,0,1,3,1
1904,3,0,1,2,0
1905,0,0,1,3,0
1906,3,0,1,2,1
1907,2,0,0,0,1
1908,0,0,1,3,1
1909,3,0,0,2,1
1910,3,0,2,2,1
1911,0,0,1,3,0
1912,3,0,2,2,1
1913,2,0,0,0,1
1914,2,0,0,0,0
1915,3,0,1,2,1
1916,3,0,0,2,0
1917,1,0,0,1,1
1918,3,0,0,2,0
1919,0,0,1,3,0
1920,1,0,2,1,0
1921,3,0,2,2,1
1922,3,0,1,2,1
1923,1,0,0,1,0
1924,0,0,0,3,1
1925,3,0,0,2,1
1926,3,0,2,2,0
1927,1,0,2,1,0
1928,1,0,0,1,0
1929,0,0,0,3,1
1930,1,0,2,1,0
1931,1,0,2,1,0
1932,1,0,2,1,0
1933,1,0,2,1,0
1934,1,0,2,1,0
1935,2,0,1,0,1
1936,1,0,2,1,0
1937,0,0,1,3,0
1938,2,0,0,0,0
1939,3,0,0,2,0
1940,1,0,2,1,0
1941,0,0,1,3,1
1942,3,0,0,2,0
1943,2,0,0,0,0
1944,1,0,2,1,1
1945,1,0,2,1,0
1946,2,0,2,0,0
1947,1,0,2,1,0
1948,1,0,2,1,0
1949,2,0,0,0,1
1950,0,0,1,3,1
1951,3,0,0,2,0
1952,2,0,0,0,0
1953,0,0,1,3,0
1954,0,0,1,3,0
1955,2,0,0,0,1
1956,0,0,1,3,1
1957,2,0,1,0,1
1958,3,0,2,2,1
1959,1,0,2,1,0
1960,3,0,2,2,0
1961,0,0,0,3,1
1962,2,0,1,0,1
1963,1,0,2,1,1
1964,0,0,1,3,1
1965,3,0,1,2,1
1966,3,0,0,2,0
1967,2,0,1,0,1
1968,2,0,0,0,1
1969,3,0,1,2,0
1970,3,0,0,2,1
1971,1,0,2,1,1
1972,3,0,0,2,1
1973,2,0,0,0,1
1974,2,0,1,0,0
1975,0,0,1,3,1
1976,2,0,2,0,1
1977,3,0,0,2,1
1978,2,0,2,0,1
1979,1,0,2,1,0
1980,2,0,1,0,1
1981,0,0,1,3,0
1982,2,0,0,0,1
1983,3,0,0,2,1
1984,0,0,1,3,1
1985,3,0,0,2,1
1986,0,0,1,3,1
1987,1,0,2,1,1
1988,3,0,2,2,1
1989,0,0,1,3,1
1990,0,0,1,3,0
1991,2,0,2,0,0
1992,2,0,0,0,1
1993,2,0,0,0,1
1994,1,0,2,1,1
1995,3,0,0,2,0
1996,2,0,0,0,0
1997,0,0,1,3,0
1998,1,0,2,1,0
1999,3,0,2,2,1
2000,1,0,2,1,0
2001,2,0,2,0,1
2002,2,0,0,0,1
2003,3,0,0,2,0
2004,3,0,1,2,0
2005,1,0,2,1,1
2006,0,0,1,3,1
2007,0,0,1,3,1
2008,3,0,2,2,1
2009,1,0,2,1,0
2010,2,0,0,0,0
2011,2,0,0,0,1
2012,3,0,2,2,1
2013,2,0,0,0,1
2014,0,0,1,3,1
2015,3,0,0,2,0
2016,3,0,2,2,1
2017,3,0,2,2,1
2018,3,0,2,2,1
2019,2,0,0,0,1
2020,0,0,1,3,1
2021,0,0,1,3,1
2022,3,0,0,2,0
2023,2,0,0,0,0
2024,3,0,1,2,0
2025,3,0,0,2,0
2026,1,0,2,1,0
2027,2,0,1,0,1
2028,2,0,1,0,0
2029,3,0,0,2,1
2030,2,0,1,0,1
2031,2,0,0,0,1
2032,3,0,2,2,0
2033,1,0,2,1,0
2034,2,0,0,0,1
2035,1,0,2,1,1
2036,0,0,1,3,0
2037,1,0,2,1,0
2038,3,0,2,2,0
2039,1,0,2,1,0
2040,1,0,2,1,0
2041,0,0,1,3,1
2042,2,0,0,0,0
2043,3,0,0,2,1
2044,2,0,1,0,1
2045,2,0,1,0,1
2046,3,0,0,2,1
2047,2,0,1,0,1
2048,2,0,0,0,1
2049,0,0,1,3,1
2050,2,0,0,0,1
2051,2,0,0,0,1
2052,0,0,1,3,1
2053,2,0,2,0,1
2054,1,0,2,1,0
2055,1,0,0,1,1
2056,1,0,2,1,1
2057,3,0,2,2,1
2058,0,0,1,3,1
2059,1,0,2,1,0
2060,1,0,2,1,1
2061,1,0,2,1,0
2062,1,0,2,1,1
2063,0,0,1,3,0
2064,1,0,2,1,0
2065,1,0,2,1,0
2066,2,0,0,0,0
2067,1,0,2,1,0
2068,1,0,2,1,1
2069,3,0,2,2,1
2070,2,0,0,0,1
2071,0,0,1,3,0
2072,3,0,0,2,0
2073,2,0,1,0,1
2074,2,0,0,0,1
2075,0,0,1,3,1
2076,1,0,2,1,1
2077,0,0,1,3,1
2078,0,0,1,3,1
2079,0,0,1,3,0
2080,1,0,2,1,1
2081,1,0,2,1,1
2082,0,0,1,3,1
2083,1,0,2,1,0
2084,0,0,1,3,1
2085,1,0,2,1,1
2086,2,0,0,0,0
2087,2,0,0,0,0
2088,3,0,0,2,1
2089,3,0,2,2,0
2090,1,0,2,1,1
2091,3,0,0,2,1
2092,2,0,0,0,0
2093,2,0,1,0,1
2094,0,0,1,3,1
2095,2,0,0,0,0
2096,0,0,1,3,0
2097,1,0,2,1,0
2098,0,0,1,3,1
2099,2,0,1,0,0
2100,0,0,1,3,1
2101,0,0,1,3,1
2102,2,0,1,0,0
2103,2,0,1,0,1
2104,0,0,1,3,1
2105,3,0,1,2,1
2106,2,0,0,0,1
2107,1,0,0,1,1
2108,2,0,1,0,0
2109,3,0,0,2,0
2110,1,0,2,1,0
2111,1,0,2,1,1
2112,0,0,1,3,0
2113,3,0,0,2,1
2114,2,0,1,0,0
2115,0,0,1,3,1
2116,1,0,2,1,1
2117,3,0,2,2,1
2118,2,0,0,0,0
2119,0,0,1,3,0
2120,2,0,0,0,0
2121,0,0,1,3,0
2122,2,0,0,0,1
2123,0,0,1,3,1
2124,0,0,1,3,1
2125,2,0,0,0,0
2126,2,0,0,0,0
2127,0,0,1,3,1
2128,1,0,2,1,0
2129,2,0,0,0,1
2130,3,0,2,2,1
2131,0,0,1,3,0
2132,3,0,1,2,1
2133,3,0,0,2,0
2134,1,0,2,1,0
2135,3,0,2,2,0
2136,1,0,2,1,0
2137,2,0,0,0,0
2138,3,0,0,2,0
2139,2,0,0,0,1
2140,0,0,1,3,0
2141,0,0,0,3,1
2142,3,0,1,2,1
2143,2,0,0,0,0
2144,0,0,1,3,1
2145,0,0,1,3,0
2146,3,0,0,2,0
2147,3,0,1,2,1
2148,0,0,1,3,1
2149,0,0,1,3,1
2150,3,0,0,2,1
2151,0,0,1,3,1
2152,1,0,2,1,0
2153,2,0,0,0,1
2154,1,0,2,1,1
2155,1,0,2,1,0
2156,2,0,0,0,0
2157,3,0,1,2,1
2158,3,0,2,2,0
2159,3,0,2,2,1
2160,2,0,0,0,1
2161,3,0,2,2,1
2162,3,0,0,2,1
2163,1,0,2,1,0
2164,2,0,0,0,1
2165,3,0,0,2,1
2166,1,0,2,1,0
2167,0,0,1,3,1
2168,1,0,2,1,0
2169,1,0,2,1,0
2170,1,0,2,1,1
2171,2,0,2,0,0
2172,3,0,1,2,1
2173,1,0,0,1,1
2174,3,0,0,2,1
2175,1,0,2,1,0
2176,2,0,0,0,1
2177,2,0,0,0,1
2178,2,0,1,0,1
2179,2,0,1,0,0
2180,0,0,1,3,1
2181,3,0,2,2,1
2182,1,0,2,1,0
2183,3,0,2,2,1
2184,1,0,0,1,1
2185,3,0,0,2,1
2186,2,0,0,0,1
2187,2,0,0,0,0
2188,2,0,0,0,1
2189,0,0,1,3,1
2190,3,0,0,2,0
2191,0,0,1,3,0
2192,3,0,2,2,0
2193,2,0,0,0,0
2194,3,0,0,2,1
2195,1,0,2,1,1
2196,2,0,0,0,0
2197,2,0,2,0,1
2198,2,0,0,0,1
2199,1,0,0,1,0
2200,0,0,1,3,1
2201,3,0,0,2,0
2202,0,0,1,3,1
2203,3,0,0,2,0
2204,1,0,0,1,1
2205,1,0,2,1,1
2206,0,0,1,3,1
2207,3,0,0,2,0
2208,0,0,1,3,1
2209,0,0,1,3,0
2210,2,0,0,0,1
2211,0,0,0,3,0
2212,1,0,2,1,0
2213,0,0,1,3,0
2214,1,0,2,1,0
2215,2,0,0,0,1
2216,0,0,1,3,1
2217,2,0,0,0,1
2218,2,0,0,0,1
2219,0,1,1,3,0
2220,1,0,2,1,1
2221,1,0,0,1,0
2222,1,0,2,1,1
2223,3,0,0,2,0
2224,1,0,2,1,1
2225,3,0,0,2,1
2226,0,0,1,3,0
2227,2,0,1,0,1
2228,0,0,1,3,1
2229,0,0,1,3,1
2230,2,0,0,0,0
2231,2,0,1,0,1
2232,1,0,2,1,1
2233,2,0,1,0,1
2234,0,0,1,3,0
2235,3,0,0,2,0
2236,1,0,2,1,0
2237,1,0,2,1,1
2238,3,0,0,2,0
2239,3,0,2,2,1
2240,2,0,0,0,0
2241,0,0,1,3,1
2242,3,0,0,2,1
2243,2,0,1,0,1
2244,1,0,2,1,1
2245,1,0,2,1,0
2246,0,0,1,3,0
2247,0,0,1,3,1
2248,1,0,0,1,1
2249,1,0,2,1,0
2250,1,0,2,1,1
2251,2,0,0,0,1
2252,2,0,0,0,1
2253,3,0,2,2,1
2254,1,0,2,1,0
2255,3,0,0,2,0
2256,0,0,1,3,1
2257,1,0,2,1,0
2258,2,0,0,0,1
2259,3,0,0,2,1
2260,2,0,1,0,1
2261,3,0,0,2,0
2262,1,0,2,1,0
2263,0,0,1,3,1
2264,1,0,2,1,0
2265,0,0,1,3,0
2266,1,0,0,1,1
2267,1,0,2,1,0
2268,2,0,0,0,1
2269,3,0,0,2,0
2270,3,0,1,2,1
2271,2,0,1,0,1
2272,2,0,0,0,1
2273,2,0,1,0,1
2274,0,0,1,3,0
2275,3,0,0,2,0
2276,3,0,1,2,1
2277,3,0,0,2,0
2278,1,0,2,1,0
2279,2,0,1,0,1
2280,0,0,1,3,0
2281,3,0,0,2,0
2282,3,0,0,2,1
2283,3,0,0,2,0
2284,1,0,2,1,0
2285,0,0,1,3,0
2286,1,0,2,1,1
2287,3,0,2,2,1
2288,1,0,2,1,1
2289,3,0,2,2,1
2290,3,0,2,2,1
2291,2,0,0,0,1
2292,1,0,2,1,0
2293,0,0,1,3,0
2294,2,0,1,0,0
2295,0,0,0,3,0
2296,2,0,0,0,1
2297,1,0,0,1,0
2298,1,0,2,1,1
2299,1,0,2,1,1
2300,1,0,2,1,0
2301,2,0,0,0,1
2302,1,0,2,1,1
2303,0,0,1,3,0
2304,2,0,1,0,1
2305,3,0,1,2,0
2306,0,0,1,3,1
2307,0,0,1,3,1
2308,1,0,2,1,0
2309,1,0,2,1,1
2310,2,0,1,0,1
2311,3,0,0,2,0
2312,0,0,1,3,1
2313,3,0,0,2,0
2314,1,0,2,1,0
2315,1,0,2,1,0
2316,0,0,1,3,1
2317,2,0,0,0,1
2318,2,0,1,0,0
2319,1,0,0,1,1
2320,0,0,1,3,1
2321,3,0,0,2,1
2322,3,0,1,2,1
2323,2,0,1,0,0
2324,2,0,1,0,1
2325,3,0,0,2,0
2326,3,0,0,2,0
2327,2,0,0,0,1
2328,3,0,0,2,0
2329,0,0,1,3,1
2330,1,0,2,1,1
2331,3,0,0,2,0
2332,1,0,2,1,1
2333,3,0,0,2,0
2334,0,0,1,3,1
2335,0,0,1,3,1
2336,3,0,2,2,1
2337,2,0,1,0,1
2338,2,0,0,0,1
2339,1,0,2,1,1
2340,1,0,2,1,1
2341,0,0,1,3,1
2342,0,0,0,3,1
2343,0,0,1,3,1
2344,3,0,0,2,1
2345,3,0,1,2,1
2346,3,0,0,2,1
2347,1,0,2,1,0
2348,1,0,0,1,1
2349,1,0,2,1,1
2350,2,0,1,0,0
2351,2,0,0,0,0
2352,2,0,0,0,0
2353,2,0,0,0,1
2354,1,0,0,1,0
2355,3,0,0,2,0
2356,2,0,0,0,1
2357,2,0,1,0,1
2358,3,0,0,2,0
2359,0,0,1,3,1
2360,1,0,2,1,0
2361,3,0,0,2,0
2362,0,0,1,3,0
2363,1,0,2,1,0
2364,1,0,2,1,1
2365,1,0,2,1,1
2366,1,0,0,1,0
2367,2,0,1,0,0
2368,3,0,0,2,0
2369,0,0,1,3,0
2370,0,0,1,3,1
2371,0,0,1,3,1
2372,2,0,2,0,1
2373,0,0,1,3,0
2374,1,0,2,1,0
2375,1,0,2,1,0
2376,2,0,2,0,1
2377,1,0,2,1,1
2378,2,0,1,0,0
2379,3,0,0,2,1
2380,2,0,0,0,1
2381,1,0,2,1,0
2382,0,0,1,3,1
2383,0,0,1,3,1
2384,3,0,0,2,0
2385,3,0,0,2,1
2386,1,0,2,1,0
2387,2,0,0,0,1
2388,2,0,0,0,1
2389,2,0,0,0,0
2390,1,0,2,1,1
2391,1,0,2,1,0
2392,3,0,0,2,1
2393,2,0,0,0,1
2394,1,0,2,1,0
2395,2,0,0,0,0
2396,1,0,0,1,1
2397,1,0,2,1,0
2398,3,0,0,2,0
2399,0,0,1,3,1
2400,0,0,1,3,1
2401,2,0,1,0,1
2402,1,0,0,1,0
2403,1,0,2,1,0
2404,2,0,0,0,1
2405,0,0,1,3,1
2406,0,0,0,3,0
2407,2,0,0,0,1
2408,3,0,0,2,0
2409,2,0,0,0,0
2410,3,0,1,2,1
2411,2,0,0,0,1
2412,0,0,1,3,1
2413,1,0,2,1,0
2414,1,0,2,1,1
2415,2,0,1,0,1
2416,2,0,0,0,1
2417,3,0,1,2,1
2418,0,0,1,3,0
2419,1,0,0,1,0
2420,1,0,2,1,1
2421,1,0,0,1,1
2422,3,0,0,2,0
2423,1,0,2,1,1
2424,2,0,0,0,1
2425,2,0,1,0,0
2426,1,0,0,1,0
2427,2,0,0,0,1
2428,2,0,0,0,1
2429,0,0,0,3,0
2430,2,0,1,0,1
2431,3,0,1,2,0
2432,2,0,2,0,0
2433,1,0,2,1,1
2434,2,0,0,0,1
2435,2,0,0,0,1
2436,2,0,0,0,1
2437,0,0,1,3,1
2438,3,0,0,2,0
2439,2,0,1,0,0
2440,1,0,2,1,0
2441,2,0,0,0,1
2442,1,0,2,1,0
2443,0,0,1,3,0
2444,0,0,1,3,1
2445,0,0,1,3,0
2446,2,0,0,0,1
2447,1,0,2,1,1
2448,3,0,0,2,1
2449,3,0,2,2,1
2450,1,0,2,1,0
2451,3,0,1,2,0
2452,2,0,0,0,0
2453,2,0,0,0,1
2454,3,0,0,2,0
2455,3,0,0,2,0
2456,2,0,1,0,1
2457,2,0,1,0,0
2458,2,0,0,0,1
2459,0,0,0,3,1
2460,0,0,1,3,1
2461,1,0,2,1,0
2462,0,0,1,3,1
2463,2,0,0,0,1
2464,2,0,1,0,0
2465,3,0,0,2,1
2466,1,0,2,1,0
2467,0,0,1,3,1
2468,3,0,2,2,1
2469,1,0,2,1,0
2470,0,0,1,3,1
2471,3,0,0,2,1
2472,1,0,0,1,1
2473,1,0,2,1,0
2474,0,0,1,3,1
2475,1,0,2,1,0
2476,0,0,1,3,0
2477,0,0,1,3,1
2478,1,0,2,1,1
2479,3,0,0,2,0
2480,0,0,1,3,0
2481,0,0,1,3,0
2482,3,0,0,2,1
2483,2,0,2,0,1
2484,0,0,1,3,0
2485,3,0,0,2,1
2486,2,0,0,0,1
2487,2,0,1,0,1
2488,3,0,2,2,1
2489,1,0,2,1,0
2490,2,0,0,0,1
2491,3,0,2,2,1
2492,1,0,2,1,1
2493,2,0,0,0,0
2494,1,0,2,1,0
2495,2,0,0,0,1
2496,0,0,1,3,0
2497,2,0,0,0,1
2498,2,0,0,0,1
2499,1,0,2,1,1
2500,2,0,1,0,0
2501,1,0,0,1,0
2502,2,0,0,0,0
2503,2,0,1,0,1
2504,1,0,2,1,0
2505,2,0,0,0,1
2506,3,0,0,2,0
2507,0,0,1,3,1
2508,0,0,1,3,0
2509,1,0,0,1,1
2510,2,0,0,0,1
2511,1,0,2,1,1
2512,0,0,1,3,1
2513,2,0,1,0,0
2514,1,0,2,1,1
2515,2,0,0,0,1
2516,3,0,1,2,1
2517,2,0,1,0,1
2518,0,0,1,3,0
2519,3,0,0,2,1
2520,1,0,2,1,0
2521,3,0,2,2,0
2522,2,0,1,0,0
2523,0,0,1,3,0
2524,3,0,0,2,1
2525,3,0,0,2,1
2526,0,0,1,3,1
2527,2,0,0,0,1
2528,2,0,0,0,1
2529,2,0,2,0,0
2530,0,0,1,3,1
2531,3,0,0,2,0
2532,3,0,0,2,0
2533,2,0,0,0,1
2534,2,0,1,0,1
2535,2,0,1,0,1
2536,3,0,0,2,0
2537,3,0,2,2,0
2538,2,0,0,0,1
2539,1,0,2,1,0
2540,3,0,0,2,0
2541,2,0,0,0,1
2542,0,0,1,3,1
2543,1,0,2,1,1
2544,2,0,0,0,1
2545,1,0,2,1,0
2546,1,0,2,1,0
2547,0,0,1,3,0
2548,1,0,2,1,0
2549,0,0,1,3,1
2550,3,0,1,2,1
2551,1,0,2,1,0
2552,3,0,2,2,1
2553,3,0,2,2,1
2554,2,0,0,0,1
2555,2,0,0,0,1
2556,1,0,2,1,0
2557,1,0,2,1,0
2558,0,0,1,3,0
2559,1,0,2,1,1
2560,2,0,0,0,0
2561,3,0,2,2,1
2562,0,0,1,3,0
2563,3,0,2,2,1
2564,3,0,2,2,0
2565,1,0,2,1,1
2566,2,0,2,0,0
2567,3,0,1,2,0
2568,2,0,1,0,1
2569,2,0,0,0,0
2570,2,0,0,0,1
2571,2,0,0,0,1
2572,2,0,0,0,1
2573,1,0,2,1,0
2574,0,0,1,3,1
2575,0,0,1,3,0
2576,0,0,1,3,0
2577,3,0,0,2,1
2578,1,0,2,1,0
2579,3,0,0,2,0
2580,0,0,1,3,1
2581,3,0,0,2,1
2582,0,0,1,3,1
2583,3,0,0,2,0
2584,2,0,0,0,0
2585,1,0,0,1,1
2586,1,0,2,1,0
2587,1,0,2,1,1
2588,0,0,1,3,1
2589,2,0,0,0,1
2590,1,0,2,1,0
2591,2,0,1,0,0
2592,2,0,0,0,1
2593,3,0,0,2,1
2594,0,0,1,3,1
2595,1,0,2,1,0
2596,1,0,2,1,0
2597,1,0,0,1,1
2598,3,0,2,2,0
2599,1,0,2,1,1
2600,0,0,1,3,0
2601,2,0,0,0,0
2602,2,0,0,0,0
2603,2,0,0,0,0
2604,3,0,0,2,0
2605,3,0,2,2,0
2606,2,0,0,0,1
2607,3,0,2,2,0
2608,1,0,2,1,0
2609,3,0,0,2,0
2610,0,0,1,3,1
2611,2,0,0,0,1
2612,1,0,2,1,1
2613,0,0,1,3,1
2614,1,0,2,1,1
2615,0,0,1,3,1
2616,1,0,2,1,1
2617,3,0,0,2,0
2618,1,0,0,1,1
2619,0,0,0,3,0
2620,2,0,1,0,1
2621,1,0,0,1,0
2622,0,0,1,3,1
2623,2,0,0,0,1
2624,0,0,1,3,1
2625,3,0,0,2,0
2626,3,0,0,2,1
2627,3,0,2,2,0
2628,3,0,2,2,0
2629,0,0,0,3,1
2630,1,0,2,1,0
2631,1,0,2,1,0
2632,1,0,2,1,0
2633,1,0,2,1,1
2634,2,0,1,0,1
2635,1,0,2,1,0
2636,3,0,1,2,0
2637,0,0,1,3,1
2638,0,0,1,3,1
2639,2,0,0,0,0
2640,3,0,2,2,0
2641,3,0,1,2,1
2642,1,0,2,1,0
2643,3,0,1,2,0
2644,0,0,1,3,0
2645,3,0,2,2,1
2646,1,0,2,1,0
2647,1,0,2,1,1
2648,1,0,2,1,0
2649,1,0,2,1,0
2650,0,0,1,3,1
2651,2,0,0,0,1
2652,1,0,2,1,0
2653,0,0,1,3,1
2654,0,0,1,3,0
2655,2,0,0,0,1
2656,1,0,2,1,0
2657,1,0,2,1,1
2658,2,0,1,0,1
2659,3,0,0,2,1
2660,0,0,1,3,0
2661,3,0,2,2,0
2662,0,0,0,3,1
2663,0,0,1,3,1
2664,2,0,0,0,1
2665,1,0,0,1,1
2666,1,0,0,1,1
2667,2,0,0,0,1
2668,3,0,0,2,1
2669,2,0,0,0,0
2670,1,0,0,1,0
2671,3,0,0,2,1
2672,3,0,2,2,1
2673,2,0,0,0,1
2674,0,0,1,3,1
2675,1,0,2,1,0
2676,2,0,0,0,1
2677,1,0,2,1,0
2678,3,0,0,2,1
2679,1,0,2,1,0
2680,1,0,2,1,0
2681,3,0,2,2,0
2682,1,0,2,1,0
2683,0,0,0,3,0
2684,0,0,1,3,0
2685,1,0,2,1,0
2686,1,0,2,1,0
2687,3,0,2,2,0
2688,1,0,2,1,1
2689,1,0,2,1,0
2690,2,0,0,0,1
2691,0,0,1,3,0
2692,2,0,2,0,1
2693,3,0,0,2,0
2694,2,0,0,0,1
2695,0,0,1,3,1
2696,3,0,0,2,0
2697,1,0,2,1,0
2698,3,0,0,2,1
2699,3,0,0,2,1
2700,1,0,0,1,1
2701,3,0,0,2,1
2702,3,0,0,2,1
2703,3,0,2,2,0
2704,2,0,0,0,1
2705,2,0,1,0,1
2706,0,0,1,3,1
2707,3,0,0,2,0
2708,1,0,2,1,0
2709,2,0,1,0,1
2710,2,0,0,0,0
2711,2,0,0,0,1
2712,1,0,2,1,0
2713,3,0,0,2,0
2714,1,0,2,1,1
2715,1,0,2,1,0
2716,3,0,2,2,1
2717,3,0,1,2,0
2718,2,0,0,0,1
2719,2,0,0,0,1
2720,0,0,1,3,1
2721,1,0,0,1,0
2722,0,0,0,3,0
2723,1,0,2,1,0
2724,3,0,0,2,0
2725,3,0,0,2,1
2726,1,0,2,1,1
2727,3,0,1,2,1
2728,0,0,1,3,1
2729,1,0,2,1,1
2730,3,0,2,2,1
2731,3,0,0,2,1
2732,2,0,0,0,1
2733,3,0,2,2,0
2734,2,0,0,0,0
2735,1,0,2,1,0
2736,2,0,0,0,0
2737,0,0,1,3,0
2738,1,0,2,1,0
2739,3,0,2,2,0
2740,3,0,2,2,0
2741,0,0,1,3,1
2742,3,0,0,2,1
2743,2,0,0,0,1
2744,3,0,2,2,0
2745,3,0,0,2,0
2746,3,0,0,2,0
2747,2,0,0,0,1
2748,3,0,0,2,0
2749,0,0,1,3,1
2750,3,0,0,2,1
2751,2,0,0,0,1
2752,0,0,1,3,0
2753,1,0,2,1,1
2754,3,0,2,2,0
2755,1,0,2,1,1
2756,0,0,1,3,0
2757,2,0,1,0,1
2758,0,0,1,3,0
2759,0,0,1,3,1
2760,0,0,1,3,1
2761,2,0,1,0,0
2762,3,0,0,2,1
2763,1,0,2,1,1
2764,0,0,1,3,0
2765,2,0,0,0,1
2766,1,0,2,1,1
2767,0,0,1,3,1
2768,2,0,0,0,1
2769,1,0,2,1,0
2770,2,0,0,0,1
2771,3,0,0,2,0
2772,2,0,1,0,1
2773,1,0,2,1,0
2774,3,0,2,2,0
2775,3,0,2,2,1
2776,1,0,2,1,0
2777,1,0,2,1,0
2778,1,0,2,1,0
2779,3,0,2,2,0
2780,3,0,2,2,1
2781,2,0,0,0,1
2782,3,0,0,2,0
2783,1,0,2,1,0
2784,1,0,2,1,1
2785,0,0,1,3,1
2786,3,0,0,2,0
2787,3,0,0,2,1
2788,0,0,1,3,0
2789,2,0,0,0,1
2790,2,0,0,0,0
2791,1,0,0,1,1
2792,2,0,0,0,0
2793,3,0,0,2,0
2794,3,0,2,2,0
2795,3,0,1,2,1
2796,3,0,2,2,0
2797,1,0,2,1,0
2798,2,0,0,0,0
2799,2,0,0,0,1
2800,3,0,2,2,1
2801,3,0,0,2,1
2802,1,0,2,1,1
2803,3,0,0,2,0
2804,1,0,2,1,1
2805,0,0,0,3,0
2806,0,0,1,3,1
2807,3,0,2,2,1
2808,1,0,2,1,0
2809,3,0,2,2,1
2810,1,0,2,1,0
2811,0,0,1,3,1
2812,1,0,2,1,1
2813,2,0,0,0,0
2814,0,0,1,3,1
2815,1,0,2,1,1
2816,0,0,1,3,1
2817,2,0,1,0,0
2818,0,0,1,3,1
2819,3,0,0,2,0
2820,1,0,2,1,1
2821,2,0,0,0,1
2822,1,0,2,1,0
2823,1,0,2,1,0
2824,1,0,2,1,0
2825,2,0,0,0,1
2826,3,0,0,2,1
2827,1,0,2,1,1
2828,1,0,2,1,0
2829,0,0,1,3,1
2830,3,0,0,2,1
2831,3,0,2,2,0
2832,2,0,0,0,1
2833,3,0,1,2,1
2834,2,0,0,0,1
2835,3,0,1,2,0
2836,0,0,1,3,0
2837,2,0,0,0,0
2838,2,0,0,0,1
2839,1,0,0,1,0
2840,0,0,1,3,0
2841,3,0,2,2,0
2842,3,0,2,2,0
2843,1,0,0,1,1
2844,1,0,2,1,0
2845,2,0,0,0,1
2846,0,0,1,3,1
2847,2,0,0,0,1
2848,2,0,1,0,1
2849,2,0,0,0,1
2850,0,0,1,3,1
2851,3,0,0,2,0
2852,1,0,0,1,0
2853,1,0,2,1,0
2854,2,0,0,0,0
2855,1,0,2,1,0
2856,1,0,0,1,0
2857,1,0,2,1,1
2858,1,0,2,1,0
2859,2,0,0,0,1
2860,2,0,0,0,1
2861,1,0,0,1,0
2862,0,0,1,3,0
2863,1,0,2,1,0
2864,1,0,2,1,0
2865,3,0,2,2,0
2866,2,0,1,0,1
2867,2,0,1,0,1
2868,0,0,1,3,1
2869,0,0,1,3,0
2870,1,0,2,1,0
2871,1,0,2,1,0
2872,2,0,0,0,0
2873,3,0,0,2,0
2874,3,0,1,2,0
2875,2,0,1,0,1
2876,1,0,2,1,0
2877,1,0,2,1,0
2878,2,0,0,0,0
2879,2,0,0,0,1
2880,1,0,2,1,1
2881,3,0,2,2,1
2882,1,0,2,1,1
2883,1,0,2,1,1
2884,1,0,0,1,0
2885,0,0,1,3,1
2886,1,0,2,1,1
2887,2,0,0,0,1
2888,0,0,1,3,0
2889,1,0,2,1,0
2890,0,0,0,3,1
2891,3,0,2,2,0
2892,2,0,1,0,1
2893,3,0,0,2,0
2894,2,0,0,0,0
2895,2,0,1,0,1
2896,1,0,2,1,1
2897,3,0,0,2,0
2898,1,0,2,1,0
2899,1,0,2,1,0
2900,3,0,0,2,0
2901,2,0,0,0,1
2902,2,0,0,0,1
2903,3,0,1,2,0
2904,1,0,2,1,0
2905,0,0,1,3,1
2906,2,0,1,0,1
2907,2,0,0,0,1
2908,1,0,2,1,0
2909,2,0,1,0,0
2910,1,0,2,1,0
2911,0,0,0,3,0
2912,0,0,1,3,1
2913,1,0,2,1,0
2914,1,0,2,1,0
2915,3,0,2,2,0
2916,1,0,2,1,1
2917,1,0,2,1,0
2918,1,0,2,1,0
2919,1,0,2,1,1
2920,1,0,2,1,0
2921,3,0,1,2,0
2922,3,0,0,2,1
2923,3,0,2,2,0
2924,0,0,1,3,0
2925,3,0,0,2,0
2926,2,0,0,0,1
2927,1,0,2,1,0
2928,3,0,2,2,0
2929,2,0,1,0,1
2930,0,0,1,3,0
2931,2,0,0,0,0
2932,0,0,1,3,0
2933,3,0,1,2,0
2934,3,0,2,2,0
2935,2,0,1,0,0
2936,0,0,1,3,0
2937,2,0,1,0,1
2938,1,0,2,1,1
2939,2,0,0,0,0
2940,2,0,1,0,0
2941,0,0,1,3,1
2942,3,0,2,2,0
2943,2,0,2,0,0
2944,3,0,1,2,0
2945,0,0,1,3,1
2946,1,0,0,1,0
2947,3,0,2,2,1
2948,1,0,2,1,0
2949,1,0,2,1,1
2950,1,0,2,1,0
2951,1,0,2,1,1
2952,0,0,1,3,1
2953,3,0,1,2,1
2954,2,0,2,0,0
2955,2,0,0,0,1
2956,1,0,0,1,0
2957,3,0,2,2,0
2958,3,0,2,2,1
2959,1,0,2,1,0
2960,0,0,1,3,1
2961,2,0,0,0,0
2962,3,0,2,2,0
2963,3,0,0,2,0
2964,2,0,1,0,0
2965,0,0,1,3,0
2966,0,0,1,3,1
2967,0,0,1,3,1
2968,0,0,1,3,1
2969,2,0,0,0,1
2970,3,0,1,2,0
2971,3,0,0,2,1
2972,2,0,0,0,1
2973,1,0,2,1,0
2974,3,0,0,2,1
2975,1,0,0,1,0
2976,2,0,0,0,1
2977,2,0,0,0,0
2978,0,0,1,3,1
2979,0,0,1,3,0
2980,3,0,2,2,1
2981,3,0,0,2,1
2982,2,0,0,0,1
2983,1,0,2,1,0
2984,1,0,2,1,0
2985,2,0,1,0,1
2986,1,0,2,1,0
2987,1,0,2,1,0
2988,3,0,0,2,0
2989,0,0,1,3,0
2990,2,0,1,0,1
2991,3,0,0,2,0
2992,1,0,2,1,0
2993,2,0,0,0,1
2994,2,0,0,0,0
2995,3,0,2,2,0
2996,1,0,2,1,1
2997,1,0,2,1,0
2998,2,0,0,0,1
2999,0,0,0,3,0
3000,1,0,2,1,0
3001,3,0,2,2,0
3002,2,0,0,0,1
3003,0,0,1,3,0
3004,0,0,1,3,1
3005,1,0,2,1,1
3006,0,0,1,3,1
3007,1,0,2,1,1
3008,1,0,2,1,1
3009,2,0,0,0,1
3010,0,0,1,3,1
3011,3,0,0,2,0
3012,3,0,0,2,1
3013,1,0,2,1,0
3014,1,0,2,1,1
3015,3,0,0,2,0
3016,1,0,2,1,1
3017,1,0,2,1,0
3018,1,0,2,1,0
3019,3,0,2,2,1
3020,1,0,0,1,0
3021,0,0,1,3,1
3022,2,0,0,0,1
3023,2,0,0,0,0
3024,2,0,0,0,1
3025,2,0,0,0,0
3026,0,0,1,3,1
3027,0,0,0,3,0
3028,1,0,2,1,1
3029,0,0,1,3,1
3030,0,0,1,3,1
3031,2,0,0,0,0
3032,0,0,1,3,1
3033,0,0,1,3,1
3034,3,0,0,2,0
3035,0,0,1,3,0
3036,2,0,2,0,0
3037,3,0,0,2,0
3038,2,0,1,0,1
3039,0,0,1,3,0
3040,3,0,2,2,1
3041,0,0,1,3,0
3042,1,0,2,1,1
3043,2,0,1,0,1
3044,1,0,2,1,0
3045,1,0,0,1,0
3046,1,0,2,1,0
3047,3,0,2,2,1
3048,1,0,0,1,0
3049,0,0,1,3,1
3050,2,0,0,0,1
3051,2,0,1,0,1
3052,0,0,1,3,1
3053,0,0,1,3,0
3054,1,0,2,1,0
3055,0,0,1,3,1
3056,1,0,2,1,0
3057,1,0,2,1,0
3058,0,0,1,3,0
3059,0,0,1,3,1
3060,1,0,2,1,0
3061,0,0,0,3,0
3062,3,0,0,2,0
3063,1,0,2,1,1
3064,1,0,2,1,0
3065,0,0,1,3,0
3066,3,0,0,2,0
3067,0,0,1,3,0
3068,2,0,0,0,1
3069,2,0,1,0,0
3070,0,0,1,3,1
3071,2,0,1,0,1
3072,2,0,0,0,0
3073,1,0,0,1,0
3074,2,0,1,0,0
3075,1,0,2,1,0
3076,1,0,2,1,0
3077,3,0,2,2,0
3078,2,0,1,0,1
3079,1,0,0,1,1
3080,3,0,2,2,1
3081,3,0,0,2,1
3082,2,0,0,0,0
3083,3,0,2,2,0
3084,0,0,1,3,1
3085,0,0,1,3,0
3086,1,0,2,1,0
3087,3,0,0,2,0
3088,2,0,0,0,1
3089,1,0,0,1,1
3090,1,0,2,1,0
3091,3,0,0,2,1
3092,0,0,1,3,1
3093,2,0,0,0,1
3094,2,0,0,0,1
3095,0,0,1,3,1
3096,3,0,0,2,0
3097,0,0,1,3,1
3098,1,0,2,1,0
3099,0,0,1,3,0
3100,0,0,1,3,1
3101,2,0,1,0,1
3102,0,0,1,3,1
3103,0,0,1,3,0
3104,3,0,1,2,1
3105,1,0,2,1,1
3106,1,0,2,1,0
3107,0,0,1,3,1
3108,0,0,1,3,0
3109,0,0,1,3,1
3110,3,0,0,2,0
3111,2,0,0,0,1
3112,1,0,2,1,0
3113,1,0,0,1,0
3114,3,0,0,2,1
3115,3,0,2,2,0
3116,0,0,1,3,1
3117,2,0,0,0,1
3118,1,0,2,1,1
3119,1,0,2,1,1
3120,2,0,0,0,0
3121,3,0,2,2,1
3122,0,0,1,3,1
3123,0,0,1,3,1
3124,3,0,0,2,0
3125,3,0,0,2,0
3126,1,0,2,1,1
3127,0,0,1,3,1
3128,3,0,0,2,1
3129,2,0,1,0,1
3130,0,0,1,3,0
3131,2,0,0,0,1
3132,3,0,2,2,1
3133,2,0,1,0,0
3134,0,0,1,3,0
3135,0,0,1,3,0
3136,0,0,1,3,1
3137,1,0,2,1,0
3138,1,0,2,1,0
3139,1,0,2,1,0
3140,2,0,1,0,1
3141,0,0,1,3,1
3142,3,0,2,2,1
3143,1,0,2,1,0
3144,3,0,1,2,0
3145,2,0,0,0,1
3146,1,0,2,1,1
3147,3,0,0,2,0
3148,1,0,2,1,1
3149,1,0,2,1,0
3150,2,0,0,0,0
3151,2,0,0,0,0
3152,3,0,0,2,1
3153,1,0,2,1,0
3154,0,0,1,3,0
3155,2,0,0,0,1
3156,3,0,2,2,1
3157,1,0,2,1,1
3158,1,0,2,1,1
3159,1,0,2,1,0
3160,0,0,1,3,1
3161,3,0,0,2,0
3162,1,0,2,1,0
3163,1,0,2,1,0
3164,1,0,0,1,0
3165,1,0,2,1,0
3166,3,0,0,2,1
3167,2,0,1,0,1
3168,2,0,0,0,1
3169,0,0,1,3,1
3170,2,0,0,0,1
3171,0,0,1,3,1
3172,2,0,0,0,0
3173,1,0,2,1,0
3174,1,0,2,1,1
3175,2,0,0,0,1
3176,1,0,0,1,0
3177,1,0,2,1,0
3178,2,0,0,0,1
3179,0,0,1,3,1
3180,2,0,0,0,1
3181,1,0,2,1,1
3182,0,0,0,3,1
3183,0,0,1,3,0
3184,2,0,1,0,1
3185,3,0,2,2,1
3186,3,0,2,2,1
3187,1,0,2,1,0
3188,2,0,1,0,1
3189,2,0,1,0,1
3190,1,0,2,1,0
3191,3,0,0,2,0
3192,3,0,0,2,1
3193,0,0,1,3,1
3194,3,0,1,2,0
3195,2,0,1,0,0
3196,0,0,1,3,1
3197,1,0,2,1,0
3198,3,0,0,2,0
3199,2,0,1,0,1
3200,0,0,1,3,0
3201,0,0,1,3,1
3202,3,0,2,2,1
3203,0,0,1,3,0
3204,1,0,2,1,0
3205,2,0,1,0,1
3206,2,0,1,0,1
3207,2,0,0,0,1
3208,2,0,0,0,0
3209,1,0,2,1,0
3210,2,0,0,0,0
3211,0,0,0,3,1
3212,2,0,2,0,0
3213,3,0,2,2,0
3214,3,0,0,2,0
3215,2,0,1,0,1
3216,1,0,2,1,1
3217,0,0,1,3,1
3218,2,0,0,0,1
3219,2,0,0,0,1
3220,2,0,1,0,0
3221,2,0,1,0,1
3222,1,0,2,1,1
3223,0,0,1,3,1
3224,0,0,1,3,1
3225,2,0,0,0,0
3226,3,0,0,2,0
3227,1,0,2,1,1
3228,3,0,0,2,1
3229,2,0,1,0,0
3230,3,0,0,2,0
3231,3,0,0,2,0
3232,2,0,2,0,1
3233,0,0,1,3,1
3234,0,0,1,3,0
3235,2,0,0,0,1
3236,2,0,0,0,0
3237,0,0,0,3,1
3238,2,0,1,0,1
3239,0,0,1,3,0
3240,2,0,1,0,1
3241,3,0,0,2,0
3242,2,0,1,0,1
3243,3,0,0,2,1
3244,1,0,2,1,0
3245,3,0,0,2,0
3246,1,0,2,1,0
3247,0,0,1,3,0
3248,1,0,2,1,1
3249,1,0,2,1,1
3250,1,0,0,1,1
3251,0,0,1,3,0
3252,1,0,2,1,1
3253,1,0,2,1,0
3254,3,0,2,2,1
3255,0,0,1,3,0
3256,0,0,0,3,0
3257,1,0,2,1,0
3258,2,0,0,0,1
3259,1,0,2,1,0
3260,2,0,0,0,0
3261,1,0,2,1,0
3262,2,0,0,0,1
3263,2,0,0,0,1
3264,1,0,0,1,1
3265,2,0,0,0,0
3266,1,0,2,1,1
3267,3,0,2,2,0
3268,2,0,0,0,0
3269,0,0,0,3,0
3270,2,0,1,0,1
3271,0,0,1,3,0
3272,3,0,0,2,0
3273,3,0,2,2,1
3274,3,0,1,2,1
3275,1,0,0,1,0
3276,0,0,1,3,0
3277,2,0,1,0,1
3278,2,0,0,0,1
3279,1,0,2,1,0
3280,3,0,0,2,0
3281,3,0,0,2,1
3282,3,0,0,2,0
3283,3,0,0,2,0
3284,2,0,0,0,1
3285,0,0,1,3,1
3286,1,0,2,1,0
3287,1,0,0,1,0
3288,3,0,0,2,1
3289,1,0,2,1,1
3290,2,0,0,0,0
3291,2,0,0,0,0
3292,2,0,1,0,1
3293,3,0,1,2,0
3294,0,0,0,3,0
3295,3,0,2,2,0
3296,2,0,0,0,1
3297,0,0,1,3,1
3298,3,0,1,2,1
3299,2,0,0,0,1
3300,3,0,1,2,0
3301,1,0,2,1,0
3302,3,0,2,2,0
3303,1,0,2,1,1
3304,0,0,1,3,0
3305,1,0,2,1,1
3306,1,0,2,1,0
3307,3,0,2,2,0
3308,0,0,1,3,0
3309,1,0,2,1,1
3310,2,0,1,0,1
3311,2,0,0,0,1
3312,3,0,1,2,0
3313,3,0,0,2,1
3314,1,0,2,1,0
3315,2,0,1,0,1
3316,1,0,2,1,1
3317,0,0,1,3,1
3318,0,0,0,3,1
3319,1,0,2,1,0
3320,2,0,1,0,1
3321,2,0,0,0,1
3322,3,0,0,2,0
3323,2,0,1,0,1
3324,1,0,2,1,1
3325,2,0,0,0,1
3326,2,0,1,0,0
3327,1,0,2,1,0
3328,3,0,2,2,1
3329,1,0,0,1,0
3330,0,0,1,3,1
3331,0,0,1,3,1
3332,3,0,0,2,0
3333,1,0,2,1,1
3334,3,0,0,2,0
3335,3,0,2,2,1
3336,3,0,0,2,0
3337,0,0,0,3,0
3338,2,0,1,0,1
3339,0,0,1,3,1
3340,2,0,0,0,1
3341,3,0,1,2,0
3342,2,0,0,0,1
3343,1,0,2,1,0
3344,2,0,2,0,0
3345,2,0,2,0,1
3346,3,0,0,2,1
3347,2,0,0,0,0
3348,1,0,0,1,0
3349,0,0,1,3,0
3350,2,0,0,0,1
3351,2,0,0,0,1
3352,3,0,1,2,1
3353,2,0,0,0,0
3354,3,0,2,2,1
3355,1,0,2,1,0
3356,3,0,1,2,0
3357,2,0,0,0,1
3358,3,0,0,2,1
3359,3,0,2,2,1
3360,2,0,0,0,1
3361,3,0,1,2,0
3362,2,0,0,0,1
3363,1,0,2,1,1
3364,1,0,2,1,1
3365,0,0,0,3,0
3366,2,0,0,0,1
3367,2,0,1,0,1
3368,2,0,1,0,1
3369,2,0,0,0,1
3370,3,0,2,2,1
3371,3,0,2,2,1
3372,2,0,0,0,1
3373,3,0,1,2,0
3374,2,0,1,0,1
3375,3,0,2,2,1
3376,0,0,1,3,1
3377,1,0,2,1,0
3378,3,0,0,2,1
3379,0,0,0,3,0
3380,3,0,0,2,0
3381,3,0,2,2,0
3382,3,0,0,2,0
3383,2,0,0,0,1
3384,0,0,1,3,0
3385,3,0,0,2,1
3386,2,0,1,0,0
3387,3,0,2,2,1
3388,0,0,1,3,0
3389,1,0,2,1,1
3390,1,0,2,1,0
3391,3,0,0,2,1
3392,1,0,2,1,1
3393,1,0,2,1,0
3394,1,0,2,1,0
3395,1,0,2,1,0
3396,0,0,1,3,1
3397,3,0,0,2,0
3398,0,0,1,3,0
3399,2,0,0,0,1
3400,3,0,1,2,0
3401,3,0,0,2,0
3402,3,0,2,2,0
3403,0,0,1,3,0
3404,2,0,0,0,1
3405,1,0,2,1,1
3406,2,0,0,0,1
3407,1,0,0,1,0
3408,2,0,0,0,1
3409,2,0,0,0,0
3410,0,0,1,3,1
3411,3,0,0,2,0
3412,0,0,1,3,0
3413,2,0,1,0,1
3414,2,0,1,0,1
3415,3,0,0,2,0
3416,2,0,2,0,1
3417,2,0,0,0,1
3418,3,0,0,2,0
3419,3,0,0,2,1
3420,1,0,2,1,0
3421,1,0,0,1,1
3422,2,0,0,0,1
3423,0,0,1,3,0
3424,0,0,1,3,0
3425,3,0,2,2,0
3426,2,0,0,0,1
3427,0,0,1,3,0
3428,3,0,0,2,0
3429,0,0,1,3,1
3430,3,0,2,2,0
3431,0,0,1,3,1
3432,0,0,1,3,0
3433,2,0,0,0,0
3434,2,0,0,0,0
3435,0,0,1,3,0
3436,2,0,0,0,1
3437,2,0,1,0,1
3438,2,0,1,0,0
3439,2,0,0,0,1
3440,2,0,2,0,0
3441,0,0,1,3,1
3442,3,0,1,2,1
3443,1,0,0,1,1
3444,0,0,1,3,1
3445,2,0,1,0,0
3446,0,0,1,3,0
3447,2,0,0,0,0
3448,0,0,0,3,1
3449,2,0,0,0,1
3450,3,0,0,2,0
3451,0,0,1,3,0
3452,2,0,1,0,1
3453,1,0,0,1,0
3454,1,0,0,1,1
3455,2,0,1,0,1
3456,2,0,0,0,1
3457,3,0,1,2,0
3458,2,0,0,0,1
3459,2,0,0,0,1
3460,2,0,1,0,1
3461,2,0,0,0,1
3462,2,0,2,0,0
3463,1,0,2,1,0
3464,2,0,0,0,1
3465,1,0,2,1,0
3466,3,0,0,2,1
3467,3,0,0,2,0
3468,2,0,0,0,1
3469,2,0,0,0,1
3470,3,0,2,2,1
3471,2,0,1,0,0
3472,1,0,0,1,1
3473,3,0,2,2,0
3474,2,0,0,0,1
3475,1,0,2,1,0
3476,2,0,1,0,1
3477,1,0,2,1,1
3478,2,0,1,0,1
3479,2,0,0,0,0
3480,3,0,0,2,1
3481,3,0,1,2,0
3482,0,0,1,3,1
3483,3,0,1,2,0
3484,1,0,2,1,0
3485,2,0,1,0,1
3486,2,0,0,0,1
3487,2,0,0,0,1
3488,1,0,2,1,0
3489,1,0,2,1,1
3490,1,0,0,1,1
3491,0,0,1,3,1
3492,2,0,0,0,1
3493,2,0,0,0,0
3494,0,0,1,3,1
3495,3,0,2,2,0
3496,0,0,1,3,0
3497,3,0,1,2,0
3498,3,0,0,2,0
3499,0,0,1,3,0
3500,3,0,2,2,1
3501,2,0,0,0,1
3502,0,0,1,3,0
3503,3,0,0,2,0
3504,3,0,0,2,1
3505,3,0,1,2,0
3506,1,0,2,1,1
3507,0,0,1,3,0
3508,1,0,2,1,1
3509,3,0,1,2,0
3510,2,0,1,0,1
3511,3,0,2,2,1
3512,1,0,2,1,0
3513,2,0,1,0,1
3514,2,0,0,0,0
3515,0,0,1,3,1
3516,1,0,2,1,0
3517,2,0,0,0,1
3518,0,0,1,3,1
3519,3,0,0,2,1
3520,1,0,2,1,0
3521,0,0,0,3,1
3522,3,0,0,2,1
3523,2,0,0,0,1
3524,2,0,0,0,1
3525,2,0,1,0,1
3526,2,0,1,0,1
3527,3,0,0,2,1
3528,3,0,0,2,1
3529,3,0,2,2,1
3530,0,0,1,3,1
3531,0,0,1,3,1
3532,0,0,1,3,0
3533,0,0,1,3,1
3534,2,0,0,0,1
3535,3,0,2,2,1
3536,3,0,0,2,0
3537,0,0,1,3,0
3538,0,0,1,3,0
3539,0,0,1,3,1
3540,2,0,0,0,1
3541,0,0,1,3,0
3542,2,0,1,0,1
3543,2,0,1,0,0
3544,1,0,2,1,0
3545,0,0,1,3,1
3546,1,0,2,1,0
3547,0,0,1,3,0
3548,2,0,2,0,1
3549,2,0,0,0,1
3550,1,0,2,1,0
3551,2,0,0,0,0
3552,2,0,0,0,0
3553,2,0,0,0,1
3554,2,0,1,0,1
3555,1,0,2,1,1
3556,0,0,1,3,1
3557,1,0,2,1,0
3558,0,0,1,3,0
3559,1,0,0,1,0
3560,1,0,2,1,1
3561,3,0,0,2,0
3562,0,0,1,3,1
3563,3,0,2,2,0
3564,3,0,1,2,1
3565,2,0,0,0,1
3566,3,0,0,2,0
3567,3,0,1,2,0
3568,0,0,1,3,0
3569,3,0,1,2,1
3570,0,0,0,3,1
3571,2,0,1,0,0
3572,3,0,0,2,0
3573,2,0,0,0,0
3574,0,0,1,3,0
3575,2,0,0,0,0
3576,2,0,1,0,0
3577,3,0,0,2,0
3578,0,0,1,3,0
3579,2,0,1,0,1
3580,0,0,1,3,0
3581,2,0,1,0,1
3582,3,0,2,2,0
3583,1,0,2,1,1
3584,0,0,1,3,1
3585,0,0,1,3,1
3586,2,0,1,0,0
3587,2,0,0,0,1
3588,1,0,2,1,1
3589,0,0,1,3,1
3590,3,0,0,2,0
3591,3,0,1,2,1
3592,0,0,1,3,1
3593,2,0,0,0,1
3594,2,0,0,0,0
3595,1,0,2,1,0
3596,1,0,2,1,0
3597,3,0,2,2,1
3598,0,0,1,3,1
3599,2,0,0,0,1
3600,2,0,0,0,1
3601,0,0,1,3,1
3602,2,0,0,0,0
3603,1,0,2,1,1
3604,1,0,2,1,0
3605,3,0,0,2,0
3606,0,1,1,3,1
3607,2,0,1,0,1
3608,1,0,2,1,1
3609,3,0,0,2,1
3610,0,0,1,3,1
3611,2,0,0,0,1
3612,0,0,1,3,0
3613,1,0,2,1,0
3614,2,0,1,0,0
3615,1,0,2,1,0
3616,1,0,2,1,0
3617,3,0,0,2,1
3618,2,0,0,0,1
3619,0,0,1,3,1
3620,0,0,1,3,1
3621,3,0,0,2,0
3622,2,0,1,0,1
3623,2,0,0,0,0
3624,3,0,0,2,0
3625,3,0,2,2,1
3626,2,0,1,0,1
3627,3,0,2,2,1
3628,0,0,1,3,1
3629,3,0,1,2,0
3630,0,0,1,3,1
3631,3,0,1,2,0
3632,0,0,1,3,1
3633,2,0,0,0,1
3634,2,0,1,0,0
3635,0,0,1,3,1
3636,2,0,1,0,1
3637,1,0,2,1,0
3638,3,0,0,2,0
3639,0,0,1,3,1
3640,3,0,2,2,0
3641,2,0,0,0,1
3642,3,0,0,2,1
3643,0,0,1,3,0
3644,0,0,1,3,0
3645,2,0,0,0,1
3646,2,0,1,0,0
3647,3,0,1,2,0
3648,0,0,1,3,0
3649,3,0,0,2,1
3650,1,0,2,1,0
3651,2,0,0,0,1
3652,2,0,1,0,0
3653,3,0,2,2,0
3654,0,0,1,3,1
3655,1,0,2,1,1
3656,0,0,1,3,1
3657,1,0,0,1,0
3658,1,0,2,1,0
3659,3,0,2,2,0
3660,0,0,1,3,0
3661,1,0,2,1,0
3662,1,0,2,1,0
3663,2,0,1,0,1
3664,3,0,1,2,0
3665,1,0,2,1,1
3666,2,0,2,0,0
3667,0,0,1,3,0
3668,3,0,0,2,1
3669,2,0,1,0,1
3670,1,0,2,1,1
3671,0,0,1,3,0
3672,0,0,0,3,1
3673,0,0,1,3,0
3674,3,0,1,2,1
3675,2,0,0,0,0
3676,0,0,1,3,0
3677,2,0,1,0,1
3678,3,0,2,2,1
3679,1,0,0,1,0
3680,1,0,2,1,0
3681,3,0,0,2,0
3682,1,0,2,1,0
3683,0,0,1,3,1
3684,1,0,2,1,0
3685,1,0,2,1,0
3686,0,0,1,3,1
3687,3,0,1,2,0
3688,2,0,0,0,1
3689,3,0,0,2,1
3690,2,0,0,0,1
3691,2,0,1,0,0
3692,3,0,0,2,1
3693,2,0,0,0,1
3694,1,0,2,1,0
3695,3,0,0,2,1
3696,3,0,1,2,1
3697,3,0,0,2,0
3698,1,0,0,1,1
3699,2,0,0,0,1
3700,0,0,1,3,1
3701,2,0,1,0,1
3702,1,0,2,1,1
3703,0,0,1,3,1
3704,3,0,0,2,0
3705,1,0,2,1,0
3706,3,0,2,2,1
3707,1,0,2,1,1
3708,1,0,2,1,1
3709,1,0,2,1,1
3710,1,0,2,1,0
3711,1,0,2,1,1
3712,3,0,0,2,1
3713,0,0,1,3,1
3714,0,0,1,3,1
3715,2,0,0,0,1
3716,3,0,0,2,0
3717,1,0,2,1,0
3718,0,0,1,3,1
3719,3,0,0,2,1
3720,1,0,2,1,1
3721,2,0,1,0,1
3722,3,0,0,2,1
3723,0,0,1,3,0
3724,2,0,1,0,1
3725,2,0,0,0,1
3726,0,0,1,3,0
3727,3,0,2,2,0
3728,0,0,1,3,1
3729,1,0,2,1,0
3730,3,0,0,2,1
3731,2,0,0,0,0
3732,2,0,2,0,1
3733,2,0,0,0,0
3734,2,0,1,0,1
3735,0,0,1,3,1
3736,0,0,0,3,0
3737,0,0,1,3,0
3738,0,0,1,3,0
3739,1,0,2,1,1
3740,2,0,0,0,1
3741,2,0,1,0,0
3742,0,0,1,3,0
3743,3,0,2,2,0
3744,3,0,2,2,0
3745,3,0,2,2,1
3746,2,0,0,0,1
3747,0,0,1,3,1
3748,3,0,1,2,0
3749,3,0,2,2,1
3750,3,0,2,2,0
