k,pairwise_ari
2,0.998879146696343
2,0.998879146696343
2,1.0
2,0.9977591513435343
2,0.9955217315237213
2,0.998879146696343
2,0.9932877346172951
2,0.998879146696343
2,0.998879146696343
2,0.998879146696343
2,0.9921720179100432
2,0.9944043055759012
2,0.9955217315237213
2,0.9955217315237213
2,0.9921720179100432
2,0.998879146696343
2,0.9932877346172951
2,0.998879146696343
2,0.998879146696343
2,0.998879146696343
2,0.998879146696343
2,1.0
2,0.9966400131996331
2,0.9966400131996331
2,0.9955217315237213
2,0.9932877346172951
2,0.998879146696343
2,0.9977591513435343
2,0.998879146696343
2,1.0
2,0.998879146696343
2,0.9988794064548219
2,0.9966407890451398
2,1.0
2,0.9944055929531237
2,1.0
2,1.0
2,1.0
2,0.993289276058838
2,0.9955227637031576
2,0.9966407890451398
2,0.9966407890451398
2,0.993289276058838
2,1.0
2,0.9944055929531237
2,1.0
2,1.0
2,1.0
2,1.0
2,0.998879146696343
2,0.9977596697162844
2,0.9977596697162844
2,0.9966407890451398
2,0.9944055929531237
2,1.0
2,0.9988794064548219
2,1.0
2,0.998879146696343
2,0.9988794064548219
2,0.9966407890451398
2,1.0
2,0.9944055929531237
2,1.0
2,1.0
2,1.0
2,0.993289276058838
2,0.9955227637031576
2,0.9966407890451398
2,0.9966407890451398
2,0.993289276058838
2,1.0
2,0.9944055929531237
2,1.0
2,1.0
2,1.0
2,1.0
2,0.998879146696343
2,0.9977596697162844
2,0.9977596697162844
2,0.9966407890451398
2,0.9944055929531237
2,1.0
2,0.9988794064548219
2,1.0
2,0.9977591513435343
2,0.9955217315237213
2,0.998879146696343
2,0.9932877346172951
2,0.998879146696343
2,0.998879146696343
2,0.998879146696343
2,0.9921720179100432
2,0.9944043055759012
2,0.9955217315237213
2,0.9955217315237213
2,0.9921720179100432
2,0.998879146696343
2,0.9932877346172951
2,0.998879146696343
2,0.998879146696343
2,0.998879146696343
2,0.998879146696343
2,1.0
2,0.9966400131996331
2,0.9966400131996331
2,0.9955217315237213
2,0.9932877346172951
2,0.998879146696343
2,0.9977591513435343
2,0.998879146696343
2,0.9977601860838854
2,0.9988794064548219
2,0.9955237918876777
2,0.9988794064548219
2,0.9988794064548219
2,0.9988794064548219
2,0.9944068753462891
2,0.9966415618886959
2,0.9977601860838854
2,0.9977601860838854
2,0.9944068753462891
2,0.9988794064548219
2,0.9955237918876777
2,0.9988794064548219
2,0.9988794064548219
2,0.9988794064548219
2,0.9988794064548219
2,0.9977591513435343
2,0.9988796652087985
2,0.9988796652087985
2,0.9977601860838854
2,0.9955237918876777
2,0.9988794064548219
2,0.9977596694214432
2,0.9988794064548219
2,0.9966407890451398
2,0.9977612128300922
2,0.9966407890451398
2,0.9966407890451398
2,0.9966407890451398
2,0.9966430986095532
2,0.998880179716498
2,1.0
2,1.0
2,0.9966430986095532
2,0.9966407890451398
2,0.9977612128300922
2,0.9966407890451398
2,0.9966407890451398
2,0.9966407890451398
2,0.9966407890451398
2,0.9955217315237213
2,0.998879922961589
2,0.998879922961589
2,0.9977607001597231
2,0.9977612128300922
2,0.9966407890451398
2,0.9977601860838854
2,0.9966407890451398
2,0.9944055929531237
2,1.0
2,1.0
2,1.0
2,0.993289276058838
2,0.9955227637031576
2,0.9966407890451398
2,0.9966407890451398
2,0.993289276058838
2,1.0
2,0.9944055929531237
2,1.0
2,1.0
2,1.0
2,1.0
2,0.998879146696343
2,0.9977596697162844
2,0.9977596697162844
2,0.9966407890451398
2,0.9944055929531237
2,1.0
2,0.9988794064548219
2,1.0
2,0.9944055929531237
2,0.9944055929531237
2,0.9944055929531237
2,0.9988806902458293
2,0.9988804354768178
2,0.9977612128300922
2,0.9977612128300922
2,0.9988806902458293
2,0.9944055929531237
2,1.0
2,0.9944055929531237
2,0.9944055929531237
2,0.9944055929531237
2,0.9944055929531237
2,0.9932877346172951
2,0.9966423317402098
2,0.9966423317402098
2,0.9977612128300922
2,1.0
2,0.9944055929531237
2,0.9955237918876777
2,0.9944055929531237
2,1.0
2,1.0
2,0.993289276058838
2,0.9955227637031576
2,0.9966407890451398
2,0.9966407890451398
2,0.993289276058838
2,1.0
2,0.9944055929531237
2,1.0
2,1.0
2,1.0
2,1.0
2,0.998879146696343
2,0.9977596697162844
2,0.9977596697162844
2,0.9966407890451398
2,0.9944055929531237
2,1.0
2,0.9988794064548219
2,1.0
2,1.0
2,0.993289276058838
2,0.9955227637031576
2,0.9966407890451398
2,0.9966407890451398
2,0.993289276058838
2,1.0
2,0.9944055929531237
2,1.0
2,1.0
2,1.0
2,1.0
2,0.998879146696343
2,0.9977596697162844
2,0.9977596697162844
2,0.9966407890451398
2,0.9944055929531237
2,1.0
2,0.9988794064548219
2,1.0
2,0.993289276058838
2,0.9955227637031576
2,0.9966407890451398
2,0.9966407890451398
2,0.993289276058838
2,1.0
2,0.9944055929531237
2,1.0
2,1.0
2,1.0
2,1.0
2,0.998879146696343
2,0.9977596697162844
2,0.9977596697162844
2,0.9966407890451398
2,0.9944055929531237
2,1.0
2,0.9988794064548219
2,1.0
2,0.9977617232218645
2,0.9966430986095532
2,0.9966430986095532
2,1.0
2,0.993289276058838
2,0.9988806902458293
2,0.993289276058838
2,0.993289276058838
2,0.993289276058838
2,0.993289276058838
2,0.9921720179100432
2,0.9955248160904646
2,0.9955248160904646
2,0.9966430986095532
2,0.9988806902458293
2,0.993289276058838
2,0.9944068753462891
2,0.993289276058838
2,0.998880179716498
2,0.998880179716498
2,0.9977617232218645
2,0.9955227637031576
2,0.9988804354768178
2,0.9955227637031576
2,0.9955227637031576
2,0.9955227637031576
2,0.9955227637031576
2,0.9944043055759012
2,0.9977607004529563
2,0.9977607004529563
2,0.998880179716498
2,0.9988804354768178
2,0.9955227637031576
2,0.9966415618886959
2,0.9955227637031576
2,1.0
2,0.9966430986095532
2,0.9966407890451398
2,0.9977612128300922
2,0.9966407890451398
2,0.9966407890451398
2,0.9966407890451398
2,0.9966407890451398
2,0.9955217315237213
2,0.998879922961589
2,0.998879922961589
2,0.9977607001597231
2,0.9977612128300922
2,0.9966407890451398
2,0.9977601860838854
2,0.9966407890451398
2,0.9966430986095532
2,0.9966407890451398
2,0.9977612128300922
2,0.9966407890451398
2,0.9966407890451398
2,0.9966407890451398
2,0.9966407890451398
2,0.9955217315237213
2,0.998879922961589
2,0.998879922961589
2,0.9977607001597231
2,0.9977612128300922
2,0.9966407890451398
2,0.9977601860838854
2,0.9966407890451398
2,0.993289276058838
2,0.9988806902458293
2,0.993289276058838
2,0.993289276058838
2,0.993289276058838
2,0.993289276058838
2,0.9921720179100432
2,0.9955248160904646
2,0.9955248160904646
2,0.9966430986095532
2,0.9988806902458293
2,0.993289276058838
2,0.9944068753462891
2,0.993289276058838
2,0.9944055929531237
2,1.0
2,1.0
2,1.0
2,1.0
2,0.998879146696343
2,0.9977596697162844
2,0.9977596697162844
2,0.9966407890451398
2,0.9944055929531237
2,1.0
2,0.9988794064548219
2,1.0
2,0.9944055929531237
2,0.9944055929531237
2,0.9944055929531237
2,0.9944055929531237
2,0.9932877346172951
2,0.9966423317402098
2,0.9966423317402098
2,0.9977612128300922
2,1.0
2,0.9944055929531237
2,0.9955237918876777
2,0.9944055929531237
2,1.0
2,1.0
2,1.0
2,0.998879146696343
2,0.9977596697162844
2,0.9977596697162844
2,0.9966407890451398
2,0.9944055929531237
2,1.0
2,0.9988794064548219
2,1.0
2,1.0
2,1.0
2,0.998879146696343
2,0.9977596697162844
2,0.9977596697162844
2,0.9966407890451398
2,0.9944055929531237
2,1.0
2,0.9988794064548219
2,1.0
2,1.0
2,0.998879146696343
2,0.9977596697162844
2,0.9977596697162844
2,0.9966407890451398
2,0.9944055929531237
2,1.0
2,0.9988794064548219
2,1.0
2,0.998879146696343
2,0.9977596697162844
2,0.9977596697162844
2,0.9966407890451398
2,0.9944055929531237
2,1.0
2,0.9988794064548219
2,1.0
2,0.9966400131996331
2,0.9966400131996331
2,0.9955217315237213
2,0.9932877346172951
2,0.998879146696343
2,0.9977591513435343
2,0.998879146696343
2,1.0
2,0.998879922961589
2,0.9966423317402098
2,0.9977596697162844
2,0.9966407881620611
2,0.9977596697162844
2,0.998879922961589
2,0.9966423317402098
2,0.9977596697162844
2,0.9966407881620611
2,0.9977596697162844
2,0.9977612128300922
2,0.9966407890451398
2,0.9955227619398872
2,0.9966407890451398
2,0.9944055929531237
2,0.9955237918876777
2,0.9944055929531237
2,0.9988794064548219
2,1.0
2,0.9988794064548219
3,0.9451407120903579
3,0.9443379516540962
3,0.9461012055039338
3,0.9460256035464368
3,0.9794884672795612
3,0.9375140874602617
3,0.6739555600472925
3,0.9544137580824876
3,0.9585939056286482
3,0.95697228654087
3,0.9720802871135409
3,0.5238925886047872
3,0.9639224686465155
3,0.9383297646864216
3,0.9512236208693823
3,0.952154704941643
3,0.9354884661735594
3,0.5354116331118615
3,0.9547089461502113
3,0.9588958719086845
3,0.524667000651552
3,0.9639299666286919
3,0.9263754236178433
3,0.9770036583886056
3,0.9427497959792644
3,0.9786672685700665
3,0.9582593544926122
3,0.9279386400944437
3,0.9944556402643643
3,0.9942585347933349
3,0.9957077559237983
3,0.9223764266370672
3,0.963472483239811
3,0.9839453270506757
3,0.6396539032465836
3,0.9877682785872056
3,0.980566336348374
3,0.9788553807119792
3,0.9675472843476084
3,0.5100447481495037
3,0.9737812523702386
3,0.9836688153968928
3,0.923730664109832
3,0.9890718194774221
3,0.9866132995477498
3,0.5131996433211408
3,0.9805063528584662
3,0.9732773335225378
3,0.5037496121270342
3,0.9734189620875502
3,0.9738696663989
3,0.9610334098490158
3,0.9882561384438397
3,0.9626474895694568
3,0.982120469514711
3,0.9715053500109726
3,0.947260799835678
3,0.9916402060016504
3,0.921519218022018
3,0.9626807233637702
3,0.9896239094476625
3,0.6383543286839994
3,0.9853602271484335
3,0.9798064432114973
3,0.9819366692614931
3,0.9667625572133621
3,0.5082635972894831
3,0.9730023487481647
3,0.9796208307858938
3,0.92287089804743
3,0.9883163390451596
3,0.9877637033834032
3,0.5114959239715576
3,0.9826273123512309
3,0.9763474481337582
3,0.5020461535906262
3,0.9764943650657328
3,0.9794768401167332
3,0.9602374229724066
3,0.9858479068426877
3,0.9602479186814052
3,0.9813507862083702
3,0.9771063353372231
3,0.9464581863330149
3,0.9233440627830398
3,0.9644384199536485
3,0.9813535138567788
3,0.6405921737355094
3,0.990385471328858
3,0.9798868035543337
3,0.9778991403868506
3,0.9685128121302622
3,0.5110047052679857
3,0.9737817599345225
3,0.983676730665955
3,0.9246993766274854
3,0.9864577898254334
3,0.9856670781561099
3,0.5141525213309321
3,0.9795502109317655
3,0.9706884544461674
3,0.5046963585175381
3,0.970827240944242
3,0.9713077012362046
3,0.9619995914535326
3,0.9899117167109132
3,0.965231920344384
3,0.9811557961643711
3,0.9689466248365414
3,0.9482221665914085
3,0.956007955389337
3,0.9163271290530222
3,0.693644952015055
3,0.9298721836178389
3,0.9370825212718534
3,0.9354954566029078
3,0.9519804748918661
3,0.5403020236171372
3,0.9455142776995967
3,0.9157100075331642
3,0.9775257363877984
3,0.9307787500020664
3,0.9129192157709531
3,0.5492414838938462
3,0.9348929137108498
3,0.9373618216343128
3,0.5390778962672539
3,0.9423222118192762
3,0.905335448890664
3,0.9600599232646212
3,0.9216018427932359
3,0.9506677217368366
3,0.9367654647318098
3,0.9068642661132261
3,0.9433317605597874
3,0.9557817243168274
3,0.664030881962466
3,0.9712492006955289
3,0.9755019293961431
3,0.9754995023874162
3,0.990813607665823
3,0.5235048239903883
3,0.9809048036017609
3,0.9565591069909507
3,0.9589897083646687
3,0.9689746385389211
3,0.9536787658363193
3,0.5298572730788123
3,0.9722242855934858
3,0.9748406105898378
3,0.5200760685409289
3,0.979926406601758
3,0.9445013645135325
3,0.9958130768426017
3,0.9610478897486211
3,0.9925022159446459
3,0.9735218235912666
3,0.9451537147758196
3,0.978347733596326
3,0.6340434148227666
3,0.9776980539750789
3,0.9764030657020212
3,0.9782397734198245
3,0.9598502160134418
3,0.5064046368888026
3,0.9686524518927255
3,0.9752754584227977
3,0.9176753028277155
3,0.9839326972061097
3,0.9840842433896653
3,0.5077032813319788
3,0.9805864608512865
3,0.9762162017266905
3,0.4982949526587297
3,0.972802488371296
3,0.9845513953479845
3,0.9533464484638614
3,0.9781901889655251
3,0.9533709904442208
3,0.9769775980946188
3,0.9821714420524462
3,0.9396273218956956
3,0.6458829422453468
3,0.6492608217564234
3,0.6481454981293906
3,0.6612772782963986
3,0.7184882019365826
3,0.6550912661582218
3,0.6350893971455461
3,0.692558179636377
3,0.6450032473312896
3,0.6330730356696281
3,0.7626291383403644
3,0.6480207247865433
3,0.6503336071490142
3,0.7558564538560566
3,0.652894055196807
3,0.6257201773656046
3,0.6656924984679258
3,0.6391461813640681
3,0.6642149722067863
3,0.650242602896833
3,0.6267377701467657
3,0.6712130692477888
3,0.9795226201137675
3,0.9848215411573908
3,0.9769907288613838
3,0.5148891436166864
3,0.9773634315452374
3,0.9816794709287172
3,0.9328079253103377
3,0.9818412025553083
3,0.976156021549951
3,0.517414983625826
3,0.9798791676143985
3,0.9759278275099758
3,0.5078789390485089
3,0.9711437371432997
3,0.9650975078516143
3,0.9687936356269777
3,0.9879085699089961
3,0.9704301290857579
3,0.9847727181588981
3,0.9643791765744469
3,0.9565476081524961
3,0.9792482779728531
3,0.9763394807577281
3,0.5192092479099312
3,0.9902037528707879
3,0.970594849831225
3,0.938436855482646
3,0.9914034917029959
3,0.9706584022677764
3,0.5210288044980552
3,0.9825566937038832
3,0.9802470589874884
3,0.5104755537943874
3,0.9820239467623023
3,0.9612626188394642
3,0.9730331444817256
3,0.9757968445879035
3,0.9697839373236415
3,0.9884133334171725
3,0.9621708600337786
3,0.9574936799713951
3,0.9812738179178775
3,0.5127486998637907
3,0.9806683640419303
3,0.9708908499812327
3,0.9368498404335461
3,0.9795247595148343
3,0.9740927150559762
3,0.5183537271652786
3,0.9923439137335015
3,0.9910113472320972
3,0.5087733985674173
3,0.9818899089846672
3,0.9667609652345736
3,0.9746726369838674
3,0.9787221977575096
3,0.9714075027935059
3,0.9857725647516841
3,0.9658080339148122
3,0.9591093402754507
3,0.5218306742022929
3,0.9850481095332023
3,0.9589957880357501
3,0.9549554062725077
3,0.969806754044501
3,0.9577207602280825
3,0.5280257853877226
3,0.9763369873808402
3,0.9756722842587008
3,0.5182826278521903
3,0.9774592008455397
3,0.9485412867101756
3,0.9916439836282444
3,0.9667379614913976
3,0.9850172381747574
3,0.9759954614535199
3,0.9475880595425825
3,0.9725940228290982
3,0.5209885513995637
3,0.5090692160441265
3,0.54144969503748
3,0.5147184496200664
3,0.505794708325752
3,0.943665643371
3,0.5121177027990024
3,0.5128956705638891
3,0.9482323762799886
3,0.5148207057409547
3,0.49644029902119563
3,0.5245186415424464
3,0.5107002528931479
3,0.5197166535403644
3,0.5170900438146807
3,0.4979440525572362
3,0.5230185851797193
3,0.9610035199198553
3,0.9468697873500439
3,0.9845740653193193
3,0.963914045264193
3,0.5240698083429622
3,0.9806764927214224
3,0.9800169886454496
3,0.5143897162402458
3,0.980148766388469
3,0.9544751711858436
3,0.981722624024117
3,0.9703756152261541
3,0.9751593780680639
3,0.988204189998269
3,0.9553883122422507
3,0.9611826278471639
3,0.9170630671053455
3,0.9745103605826111
3,0.9802765334659104
3,0.5110410693784581
3,0.9692700299421693
3,0.9653424066063537
3,0.5007236930367175
3,0.9606168086795236
3,0.9675921187218511
3,0.9541345392807516
3,0.9854554316656386
3,0.9557307739002816
3,0.9708806480140778
3,0.966871713049793
3,0.9420330716530853
3,0.9321326474132363
3,0.9142715843833099
3,0.5493470301366367
3,0.9352727634834873
3,0.9377394147577615
3,0.5391880352150151
3,0.942696569360356
3,0.9066792313503479
3,0.961419003236653
3,0.92295597761499
3,0.9516578313267304
3,0.9381200181734668
3,0.9072705469647722
3,0.9485158728292439
3,0.979079832783722
3,0.5172782320012275
3,0.9844807854075799
3,0.9805220425567082
3,0.507737698594274
3,0.980655658421144
3,0.9696433905318206
3,0.9665201510945176
3,0.9806997732498449
3,0.964902727039078
3,0.9903607743937383
3,0.9705593791850698
3,0.9526736268863235
3,0.508628275108624
3,0.9740985307390492
3,0.9685346888238648
3,0.4992673021846323
3,0.9670551865416561
3,0.9838888238021053
3,0.951259423781203
3,0.9848448106838062
3,0.9512414292421139
3,0.972178568252897
3,0.9815029807537885
3,0.9375947420476649
3,0.5176599538663741
3,0.5186611671871094
3,0.971175582307205
3,0.5206781466842162
3,0.5011545854259166
3,0.5309655344390807
3,0.5128807614661909
3,0.5298213144807176
3,0.5199175458447405
3,0.5009004016361152
3,0.5334130454471029
3,0.9893487805584166
3,0.5080947647293561
3,0.9861757684827213
3,0.96910066542729
3,0.9713992474441219
3,0.9787298092973706
3,0.9674673192765243
3,0.9874357582866459
3,0.9707274340998758
3,0.9552227834404643
3,0.50905228469329
3,0.9871879855543326
3,0.9647388235865041
3,0.9740126320863701
3,0.9715082502540371
3,0.9700775745053462
3,0.9851266125673137
3,0.9663610502923909
3,0.9594072503130398
3,0.5110403127410442
3,0.4918423086092294
3,0.52116148531675
3,0.5034384853480185
3,0.520060530731237
3,0.5103119357088142
3,0.49157958362154874
3,0.5227080626939389
3,0.9613627910664734
3,0.9774464722203927
3,0.9667523625523572
3,0.9735020247873776
3,0.9786506298244688
3,0.9629789651789192
3,0.9611788667625201
3,0.9420832722400447
3,0.9721301522385026
3,0.9421104301222119
3,0.9627232817437366
3,0.9913992420655504
3,0.9284715876391009
3,0.960229051172469
3,0.9883324563275503
3,0.9726943850471971
3,0.9427318402097945
3,0.9758669715593387
3,0.9602205728390222
3,0.9803362276984932
3,0.9714052007187853
3,0.9448673149018966
3,0.967800702769909
3,0.9404875158173783
3,0.97983628308169
3,0.9652724818987302
3,0.9587766167676087
3,0.9284496327205529
4,0.9608513913402249
4,0.9479718790867668
4,0.9838179957881693
4,0.9731613911466744
4,0.9886598333165381
4,0.9795907190016296
4,0.42192358193436547
4,0.986992242561157
4,0.9661597771470934
4,0.990929755857318
4,0.929940584827149
4,0.9682470893151285
4,0.9639432030690197
4,0.9493905143279348
4,0.9909895717252459
4,0.9651717092954464
4,0.990609982230933
4,0.9817533248156871
4,0.967452383099258
4,0.9925177049244421
4,0.957265571471372
4,0.9681214230077013
4,0.9740139916199917
4,0.8603769951598942
4,0.9896022469813106
4,0.9504953216920718
4,0.9636673877005232
4,0.9610149552018665
4,0.9799845206507207
4,0.9137152460004078
4,0.9721947961181764
4,0.9383731029177763
4,0.9542153322567097
4,0.9462931140650245
4,0.41133941572800947
4,0.9620288988972852
4,0.9825350995910627
4,0.9647033448744903
4,0.8980199925113255
4,0.9336522797889679
4,0.9296173232225041
4,0.9222344847863196
4,0.9610970720861838
4,0.9918594415128352
4,0.9568085628869605
4,0.9502141318644443
4,0.9370445982409383
4,0.9579326244646159
4,0.9232574969634272
4,0.9749050711575123
4,0.9833647823735129
4,0.8328854471621828
4,0.9551371669959556
4,0.9193936829281943
4,0.9802493891719883
4,0.9814880922258759
4,0.9484404456298294
4,0.9400638970031933
4,0.9729981154769233
4,0.9553304457793271
4,0.9663763093684075
4,0.424580988624166
4,0.9419018587581691
4,0.9204067018277187
4,0.947550685662012
4,0.9791806296685766
4,0.9720415928124014
4,0.97197883017239
4,0.9737512434300399
4,0.9496310637022334
4,0.9179195851663918
4,0.9554968644204337
4,0.9560420659432649
4,0.9752257068291414
4,0.9526518828804494
4,0.9701104431459222
4,0.9228218307409793
4,0.926052680273245
4,0.8985408053028309
4,0.9571554903894391
4,0.9741353464072066
4,0.9177395839061603
4,0.9106667317983651
4,0.9611732030098235
4,0.9652161181959539
4,0.9797846923193407
4,0.9698515327337824
4,0.41382358084168636
4,0.9739129289767484
4,0.97441298443075
4,0.9860507681638798
4,0.9222232449969625
4,0.9603729642362007
4,0.9544379252654588
4,0.9462788415912406
4,0.9833663558483576
4,0.9765362036921487
4,0.9806879092153735
4,0.9686254835641368
4,0.9623258399035951
4,0.9808628632162757
4,0.9495639112301929
4,0.9660900429259335
4,0.9838263411232477
4,0.8540599828090973
4,0.9807155443684894
4,0.9433733549191115
4,0.9702489617724445
4,0.9658349341062525
4,0.9702805794247521
4,0.9747696426942359
4,0.9900179027652378
4,0.4304151027579861
4,0.9669074161855319
4,0.9451392957560767
4,0.9710245940117711
4,0.9532935993285284
4,0.9923937077724413
4,0.9858906961649252
4,0.9530355921110393
4,0.9748312741844812
4,0.9426352194108417
4,0.9790549181375363
4,0.9796734208121315
4,0.9553762094197906
4,0.9778722043031718
4,0.9652775604339239
4,0.9474670541840624
4,0.9509113184501705
4,0.8745828204781925
4,0.9807395152544723
4,0.9534426679833764
4,0.942342224415061
4,0.9351621008916767
4,0.9855792601667225
4,0.9791161493296038
4,0.42273663240243187
4,0.9797216757143131
4,0.9610535946250898
4,0.9874298300281792
4,0.9358202074669592
4,0.9695374602618899
4,0.9641250647488985
4,0.9509802311945562
4,0.9881637086672006
4,0.9585211717158765
4,0.9871001482884054
4,0.9781927437507261
4,0.973496860231886
4,0.9876508342300321
4,0.962552866319913
4,0.963669749608108
4,0.9669824617688498
4,0.8659919601593762
4,0.9898379969410739
4,0.9510764831857205
4,0.9582588460181733
4,0.952686492856899
4,0.9799086284070292
4,0.4274464617620436
4,0.9736183598633095
4,0.9530981534550536
4,0.9808824343975882
4,0.9481370340527937
4,0.9840234501990787
4,0.9824030762163307
4,0.9517104389180616
4,0.9815755376776604
4,0.9505781047567851
4,0.988964094592773
4,0.9834071800207321
4,0.960137983501886
4,0.9846335845151174
4,0.9663055232072201
4,0.954052667499678
4,0.9575144177337137
4,0.8725787122261892
4,0.98650111574648
4,0.9521275125908095
4,0.9488886388388621
4,0.9430760388455777
4,0.9913545311377737
4,0.4252420784180163
4,0.41140574054281365
4,0.4200728619602735
4,0.42706365975087834
4,0.4313920296586971
4,0.43301786846856133
4,0.4136738009317214
4,0.4224393248297951
4,0.40998442212062186
4,0.422456526657094
4,0.42995112113571293
4,0.41566806476866636
4,0.42326748837219647
4,0.43212847112551644
4,0.41806038635164816
4,0.4154367195087195
4,0.46723137663250947
4,0.4226082873429253
4,0.41484446354126603
4,0.41626404303116477
4,0.4134083695560319
4,0.42965331892393466
4,0.9603392376323153
4,0.9850334871127239
4,0.9226421345821885
4,0.9620200365366769
4,0.9563676787915494
4,0.9399102553657628
4,0.9847681491433541
4,0.9629227823926814
4,0.9830032465539146
4,0.9793841719210651
4,0.9572914907178119
4,0.98785768892018
4,0.948235351002112
4,0.9765159968311105
4,0.9783323732148318
4,0.8529669314118767
4,0.9818354604610657
4,0.9430108948938878
4,0.9712122203561887
4,0.9655972948307681
4,0.9771421445803192
4,0.9698578169202214
4,0.9045459500225902
4,0.941925078951046
4,0.9378814213624854
4,0.9288328152238734
4,0.9695034282985298
4,0.98962845459702
4,0.9636529167227816
4,0.9536313240240254
4,0.9421503051793801
4,0.9647790328019685
4,0.9300066512984652
4,0.9800849456125763
4,0.9754105982259028
4,0.8363255603183991
4,0.9619733869025169
4,0.9259700059553214
4,0.9837104135754826
4,0.9861197692131172
4,0.9535584257544966
4,0.9296013057430699
4,0.9661387205054773
4,0.963601903306498
4,0.9518788143088596
4,0.9927975119933836
4,0.9673124095434338
4,0.9918270927414404
4,0.9778780486395294
4,0.9699663810664617
4,0.9912706993898325
4,0.9569584346986304
4,0.9701621461341082
4,0.9762076492717993
4,0.859927563439233
4,0.9883709158695202
4,0.9519764762365478
4,0.9673763450899452
4,0.9614484223567966
4,0.9795612616638157
4,0.9580065297108257
4,0.9654346879486185
4,0.9716616145173624
4,0.9318006165411262
4,0.9005573193163317
4,0.9374270242252759
4,0.939942599924226
4,0.9584461136139091
4,0.9332385411208584
4,0.9649146265193945
4,0.9039653435164425
4,0.9071080861734152
4,0.9161526079049245
4,0.9390456533669772
4,0.9729463907265486
4,0.8990155695636254
4,0.8934303489006913
4,0.944646513470973
4,0.9879441267955146
4,0.9524481312201821
4,0.971472708082428
4,0.9379049467515822
4,0.9741311858478706
4,0.9794777831018155
4,0.9545493878513737
4,0.972953584488264
4,0.9667506660761619
4,0.9426809544538238
4,0.9461282807348838
4,0.8780589898505035
4,0.9775308252629861
4,0.9547498959099504
4,0.9375980229459269
4,0.9304475994261813
4,0.9836479089373102
4,0.9515504029089616
4,0.965791482196884
4,0.933864114873705
4,0.9715576099880977
4,0.9733725735307809
4,0.9512355038186789
4,0.9672557477545246
4,0.9742035330346992
4,0.9371785838413188
4,0.94060347803139
4,0.8841023063208888
4,0.9732166656140644
4,0.9528504685438745
4,0.9321554828918122
4,0.9264416564844559
4,0.9788645108144254
4,0.9531635241582584
4,0.9247894048618439
4,0.9548622181670694
4,0.9373991927137624
4,0.9760370762184363
4,0.95164947892107
4,0.9465619597232156
4,0.9276320828699198
4,0.9317417923910096
4,0.8912607199849476
4,0.9548460885280663
4,0.9914638345588124
4,0.9233489315281701
4,0.9175745461482947
4,0.9451802995854636
4,0.9654130466770429
4,0.9925589324430323
4,0.9789118200249364
4,0.9691557025709094
4,0.9909993234699191
4,0.9560654656796664
4,0.9689130581447579
4,0.9739524409437155
4,0.8589680427156504
4,0.9908365658559195
4,0.9522545289524342
4,0.9651508809103506
4,0.9578424158370571
4,0.9833936337953838
4,0.9611167734281567
4,0.9528127153275376
4,0.9396290484035899
4,0.9622430862993484
4,0.9275063258730812
4,0.9775244185132113
4,0.9827018163483809
4,0.8346669926022995
4,0.9594410506323326
4,0.9219414172351074
4,0.9828728230468498
4,0.9851086219289527
4,0.9510346113951782
4,0.9812546380120574
4,0.9691492792355183
4,0.992522670643218
4,0.9633104741543163
4,0.9631832795704294
4,0.9682024955336803
4,0.8649956817038522
4,0.9939379979933883
4,0.9542862091516852
4,0.959456949449708
4,0.9535747450827783
4,0.9860677663835973
4,0.9580254997165047
4,0.9786722663591588
4,0.9665634767970447
4,0.9597766025841767
4,0.9648773489400682
4,0.8683266432109384
4,0.9812153217299001
4,0.9397004164727252
4,0.9544835831779885
4,0.9503627305004042
4,0.9895743616728296
4,0.9650440289614182
4,0.9650139144625844
4,0.9418081166286888
4,0.9466306057305983
4,0.885703374261623
4,0.9718637056517051
4,0.9740789625813651
4,0.9380995460939969
4,0.9322864320345138
4,0.9588480163710816
4,0.9575060559698764
4,0.9679896747488504
4,0.9707468381032428
4,0.8623407101566269
4,0.9897789745553447
4,0.9537606586910349
4,0.9636870547721704
4,0.9563902640577481
4,0.9848883219050145
4,0.92924742498252
4,0.9341483296581355
4,0.893420645784989
4,0.9634037424266934
4,0.9478331366163887
4,0.9258215313487194
4,0.9201578296884363
4,0.9674020754902669
4,0.9775299792148895
4,0.8362582736031338
4,0.9630473610903164
4,0.9247292444279526
4,0.98762803486745
4,0.9871480470942345
4,0.9575740847588735
4,0.8401217297103503
4,0.9665148291438047
4,0.9288613041938806
4,0.982959036904049
4,0.9788200044097655
4,0.9610608015173242
4,0.8670754258559369
4,0.8922780070100945
4,0.8321695123617635
4,0.8278218318786413
4,0.8715826054625333
4,0.9532608915778965
4,0.9577817415039611
4,0.9519065978365298
4,0.9868987116769637
4,0.9204756114024757
4,0.9147186127173471
4,0.946506692421732
4,0.9873028104615942
4,0.9524284778918399
4,0.945215344967665
5,0.5673296429541329
5,0.9729574263427992
5,0.9630759113965089
5,0.9574129297616304
5,0.5097346059105137
5,0.943894982348464
5,0.9366568854564802
5,0.970171482482444
5,0.9477403025308019
5,0.9636626118414364
5,0.9444585423893459
5,0.9151559613897103
5,0.9370216366984246
5,0.9737065451132566
5,0.9694366787251265
5,0.9556327564582191
5,0.9635885204894123
5,0.9410974423910445
5,0.9580248507875988
5,0.9566620025207079
5,0.971176442897432
5,0.49997187202794213
5,0.9538523464283883
5,0.8753192860806354
5,0.9672144425942654
5,0.9759942142086158
5,0.9595129041743045
5,0.4982353056184319
5,0.9373547796163822
5,0.5610111967187089
5,0.5650108069850174
5,0.5509564972492437
5,0.7330157277659077
5,0.5505089220062513
5,0.5441490365999638
5,0.552662651946665
5,0.5599975517423806
5,0.5543307982058852
5,0.5473696153358545
5,0.5334254071991672
5,0.5401108533486061
5,0.5654047522161654
5,0.5688088754800923
5,0.5698228851297631
5,0.5626293431414761
5,0.5428066436747624
5,0.5837197460396931
5,0.5608014396773129
5,0.5612244091795573
5,0.764977615922073
5,0.5572711396603753
5,0.5414799244346573
5,0.5573663598750676
5,0.5610776083452176
5,0.5735475299677275
5,0.7762150404470027
5,0.5422193542456173
5,0.9671945069044529
5,0.9696705912339841
5,0.5059699185669979
5,0.9580778971102584
5,0.9528356425666792
5,0.9829213423266175
5,0.9527964236409
5,0.9814528632082563
5,0.9581733934901338
5,0.9317084680692365
5,0.952444451520363
5,0.9583076194693791
5,0.9762240183277879
5,0.9568923790357721
5,0.9730505478401541
5,0.9432981967947761
5,0.9497371272402089
5,0.9630625179920622
5,0.9764960255859618
5,0.491480668512902
5,0.9575535162292287
5,0.8922877504586763
5,0.9823781835464839
5,0.9908512232587462
5,0.9593376154035588
5,0.48811329939660847
5,0.9468923650843519
5,0.957488462031998
5,0.504376374936797
5,0.9510039470692334
5,0.9404934169233924
5,0.9639739784222694
5,0.9596979898539648
5,0.9697433036251897
5,0.9458715791147612
5,0.9182959129838071
5,0.9388122608177389
5,0.9513720546018889
5,0.9668241334358768
5,0.9690074514167646
5,0.9766787150678099
5,0.9340357617665592
5,0.9654660708746551
5,0.9626879805774775
5,0.9654051078157991
5,0.49118015217579775
5,0.9694369739460752
5,0.8779453878814528
5,0.9665780623970927
5,0.9637438232998417
5,0.9749331149377681
5,0.4892473862616482
5,0.9305305765941629
5,0.5011085244923075
5,0.978918862494602
5,0.9732299326524732
5,0.9702511606914864
5,0.945106024768958
5,0.9755864679032961
5,0.9853315658482055
5,0.9545980374280052
5,0.9760414933541603
5,0.9470927862183407
5,0.9626023860028422
5,0.9407356704610143
5,0.9602125768530316
5,0.9680752194701864
5,0.928561480185562
5,0.9545625924487787
5,0.9635281023345971
5,0.4860427047513277
5,0.9512113802352118
5,0.9040769655505437
5,0.970317836073818
5,0.9648827975156669
5,0.9441515048404981
5,0.4827936010230131
5,0.959411701428513
5,0.5019857521542566
5,0.4995204835712832
5,0.497922135692031
5,0.49528491851408146
5,0.49912242386743083
5,0.5009010129241275
5,0.49436081065268694
5,0.4958610368460836
5,0.5105428052547567
5,0.5114960541780956
5,0.5042797685754979
5,0.5040795068696999
5,0.5001513076876097
5,0.5165184277880087
5,0.49879999558079186
5,0.5049027605105121
5,0.7994353554850095
5,0.49450045145231125
5,0.517665747508061
5,0.5030944822892777
5,0.5050170511225195
5,0.5090587332595221
5,0.7699415763164352
5,0.5023495853453434
5,0.971648197244204
5,0.9619551975443392
5,0.9318587701233415
5,0.96248328573327
5,0.9749204018379679
5,0.9600961427341417
5,0.9713577358902987
5,0.9395565091228064
5,0.9611680138114196
5,0.9402952035315787
5,0.9561301532416989
5,0.9575409375623322
5,0.9236539303469502
5,0.9353735964196814
5,0.9641271737093569
5,0.48617748442437025
5,0.937006715491601
5,0.9092543444825917
5,0.9670977079311255
5,0.9562560236828282
5,0.941488336355612
5,0.48279589152180385
5,0.9612390354822872
5,0.9591344863702157
5,0.9307406571956602
5,0.9600835163112487
5,0.9773439145205085
5,0.9713782495134108
5,0.9794707248067304
5,0.9287769744398865
5,0.94580666899987
5,0.92560118197968
5,0.9465803226133042
5,0.9682112787009415
5,0.9095947385337486
5,0.9364944484287311
5,0.9524022010514225
5,0.4825900264972334
5,0.9354981578316066
5,0.9129953267063189
5,0.9596766586815364
5,0.951058536678528
5,0.9250337183371227
5,0.4786363605291316
5,0.9620169664361681
5,0.9628031085753717
5,0.9864968228208323
5,0.9605611018748744
5,0.9390229527791213
5,0.9585169010560776
5,0.9581191017157102
5,0.9755849742591237
5,0.9595202454031276
5,0.9736710432963658
5,0.9443513592804229
5,0.9432301269673394
5,0.9670013881004655
5,0.9834724577094026
5,0.4821886523911024
5,0.9686969537095381
5,0.8887694502238692
5,0.9851666355867166
5,0.985488952995221
5,0.9574493562293802
5,0.47967326483915224
5,0.941400440142856
5,0.9637381888739619
5,0.9333561112563987
5,0.9107158301482535
5,0.9310498202028034
5,0.9393564617913601
5,0.9537400719553998
5,0.9758513507186602
5,0.9604732080926399
5,0.9191687454699276
5,0.9620893620385899
5,0.981344065111888
5,0.9564875957172793
5,0.4813484818225928
5,0.9718270491778256
5,0.8604195441969664
5,0.9532798719899842
5,0.9576601402123835
5,0.9704439058612407
5,0.48023591078234856
5,0.9124945284358218
5,0.9648778145146737
5,0.9395899678996621
5,0.9594290394628741
5,0.9576959327400694
5,0.9768379178705567
5,0.9596269532926079
5,0.9817401034941554
5,0.9485983313595077
5,0.9447290316335082
5,0.9709976960666414
5,0.9759217794280594
5,0.4841723231055393
5,0.9664352344039133
5,0.8897426918698995
5,0.9791790367599403
5,0.9813388802401107
5,0.9604989295856309
5,0.481860314720444
5,0.9435966351596047
5,0.9666154463653048
5,0.9866065807627824
5,0.9365641132729515
5,0.9519593822945323
5,0.9289478221936667
5,0.9492916341185091
5,0.9678761716332851
5,0.9169126325279263
5,0.9414004402799675
5,0.954886657959284
5,0.48502229249340617
5,0.9393607919691201
5,0.9083445446838742
5,0.9621793714977137
5,0.9531913466917432
5,0.9323713095159175
5,0.48130450960383286
5,0.9658623864403375
5,0.975433238080683
5,0.9099117652830485
5,0.9223703580069218
5,0.9051016319013282
5,0.9243194089164641
5,0.9713652309885834
5,0.8867113347374014
5,0.916980555985668
5,0.9301135864149338
5,0.4759708980824312
5,0.9185645669591248
5,0.9282681254307592
5,0.939617514395438
5,0.9294483968845926
5,0.9032514788645616
5,0.4712472658440539
5,0.9701421499707419
5,0.9274802310613355
5,0.9442447910342244
5,0.9239677884489795
5,0.9449254232029348
5,0.9674030095233614
5,0.9080140993588337
5,0.9388429440417043
5,0.9508333649260542
5,0.4790682312249772
5,0.9390925764908421
5,0.909403024251285
5,0.9575351826516996
5,0.9477971465743971
5,0.9234222968849323
5,0.47507919775661567
5,0.9652106920903127
5,0.9640231667824878
5,0.94559970412257
5,0.9537402854804171
5,0.9304063919363468
5,0.9513097657970976
5,0.9495143043135472
5,0.9569299140723535
5,0.5029933226565427
5,0.9420472037811215
5,0.8681486467897588
5,0.9594697285877251
5,0.9657472413633986
5,0.9449422547287342
5,0.5010334375183164
5,0.9332819287836172
5,0.9677772143555625
5,0.9729688028402279
5,0.933940453235877
5,0.9538963852977909
5,0.9614277330285242
5,0.9765620065272601
5,0.496997517993366
5,0.9551402131918044
5,0.8811497327670252
5,0.976279370784434
5,0.9771874198184766
5,0.9742063422643319
5,0.49479431571584614
5,0.9334344272786125
5,0.9659876110923792
5,0.9132486830795767
5,0.9631656492571029
5,0.9715806587129633
5,0.9641831061468227
5,0.49025481001203536
5,0.9650089176975711
5,0.865448645243646
5,0.9612907663032795
5,0.9648527824309531
5,0.9874796520526409
5,0.4890279776907529
5,0.9145602546156045
5,0.9374265383805487
5,0.958883202445119
5,0.967499535859635
5,0.9809740321531406
5,0.48942046798462163
5,0.9705768805850941
5,0.878491341100265
5,0.9676108545407417
5,0.9692719799734387
5,0.97247183476779
5,0.48743908921061857
5,0.9279237844689499
5,0.9034307307686936
5,0.9287263362918432
5,0.9385528124963604
5,0.4861736742635855
5,0.9274970017553748
5,0.9155432827026412
5,0.944974522314395
5,0.9370794122606478
5,0.9179281232506709
5,0.48253245739734585
5,0.9727078783577878
5,0.9576001723949115
5,0.9516738168329253
5,0.5041067330315662
5,0.9581869141921956
5,0.849728107100181
5,0.9437318079364697
5,0.9537118049427025
5,0.971901699182018
5,0.5020444961837804
5,0.901426326845342
5,0.9608500120601832
5,0.4839335840853586
5,0.9766780861070269
5,0.864058875748018
5,0.9568768328145877
5,0.9649475662114702
5,0.9701237245067401
5,0.4822482387578769
5,0.9168163119279328
5,0.4892054386471467
5,0.9636861065581317
5,0.885413760924018
5,0.9783844935984275
5,0.979599344667575
5,0.9647410404893396
5,0.4867802948848651
5,0.9358625322912177
5,0.47962994613847293
5,0.4981108657997084
5,0.48735311665832404
5,0.4897242503528144
5,0.49513143775801427
5,0.9472767905950855
5,0.48834137268533356
5,0.8672374269344382
5,0.9585217697880328
5,0.9600496074862063
5,0.9689662723227005
5,0.4780286383977009
5,0.9167423452720301
5,0.8941090528155425
5,0.8880294252607408
5,0.8634348467604462
5,0.49155802655739783
5,0.9224001261520457
5,0.9852418720373307
5,0.9578846120504889
5,0.4838191444452532
5,0.9465718619951455
5,0.9617966805130163
5,0.4864549813553587
5,0.9436129642949388
5,0.493815443274246
5,0.9143924080363359
5,0.4843404407607739
6,0.7690299385641005
6,0.7729227116322592
6,0.7603629169386136
6,0.9740567077639439
6,0.7517318044180199
6,0.7590641034777764
6,0.7526967518524257
6,0.7114340866116641
6,0.7746357114570545
6,0.7667810227937893
6,0.7572551008216188
6,0.937148375189188
6,0.7072449707804213
6,0.9542752968059292
6,0.7577535660942929
6,0.7986340529069575
6,0.7807250273496349
6,0.7145164406492012
6,0.7607540024223933
6,0.7069551622404738
6,0.7623337387377643
6,0.7506558934989637
6,0.7309483788554637
6,0.7641120482661385
6,0.7078863719533641
6,0.7504117142502281
6,0.8213551923046913
6,0.7699469631727667
6,0.7212928350177779
6,0.8792929761786057
6,0.8792300967254596
6,0.770885508744752
6,0.8614314851644039
6,0.9859784853452114
6,0.8684447757633454
6,0.7913633615894394
6,0.966416779416577
6,0.8824071203479031
6,0.8664676453915109
6,0.794305722601189
6,0.783827576775099
6,0.7768689373666003
6,0.927504498464221
6,0.9110893484030784
6,0.9534252195798082
6,0.7908766449822574
6,0.9116798933286134
6,0.7803705133113453
6,0.8717036502001915
6,0.8511081305877778
6,0.8006821410937387
6,0.887820099783157
6,0.7832025698827599
6,0.8598540331182993
6,0.8916365700601997
6,0.868031062781595
6,0.7980488533159961
6,0.9488917783363042
6,0.7727970755271548
6,0.9499564200837389
6,0.8719340482061337
6,0.9463472543589103
6,0.8576882464978443
6,0.8891304992238327
6,0.9664204419072646
6,0.9639524310434118
6,0.7575682028578997
6,0.8551697461483566
6,0.7758368248397743
6,0.9075965947003686
6,0.8192194588496692
6,0.89638520042008
6,0.8569691902289538
6,0.8695606135639891
6,0.8532646664272073
6,0.9700257255124771
6,0.9603430212139971
6,0.8983075322091209
6,0.9527711192706222
6,0.8526290146794541
6,0.9264635478010389
6,0.8410524413919002
6,0.9659264296317476
6,0.8731261855074801
6,0.7625254481644472
6,0.9694160042677415
6,0.8730745705352003
6,0.9627146797259223
6,0.8673158727899576
6,0.8880108812392741
6,0.9760055899348564
6,0.9613892312364924
6,0.7452400150396861
6,0.8630443298417977
6,0.7727161770920162
6,0.9251826153587993
6,0.8229857446837435
6,0.8921847594763223
6,0.868802216663578
6,0.8936708720653027
6,0.8619816093979452
6,0.9562355177062036
6,0.9503313356816918
6,0.8793779160616239
6,0.9758043341444372
6,0.8633291706489972
6,0.9560379878416096
6,0.8325192697520974
6,0.9653306692159357
6,0.8804597873697747
6,0.7519781608077054
6,0.7641999512134784
6,0.7596477731812742
6,0.7186273105825388
6,0.7833571933702907
6,0.7729661369489221
6,0.7625233925540968
6,0.9571151367258167
6,0.7151511802903255
6,0.9629954792788638
6,0.7641950794302026
6,0.7973697422088674
6,0.7866510728499319
6,0.7207569049123999
6,0.7579901426217096
6,0.7152190177471954
6,0.7669784771666676
6,0.7540865191112356
6,0.7370897639873368
6,0.7682739933256478
6,0.7152812072388532
6,0.7525262632281786
6,0.8189767787222518
6,0.7721577049663112
6,0.7295137486259574
6,0.8595300742540286
6,0.9705238010551991
6,0.8788993173059051
6,0.8693818356449764
6,0.961920118584221
6,0.9715888136912065
6,0.7347912240977155
6,0.8766231114464037
6,0.7620877638160545
6,0.9085214348628768
6,0.8059571802787667
6,0.8700436148315195
6,0.880384423888064
6,0.8796031293051324
6,0.8756156975088139
6,0.9603622005112027
6,0.961583374599059
6,0.8923599275647142
6,0.9562635414774835
6,0.874830510944807
6,0.9501060282772993
6,0.8210599700633676
6,0.9546642614077291
6,0.894256824316352
6,0.8623717245947197
6,0.7847136650908643
6,0.9651126320424747
6,0.8772466802956441
6,0.8603347915638351
6,0.7899600546093781
6,0.779266848137561
6,0.76906756636218
6,0.9256724534724902
6,0.9040629666519493
6,0.9490783642684729
6,0.7852572414185
6,0.9048871586359739
6,0.7758152989264022
6,0.8675949439269602
6,0.8502046595561115
6,0.7946414779560639
6,0.8826902627651882
6,0.7776154242141609
6,0.8507086681603208
6,0.8879561160372264
6,0.8607626541656613
6,0.7923724714588998
6,0.8903844252385396
6,0.8825548875212756
6,0.9649796417394441
6,0.974756968113564
6,0.7423517410765332
6,0.8854941797982129
6,0.7662917825556084
6,0.9242673177716965
6,0.8031628868921679
6,0.8796651867009494
6,0.8898060039632053
6,0.8832009003989857
6,0.8844503924602222
6,0.9552000575908761
6,0.9460107911101867
6,0.900364835054218
6,0.959648201588126
6,0.8852988711277836
6,0.952546930344494
6,0.8175531670609019
6,0.9463840168532565
6,0.9040508365141137
6,0.8051951453784979
6,0.8655031575498542
6,0.8847718199996802
6,0.7027306036402774
6,0.9778239529215498
6,0.7244054205262697
6,0.8363602139490574
6,0.7334186592156385
6,0.7967603150732896
6,0.9830051552157736
6,0.8256787457199593
6,0.9727636687739423
6,0.8684939814761135
6,0.8729306843051781
6,0.8806402981445295
6,0.8583650988216167
6,0.9822307418254846
6,0.8880738525533527
6,0.7432133319869024
6,0.8643006000436578
6,0.9699119460848533
6,0.895533419350753
6,0.8805302937632873
6,0.7850211426030359
6,0.7987726742367797
6,0.7914849337280716
6,0.9450386553734776
6,0.8945347059001489
6,0.9343735809145255
6,0.8058379431808708
6,0.9253695966562955
6,0.7973402652005179
6,0.8839746096824811
6,0.8631709368910013
6,0.8162046420787953
6,0.8963830590271225
6,0.7991793137023838
6,0.8706719469326322
6,0.8735387954552487
6,0.8789526775648021
6,0.8151665166234162
6,0.9739130001958974
6,0.7581941754925252
6,0.86238036334143
6,0.7797433484414942
6,0.9279394147568175
6,0.8197477060158966
6,0.9012416719113622
6,0.8648057564948112
6,0.8849014256961147
6,0.8613368184803815
6,0.971921031157167
6,0.9592661058681993
6,0.8927820162127666
6,0.9764726776825031
6,0.8604538721385864
6,0.9434184135354364
6,0.8400593481981014
6,0.9742751719075604
6,0.8803059683886262
6,0.7478130870258627
6,0.879849000040745
6,0.7703270875371073
6,0.9109895309869216
6,0.8023683759418536
6,0.8831156966091248
6,0.8840918725029359
6,0.8731224757038811
6,0.8788524432064988
6,0.9721932604692407
6,0.9687671986143487
6,0.9120358235546985
6,0.9578029371075872
6,0.8796306606276816
6,0.942267366207808
6,0.8222273989664859
6,0.9686744306373734
6,0.8992212243470572
6,0.6974213912896027
6,0.9551837155359315
6,0.763253491008368
6,0.8197645797457459
6,0.8089709263585458
6,0.7036021406423963
6,0.7558245424919402
6,0.7004062820125018
6,0.7499405935409119
6,0.7392379514628531
6,0.7231995667477398
6,0.7557883469381103
6,0.6980595463171523
6,0.7347934894809786
6,0.8455039577080836
6,0.7572828124099513
6,0.7144360709202582
6,0.7221157681224403
6,0.8329496490523814
6,0.7280293451563031
6,0.7910626339558118
6,0.9770938424813782
6,0.819789181472272
6,0.9866130289427001
6,0.8655859987886507
6,0.8725732990452587
6,0.8828438431884446
6,0.8567762605640875
6,0.9803652120146034
6,0.8863088816705053
6,0.739194659898785
6,0.861040656704059
6,0.9713016485816496
6,0.7844496331584205
6,0.8003747835769228
6,0.7849321169463008
6,0.7257611823635063
6,0.7824095316412671
6,0.7217208198060009
6,0.7713300502875238
6,0.761768157976473
6,0.7404282348546849
6,0.7684544603519113
6,0.7205659973904536
6,0.7613957167876614
6,0.8257372842901125
6,0.7830124255990064
6,0.7349114533477815
6,0.8553382557947602
6,0.8972397392890009
6,0.8365771020004054
6,0.9456777112710791
6,0.8328657425345546
6,0.9055670652096397
6,0.8912716907950945
6,0.8388377360642718
6,0.9237659639619832
6,0.8316882926365757
6,0.9122610561510286
6,0.8439687542083905
6,0.9076674063236495
6,0.849132034898367
6,0.900275710075242
6,0.7356994669144085
6,0.8566116585425307
6,0.7260462496435978
6,0.8146786248697044
6,0.7993945993362443
6,0.7438629337355166
6,0.8257429722736818
6,0.727520961954938
6,0.801499275505614
6,0.9435178199689376
6,0.8091431678474444
6,0.7413818198797685
6,0.7971384527964193
6,0.8768827527634425
6,0.7878114006075716
6,0.8901046925621926
6,0.8727259450832691
6,0.8179463070960938
6,0.9065133881948173
6,0.7894263333360491
6,0.866113309007034
6,0.9084673212591842
6,0.8899399045875992
6,0.8055165706022352
6,0.827812348284453
6,0.9746210931349859
6,0.8710944714048229
6,0.8762954860027166
6,0.8841398266626527
6,0.858745357065921
6,0.9767311448836925
6,0.8861960361192361
6,0.7457149555193423
6,0.865460440404553
6,0.9732435711589708
6,0.8209410072165411
6,0.8674732084713469
6,0.8598006888806452
6,0.804859910606814
6,0.8803778639046674
6,0.8212758262797416
6,0.901639224267789
6,0.8366880454552046
6,0.87418848715644
6,0.8351844912133655
6,0.8633677246586385
6,0.8716195145751635
6,0.8857868336534171
6,0.8529000674474484
6,0.974522025412156
6,0.8886419163947046
6,0.7374242139907712
6,0.8635706135552451
6,0.9743205874281546
6,0.9763101788011468
6,0.9033529376340755
6,0.9563130671109221
6,0.8620762046605134
6,0.9265747951996706
6,0.8332769581750182
6,0.9715887080958423
6,0.8823291160749624
6,0.9074154157444573
6,0.9415617990887845
6,0.8688603774316384
6,0.9241079184643306
6,0.8225441259452011
6,0.9689088479809904
6,0.890783518567919
6,0.8780080203812508
6,0.881214133641754
6,0.8670437421501159
6,0.7635640214843191
6,0.8978962899401912
6,0.9019455707121808
6,0.8530734912119329
6,0.9428905543866308
6,0.8443420325616108
6,0.9602818309162583
6,0.8701127739098277
6,0.8840934532272146
6,0.7371603192886519
6,0.8592077820294003
6,0.9683631118162601
6,0.8097537015289532
6,0.9374708140968674
6,0.9027908961480616
6,0.836304778074769
6,0.7527582373535766
6,0.8810132817552166
7,0.9396761874753553
7,0.9004002531019304
7,0.9595002297986737
7,0.9015174476997873
7,0.8965408800883958
7,0.9222532772305357
7,0.9041511566090805
7,0.9054934993532067
7,0.9418013644077147
7,0.9070500601758272
7,0.8995299964336639
7,0.9286507899138728
7,0.9221704779808619
7,0.9343589052131821
7,0.8921121941813296
7,0.943083844421853
7,0.9426246289092975
7,0.9543344882490156
7,0.879864996159595
7,0.9583792079543697
7,0.8929438859210664
7,0.9266965152328178
7,0.884114156023106
7,0.9293670523752102
7,0.8922776952266254
7,0.8830993767704195
7,0.8837097851513529
7,0.8918886711151184
7,0.94518081191934
7,0.9324256403970861
7,0.9613141273303087
7,0.9248468670542208
7,0.9237091640632824
7,0.9402306281462606
7,0.9102702750637996
7,0.9275127103522679
7,0.9646531861617057
7,0.9242705204964221
7,0.9206802010436247
7,0.9319200687718963
7,0.9305164917348371
7,0.9302125294997186
7,0.9157949439793548
7,0.9727337581472856
7,0.9480851521523779
7,0.9621341901065631
7,0.9178232772719955
7,0.9363873253936882
7,0.9053603380635142
7,0.9454178197366675
7,0.9243274239710912
7,0.9434245902756482
7,0.9094501659347727
7,0.9013233575718769
7,0.9124143399621562
7,0.9234877142147034
7,0.9112650677307287
7,0.9177469882319916
7,0.9579639997627926
7,0.9606480255575863
7,0.9305116536105124
7,0.9377085665856216
7,0.9536867321413918
7,0.9268796144440795
7,0.9501046702382607
7,0.9525867361674307
7,0.9194835870924551
7,0.9165236589000408
7,0.9307728511159862
7,0.9510486749178527
7,0.9332268212327286
7,0.9179165108478573
7,0.9206136585184075
7,0.9402678964893038
7,0.8967529304268331
7,0.9384117381918227
7,0.9412380204715879
7,0.9467422164611987
7,0.9274381313815211
7,0.9462396115393588
7,0.9434412474648435
7,0.9480799548383227
7,0.9547339493857999
7,0.8897633956338598
7,0.9253531159376142
7,0.9233740284703801
7,0.9284015968828695
7,0.9183421027083037
7,0.9265752915054201
7,0.960756012368056
7,0.9262466018649128
7,0.9220935133904998
7,0.9412139445727443
7,0.9384786475825884
7,0.9552050885224381
7,0.9142987620058979
7,0.9773551882319178
7,0.9528677418441711
7,0.9624188231908934
7,0.9069350479693848
7,0.9624067720618293
7,0.902887680984078
7,0.9579077475615979
7,0.9130484754703991
7,0.9501185509150828
7,0.9186280236781893
7,0.9000513554429314
7,0.9099512518563231
7,0.9194533654928233
7,0.931138955903665
7,0.985126159475346
7,0.9473144107050971
7,0.9712792786842912
7,0.9860897690329142
7,0.9427857322965199
7,0.9812263667049023
7,0.987635093381625
7,0.9399492106782671
7,0.9436190211634844
7,0.9469337088352227
7,0.977421262457227
7,0.941422897893211
7,0.9404620247895971
7,0.9280456913066388
7,0.9680899562822658
7,0.9098526385677679
7,0.9686956336321106
7,0.9495853927769979
7,0.9706257264099049
7,0.9568371661687023
7,0.9730341709931909
7,0.9627854291354745
7,0.9593445976601549
7,0.9835279215110477
7,0.8956072002408071
7,0.943506715395943
7,0.9671538784664518
7,0.9817363284569619
7,0.9371444470986676
7,0.9776337517832647
7,0.9824411858036963
7,0.937063272225328
7,0.9375105875524127
7,0.9426724519164508
7,0.9829559236770756
7,0.9392305972379299
7,0.932635384587315
7,0.9235633727395449
7,0.9714521060829466
7,0.9065982241702247
7,0.9694056937477173
7,0.951980949856838
7,0.9786881856491798
7,0.9473111730163546
7,0.9792374918220569
7,0.9683707473436572
7,0.9630407842214197
7,0.9871023872492618
7,0.8916990547311966
7,0.9395453077126225
7,0.9515906676810509
7,0.9544342737515816
7,0.9422721133791937
7,0.9453188199217182
7,0.9601324617333609
7,0.9489139446706345
7,0.9108528473818343
7,0.9464592586306062
7,0.9447543955928042
7,0.9524645655935521
7,0.9588823385758909
7,0.928536558355577
7,0.913356956080986
7,0.9548843131185217
7,0.9117257869793266
7,0.9327511564691919
7,0.9616868619784772
7,0.9271278229747686
7,0.933917195310077
7,0.9380648151905567
7,0.9437636370961607
7,0.899299916468164
7,0.9678876140737118
7,0.9354915768576169
7,0.974413865178369
7,0.9760705695278044
7,0.9518928043450826
7,0.9456718638756657
7,0.9417751364237945
7,0.9686016209650663
7,0.9299788025707789
7,0.9400053116863347
7,0.923034057689092
7,0.9505237316798881
7,0.9060350445223206
7,0.9687659024031298
7,0.9425929794959755
7,0.9506093780528535
7,0.9564890520283895
7,0.9698641517533214
7,0.9506485750771299
7,0.9380295354151434
7,0.9643735680917195
7,0.9018210647768962
7,0.9449350574952605
7,0.9783994852098282
7,0.9825066949696726
7,0.9424237879095411
7,0.9461499957711814
7,0.9378058026475945
7,0.9786969843388998
7,0.9403818795513775
7,0.9425445144814389
7,0.9301609212798531
7,0.9630970399859504
7,0.9107280648556211
7,0.9695581892461619
7,0.939325547204658
7,0.9630696764868909
7,0.9617379783619501
7,0.9693486525215115
7,0.9603180462657669
7,0.9615256230588222
7,0.9775044039015905
7,0.8943468397622721
7,0.942934454126271
7,0.9370437646947299
7,0.9518313245989287
7,0.9615242130610051
7,0.9455208776389014
7,0.9360649335774539
7,0.976854419219802
7,0.9750738526955304
7,0.9811218562024848
7,0.9195805678478978
7,0.9488316657714808
7,0.9280433302694256
7,0.9440594731185215
7,0.9280208553825992
7,0.9594437631631539
7,0.9237903732718579
7,0.9251901859333144
7,0.9275567128749275
7,0.9344071190995041
7,0.9190146981198322
7,0.9800501174064288
7,0.9464672561284396
7,0.9513159057147988
7,0.9482547351137508
7,0.9660408294319609
7,0.9417098913491865
7,0.9487221546814821
7,0.930529665282519
7,0.9582767703799756
7,0.9199248490329308
7,0.960799859606934
7,0.9456637082632492
7,0.9605409012838141
7,0.9585887030462684
7,0.9696827372783025
7,0.9546743056721325
7,0.9532764540217291
7,0.9719094937578269
7,0.9019697243462458
7,0.9380678395564156
7,0.945201548505683
7,0.9455844030867612
7,0.9803256398690218
7,0.9354931660440504
7,0.9376520178084818
7,0.9229960893966328
7,0.9698154743498069
7,0.910216397534951
7,0.9734356117539574
7,0.9468739138625021
7,0.9653170538433917
7,0.9582353323127837
7,0.9756554445291213
7,0.9639922219023006
7,0.9592260774066201
7,0.9837180506042101
7,0.8927100125984585
7,0.9621568328305975
7,0.9158995859932205
7,0.9313447423302192
7,0.9499551264955816
7,0.9645301821924559
7,0.9544738831267323
7,0.9151730231102119
7,0.9273753149706438
7,0.93962930618342
7,0.912739232228091
7,0.9249030303854613
7,0.9716379273929528
7,0.9423957647122806
7,0.920440217688118
7,0.9236158115967494
7,0.9276214928529923
7,0.9194238799988588
7,0.9269299558394084
7,0.9358458189008421
7,0.9475361219307084
7,0.9678106355998011
7,0.950357476623421
7,0.9270073881313867
7,0.9493002341309077
7,0.9307473535065748
7,0.9156144239800488
7,0.9262862738732269
7,0.9670876785594821
7,0.9391593775856856
7,0.9369035035786165
7,0.9406738176437034
7,0.9340452474413192
7,0.9072618304567308
7,0.9396661924792552
7,0.9437744328211217
7,0.9365647181970466
7,0.9403720496867104
7,0.9275927860753784
7,0.9501094296586232
7,0.928038953039766
7,0.9722356357633981
7,0.9327625495805533
7,0.923887817612569
7,0.9353580777384045
7,0.9315833352430105
7,0.9264925906969371
7,0.9412933669153396
7,0.920045555164513
7,0.9286667377924009
7,0.9316089137497865
7,0.9208974894506009
7,0.9707248458085913
7,0.9011623436208136
7,0.9766381050151686
7,0.9403932629020967
7,0.9718016120441452
7,0.9443028990922506
7,0.9702165036809421
7,0.9744463877613634
7,0.9618443066172111
7,0.9856389871756467
7,0.8857373362075965
7,0.9643167174738325
7,0.972240162195265
7,0.9212426341665949
7,0.9455006558257313
7,0.9197054892736201
7,0.9562811747532083
7,0.929686939098132
7,0.9609175148066714
7,0.9275276527451559
7,0.9137401353781455
7,0.9242662003490685
7,0.9343871721326567
7,0.9212877584182694
7,0.9721682101827075
7,0.9159027760275658
7,0.9484139564517448
7,0.9312572221680958
7,0.9263269338183127
7,0.9209310839662285
7,0.9653349761733062
7,0.9261718980178775
7,0.9219835250173506
7,0.9212656748440063
7,0.9277359775145361
7,0.9195386776957605
7,0.9051425526514307
7,0.9472287892287253
7,0.926103585323599
7,0.937888406688891
7,0.9145566437296224
7,0.9494612433612925
7,0.9102739346236381
7,0.9141263290730398
7,0.9117443321375206
7,0.9193010582876964
7,0.9264613083788876
7,0.8961346035008353
7,0.9553633253939914
7,0.9341504198598446
7,0.9826334931716848
7,0.9328503261436145
7,0.9608657580933556
7,0.9625723211908829
7,0.9557662357831372
7,0.979574110010875
7,0.8706595518281661
7,0.8926445824589238
7,0.932311877740271
7,0.8943101802803933
7,0.9308910776870434
7,0.9045441961902303
7,0.8999009896922322
7,0.9094096657446428
7,0.9037594805100354
7,0.9271007390766822
7,0.9314477312732813
7,0.95144972057904
7,0.9436288544996475
7,0.9622506305306636
7,0.9605827349639194
7,0.9473603321760712
7,0.9685691565907226
7,0.8889171721504754
7,0.9400283247928738
7,0.922196034596638
7,0.9386053333754981
7,0.9280059259284692
7,0.9240058235609313
7,0.9493137111408557
7,0.9136474051654961
7,0.9352197302465274
7,0.9631138915025087
7,0.9560645185182793
7,0.951863574036521
7,0.9750639559879721
7,0.8797291813584245
7,0.9498953903160676
7,0.9274436602634103
7,0.935125288782101
7,0.946495961843431
7,0.9110083902984484
7,0.9535499980032126
7,0.9496185412470384
7,0.9709964137834365
7,0.8951427494615795
7,0.9626545459458314
7,0.9734989941733146
7,0.871969603241723
7,0.9638094209691689
7,0.8697318012189483
7,0.883520265232477
8,0.8530740875292301
8,0.9574346674705919
8,0.8951864704941829
8,0.9478603138849026
8,0.9386428845001097
8,0.9022843793506143
8,0.9440168081173642
8,0.9422858441186212
8,0.9172193177558791
8,0.9759613872500454
8,0.9016813650881799
8,0.9344952482423173
8,0.932308651617085
8,0.9124755159602868
8,0.9194664515330911
8,0.9355379513350923
8,0.8388350636637896
8,0.9288989444451881
8,0.9407016502218521
8,0.9352844164938795
8,0.91075310205682
8,0.9241775705324333
8,0.9123661940776489
8,0.9022846059747769
8,0.8805676950339402
8,0.8691108074011552
8,0.8952627047603959
8,0.9229704142938631
8,0.8939465641987877
8,0.8326952984657404
8,0.8272061380289708
8,0.8344628991444847
8,0.8337698930172153
8,0.8213376683027254
8,0.8433685964213046
8,0.8417305499438803
8,0.8324313996029821
8,0.8356118627794178
8,0.8226127726018267
8,0.8312010109577179
8,0.8383351265325161
8,0.8168140508721587
8,0.828717756538989
8,0.8370302751997641
8,0.8864814887773582
8,0.8271832573174527
8,0.8333047521850465
8,0.8290538082986201
8,0.8213293937558762
8,0.831640317252036
8,0.8409668786089245
8,0.840803390687713
8,0.8104920374831371
8,0.8044830913095982
8,0.8171402534242134
8,0.837904517826176
8,0.8047249332124307
8,0.9179639892069263
8,0.9393936143652802
8,0.9470144993873371
8,0.9185118489760631
8,0.9326293519647595
8,0.9606405874691427
8,0.9211596602694611
8,0.9615070992708732
8,0.9125088334949459
8,0.9504558820737927
8,0.9478906969718274
8,0.9213629383177057
8,0.9243493387899342
8,0.9446275472861948
8,0.8415932089927921
8,0.9415783041358267
8,0.9285888351351742
8,0.9322443514541987
8,0.9353258290755383
8,0.9378681737175684
8,0.9040313973165086
8,0.8950573261314152
8,0.9010058597630475
8,0.8673522449510377
8,0.9004735245518147
8,0.9074579889261472
8,0.915464801878657
8,0.9262853811292773
8,0.9376899237206758
8,0.911499539222892
8,0.9125591457193222
8,0.9188161684524581
8,0.9147215157865669
8,0.8937649917174725
8,0.9232371314429655
8,0.9510899705722503
8,0.9291151161545046
8,0.9158645748176741
8,0.9520839757692715
8,0.9418693981869687
8,0.8306382636935487
8,0.9249734311293765
8,0.8960992549612757
8,0.9189107688250451
8,0.9478382356407213
8,0.9376898034677352
8,0.9514506008691196
8,0.9097441092877241
8,0.9150973801597241
8,0.8923193293607643
8,0.9607742628580711
8,0.9117192450202529
8,0.9457663772917257
8,0.9567294845166103
8,0.9260138216346822
8,0.9729387593060176
8,0.9289511440083318
8,0.9371698096187644
8,0.9517011163392228
8,0.9275301007591118
8,0.9691639879392174
8,0.9340337988900554
8,0.9337301650621569
8,0.9379561994093591
8,0.9492528631495004
8,0.8337625735914936
8,0.9458005455871928
8,0.9361848233145944
8,0.9544244315485207
8,0.9254926322994291
8,0.9414552586321777
8,0.9383243431292142
8,0.9190647887529141
8,0.9050266588073607
8,0.8895474711046489
8,0.924539990542023
8,0.9400775371454916
8,0.9269540032326677
8,0.9387712420618904
8,0.9494591435010594
8,0.9454239004994631
8,0.9418474041878049
8,0.9411212595220854
8,0.944045201585267
8,0.964530627405236
8,0.9449048974702857
8,0.9425724334543043
8,0.9264491652775653
8,0.9684471049067408
8,0.8433337096350287
8,0.9688426785276171
8,0.937288337412435
8,0.9674876306847829
8,0.919512150040054
8,0.9661036081387488
8,0.9298791222654511
8,0.9362256949795337
8,0.9315173535575825
8,0.8725817455195174
8,0.9299392142180126
8,0.9403052970934698
8,0.9216294424295586
8,0.9168890899089179
8,0.901154239591212
8,0.9568799834892275
8,0.9056443818404656
8,0.9572709228585133
8,0.933126051351109
8,0.8935632421895158
8,0.8959193570055125
8,0.9009492609345289
8,0.9358327900031305
8,0.8331440880136352
8,0.9435061268237003
8,0.888181921433057
8,0.9116032213968424
8,0.8882425961794049
8,0.9527267311943342
8,0.8872913078469248
8,0.9464353618681958
8,0.9502961400408879
8,0.8365900805068146
8,0.9022669591720625
8,0.9324882820077743
8,0.8969910668656232
8,0.9280145093276982
8,0.931879337720452
8,0.9451925757916688
8,0.9190893403482974
8,0.9497204163216965
8,0.9292763657045184
8,0.9320822201101369
8,0.9292539509396768
8,0.9488650885373232
8,0.838985095249011
8,0.9408950092519657
8,0.9387211519786648
8,0.9458569934835978
8,0.9119692876973938
8,0.9372634248506451
8,0.92897663037182
8,0.922060239041453
8,0.9000737768853364
8,0.8827090423824129
8,0.9111266233717374
8,0.9386900302172636
8,0.9105172018847176
8,0.9190224789363821
8,0.9407909840681743
8,0.9198303078919292
8,0.9404868121159247
8,0.9593427912326022
8,0.9356227434047059
8,0.9132144437038029
8,0.9441578826016496
8,0.8539853201884995
8,0.9338131895602667
8,0.931078241842425
8,0.9328746810585822
8,0.9305765104461924
8,0.9309950712835754
8,0.9044890506053184
8,0.8998582099803346
8,0.9120507508097121
8,0.8595146503723343
8,0.8954210205185652
8,0.9116984623406903
8,0.9217358790428754
8,0.9168101368078235
8,0.9524941234961779
8,0.9401670264060156
8,0.9154685120191423
8,0.9152153575058205
8,0.9022791410050568
8,0.942071183658483
8,0.8392415873676503
8,0.96212625670392
8,0.9004308742913248
8,0.9265560654610671
8,0.8986663593458801
8,0.9529684427016324
8,0.8972298056018069
8,0.9443056436897522
8,0.9552308006660328
8,0.8394768029111395
8,0.8957217148331149
8,0.9424189878104863
8,0.9200877144112565
8,0.9032528530745391
8,0.9348621326078845
8,0.9361142874220693
8,0.9108823016995325
8,0.9119633170438565
8,0.9297530750965773
8,0.8429748557210026
8,0.9324056216439989
8,0.9411739692731653
8,0.9378874236138417
8,0.9089866229944407
8,0.9234220373748069
8,0.8969974798822423
8,0.8915790787035948
8,0.8842530420940669
8,0.8669161440534341
8,0.8887637836915042
8,0.9096937835698012
8,0.8959430726665903
8,0.9282774128060003
8,0.9182778628392163
8,0.9308423282750674
8,0.9035442630502521
8,0.939022252077099
8,0.8365076868759794
8,0.9415129922340439
8,0.8972856909938403
8,0.927099610275124
8,0.9009296838173176
8,0.9511966241343572
8,0.900513542884638
8,0.9516087172780849
8,0.966613757368913
8,0.846013595861857
8,0.9009684248416814
8,0.9515785149438263
8,0.9067435862592287
8,0.9450088053176479
8,0.9374456136643801
8,0.9454058296678336
8,0.9641566222985856
8,0.8395109513595859
8,0.9591347607153408
8,0.9315798705622914
8,0.9546620410112365
8,0.9435540252336394
8,0.958883153927775
8,0.9437039813489015
8,0.9227903417172384
8,0.9191097434739662
8,0.8852838373425181
8,0.9412729476985744
8,0.9312718560784771
8,0.9404813207988058
8,0.9315111409725022
8,0.9223833088109546
8,0.9366869657040935
8,0.8564453741975949
8,0.9339148225305995
8,0.9320307455636607
8,0.9456606787236144
8,0.935911578798127
8,0.9251482568366403
8,0.9218186832344801
8,0.8971272356754179
8,0.908378570674394
8,0.8805544190873973
8,0.9169283425166466
8,0.9081496335175412
8,0.9260826619350917
8,0.9049893341505056
8,0.9458897573517252
8,0.8246326884663763
8,0.9300940345254388
8,0.908871662484106
8,0.9353375936816573
8,0.9094238386281753
8,0.9277765676622728
8,0.9128682362732106
8,0.8994892507739767
8,0.9110901374778868
8,0.8748145294413462
8,0.8945471731926451
8,0.9421940215169193
8,0.9084610630033062
8,0.9261520215208731
8,0.8172199727976432
8,0.9095210106348409
8,0.9067821796022414
8,0.9188296242824585
8,0.9621204592446057
8,0.9185141616733563
8,0.9551069265187997
8,0.8978077987291203
8,0.8853967907595346
8,0.921334980105464
8,0.9481900602535389
8,0.909878733411355
8,0.9358285547396539
8,0.8434692638608385
8,0.9625350596197272
8,0.9243733948693149
8,0.9476161842063718
8,0.9233405910912189
8,0.9675056398773285
8,0.9249582872181128
8,0.9297663582080314
8,0.9299454808503007
8,0.8596069650837418
8,0.922900546992596
8,0.9331919693843576
8,0.9244495630239209
8,0.8459098290277018
8,0.8522105650643719
8,0.8424246232202073
8,0.8238993825770665
8,0.8539559336501845
8,0.814372957545408
8,0.8289520201266103
8,0.8285870985578571
8,0.7960764049988314
8,0.8283678193892212
8,0.8318216485285309
8,0.8168724946076847
8,0.920924596475713
8,0.9526593359062282
8,0.9120177995229978
8,0.9709083997196299
8,0.909846407077917
8,0.9374477891475804
8,0.9402624920888811
8,0.8542976443886803
8,0.9111110364114889
8,0.937083505352073
8,0.9272853852044752
8,0.9507724254601284
8,0.895475375509201
8,0.916707120944918
8,0.9126943645736258
8,0.9058085248437734
8,0.883218189422789
8,0.9013384186004848
8,0.9170325289987316
8,0.9118949003658771
8,0.8834197975277444
8,0.9142542655129277
8,0.9382681451582278
8,0.9320178483375456
8,0.9244291400678097
8,0.9121526686629087
8,0.8887217305582163
8,0.9378095525295929
8,0.9333276969627369
8,0.9150055437206716
8,0.9143134873764521
8,0.9363529109871764
8,0.8766790052120476
8,0.8900283072682059
8,0.9156643131891227
8,0.9262709045115595
8,0.8957465277460223
8,0.9422325287986183
8,0.9116637262444319
8,0.9394034480260461
8,0.9380426560191225
8,0.8528024354727749
8,0.9200613837515434
8,0.9422816967537686
8,0.9184518768085712
8,0.9142339437828584
8,0.8825514482517428
8,0.9228058801407231
8,0.9522923384185669
8,0.9201930031220321
8,0.9303891513106675
8,0.9518621769171348
8,0.8572098910662763
8,0.9112301646213673
8,0.947112498063304
8,0.8869345623322328
8,0.8304828378286865
8,0.8936272341268057
8,0.9250928319782803
8,0.9087736179606779
8,0.9148250497112367
8,0.8752464348060992
8,0.8689293466613106
8,0.9053620193722708
8,0.9253347385147598
8,0.8899018053028586
9,0.8302351293142125
9,0.8783696966530309
9,0.9077667408883716
9,0.9075286801541137
9,0.8347850433562329
9,0.830289456691912
9,0.8220439175951415
9,0.898887204035205
9,0.9145858221318014
9,0.9173373605568812
9,0.918234907904751
9,0.9287450639282766
9,0.9297769263728695
9,0.8350071497390069
9,0.7926124055846088
9,0.9101592116366497
9,0.8359962945049887
9,0.8478070030046382
9,0.8105176047234807
9,0.9199944588904818
9,0.7939190553974481
9,0.7724432788995826
9,0.9294774511865513
9,0.8931777515490152
9,0.8893276925205673
9,0.865311294827849
9,0.900993290938189
9,0.9062574322121942
9,0.8728524995699836
9,0.7803143190201336
9,0.8990297477463174
9,0.8754517644928326
9,0.7705846645424371
9,0.8841448705979958
9,0.730092707053371
9,0.8108830039365711
9,0.8591785207519376
9,0.8813120626538483
9,0.8040898422196584
9,0.8486993005928959
9,0.8182294144153115
9,0.7437571857799693
9,0.7377510683287999
9,0.8902801164188056
9,0.9073666968215515
9,0.7473245161829657
9,0.7476370796192211
9,0.8267410192062766
9,0.7188418479001931
9,0.720000891963591
9,0.8364844186203179
9,0.8351882272209418
9,0.886428957407984
9,0.84752502251278
9,0.8068073974212187
9,0.8247468079403649
9,0.821605307392019
9,0.8681253949469897
9,0.8671529923882412
9,0.7992962481706473
9,0.8605183218316265
9,0.7946968178275458
9,0.8733289062666993
9,0.8805075668242148
9,0.8763239329609195
9,0.8483618721652
9,0.873197479449174
9,0.8997094763920804
9,0.7955961094793774
9,0.7897848847357357
9,0.8693798217703056
9,0.8128064961259042
9,0.7796919381621105
9,0.7805575590921219
9,0.9159442228060471
9,0.79847010077726
9,0.739799751764182
9,0.8678652770883807
9,0.9223412558130201
9,0.852677938350716
9,0.8867879705862244
9,0.9004707401647613
9,0.8613620715411658
9,0.9178911618434046
9,0.9582326327998092
9,0.8526057536631678
9,0.8814614962627154
9,0.8000738700037957
9,0.8824873319924846
9,0.9325744086857592
9,0.966122159007932
9,0.8778924546027583
9,0.9333437530431881
9,0.8904020686462764
9,0.8210918988933404
9,0.8200495632277962
9,0.9660797241036235
9,0.8954594059670651
9,0.8072022107505756
9,0.8236991046697785
9,0.9062149107925593
9,0.7878221512868648
9,0.7956968922071068
9,0.9131034135905954
9,0.9258130732730415
9,0.9548673083342959
9,0.9095573943603291
9,0.8800027331609892
9,0.9000161629117166
9,0.9028598435199529
9,0.8585137517482223
9,0.868456300281464
9,0.80713850732567
9,0.9089438942385737
9,0.9398777209940667
9,0.9689530694581904
9,0.8870263367838415
9,0.9275997810508086
9,0.9064842028625669
9,0.8295755392999765
9,0.8189053672586062
9,0.9655166202175722
9,0.8823799568351215
9,0.8218450152223773
9,0.8205596313319419
9,0.9115055623357278
9,0.7893073444438727
9,0.8066140929861811
9,0.9380854690948084
9,0.915924269602126
9,0.9375416298621285
9,0.8926918607722182
9,0.8902092154299638
9,0.9308486485364801
9,0.8923708210499728
9,0.7690114032738649
9,0.9170092078071564
9,0.8208828009435339
9,0.8555169811751316
9,0.8659718866440435
9,0.862764824196955
9,0.8501421249475425
9,0.8191958497996833
9,0.770526001961549
9,0.923115601224122
9,0.8594433579734481
9,0.7871242385499305
9,0.9382617707482157
9,0.9178803256287358
9,0.8403575645339997
9,0.8922651609520488
9,0.7614419541909598
9,0.8373219958237811
9,0.8286015700852617
9,0.8306064510188297
9,0.7978532390173988
9,0.8134551214864182
9,0.8363215357965237
9,0.8112816264843771
9,0.7404936580189191
9,0.8034932450463557
9,0.8583286685166492
9,0.8740447556241969
9,0.800547786974537
9,0.8526193962767088
9,0.8427242167534698
9,0.7498444831143228
9,0.7565641273975908
9,0.866223302840078
9,0.9292046552233977
9,0.7380925501644774
9,0.7747844141827048
9,0.824424559479488
9,0.717107816482356
9,0.7250617820059657
9,0.820391754732345
9,0.9073052968210789
9,0.8888674585266152
9,0.9395230337786201
9,0.8132212841869404
9,0.8184812128268621
9,0.8983268399488291
9,0.8244050172077028
9,0.8163848881039173
9,0.8061985861342533
9,0.8406660871282491
9,0.8021087873353803
9,0.8333982677705188
9,0.7611721419149057
9,0.9392489255398261
9,0.8070117019150934
9,0.7491106454639311
9,0.9155575035315546
9,0.924314116609849
9,0.8258449812237937
9,0.9240903230039272
9,0.7285192438837692
9,0.8290411632229905
9,0.7907664268535288
9,0.774791796649959
9,0.7588816539488484
9,0.8216254128474118
9,0.8161588846218507
9,0.7750839499441602
9,0.8962960456974552
9,0.8905414919283229
9,0.9035226591975382
9,0.8775242826087108
9,0.9285570216874514
9,0.8225261584956087
9,0.7873675409474947
9,0.8947650939276541
9,0.8163865025598291
9,0.8435260326372446
9,0.7834672411571946
9,0.9230624829371434
9,0.8253656399561626
9,0.7700347361132429
9,0.9472942222379186
9,0.8582359116331116
9,0.8618267109897594
9,0.8213527906413446
9,0.9386320619034669
9,0.9249161380370611
9,0.832274567661622
9,0.9480998699376372
9,0.8910542625544289
9,0.9310917611763367
9,0.9124822922967729
9,0.8344636165642219
9,0.8111179907738587
9,0.9432474946780153
9,0.899042980070083
9,0.8436797327224946
9,0.8150041087266465
9,0.9256326500179373
9,0.7986127436200516
9,0.791504122761649
9,0.9144154104914869
9,0.9233032626960349
9,0.9237001036659149
9,0.8920292206511079
9,0.885181654890859
9,0.9172952133305845
9,0.9029728519308585
9,0.8958113893298337
9,0.943902816309098
9,0.8985625995381606
9,0.8286524838009787
9,0.8171885931519558
9,0.9670626319996063
9,0.9012564824045718
9,0.8280776137679199
9,0.8291618410040571
9,0.9222412082670604
9,0.7919742003432678
9,0.805098728119116
9,0.9142656888390843
9,0.9246739108762999
9,0.9530827710488142
9,0.9112593999361213
9,0.8803428941162574
9,0.9081241605516512
9,0.910791123539049
9,0.8880286271931629
9,0.9097714881859972
9,0.8127300692254997
9,0.8095475331206359
9,0.8847973160964197
9,0.8218537139973497
9,0.8913365540749061
9,0.8183054065510054
9,0.8956057865181539
9,0.8186232092678583
9,0.7605022834784756
9,0.911056712570805
9,0.8528201548642896
9,0.8637636925035463
9,0.8307770441998401
9,0.8892578819160798
9,0.8946687529195911
9,0.8348402909577938
9,0.8942956644643035
9,0.8203145286845233
9,0.8025777608255188
9,0.9372841762719128
9,0.8633067886291459
9,0.8211431115208939
9,0.8224567553115519
9,0.9070096196575947
9,0.7835105578888161
9,0.7850568903652987
9,0.9079483943015207
9,0.9082539545086938
9,0.934345350020354
9,0.8920202082545423
9,0.8763738116644832
9,0.8930835030936423
9,0.8873772893058539
9,0.8323126313622047
9,0.7949109314951527
9,0.8968812146659566
9,0.837397323030322
9,0.8487557436676363
9,0.8060327007110658
9,0.9178893720467188
9,0.8066927821206115
9,0.7598601416847416
9,0.9298537821477162
9,0.8918349905632751
9,0.867342459983498
9,0.858710510717835
9,0.9359497367727045
9,0.9117390286593895
9,0.8688766376358523
9,0.7412138298820409
9,0.8295483239016569
9,0.7682993122181149
9,0.7739012719535027
9,0.7454170333409158
9,0.8279632348483497
9,0.7406591223510598
9,0.7486450832014705
9,0.8449058941586575
9,0.8018160763140987
9,0.7998562633341156
9,0.7716366224366228
9,0.8026410701654786
9,0.8618924456584185
9,0.7750968974519502
9,0.8188836831682368
9,0.7605272303397347
9,0.8755563987139697
9,0.9398404146787694
9,0.8023673370604649
9,0.9004731085984968
9,0.7316562190425815
9,0.798915423153249
9,0.8133108313546594
9,0.791872876325801
9,0.7829608650162538
9,0.7923228276023551
9,0.80097909608566
9,0.7967778632751729
9,0.8892588650491234
9,0.8222745682777681
9,0.8286788709000344
9,0.9053523117797443
9,0.7994905442072457
9,0.8084901632738164
9,0.9259955417637658
9,0.9134765253658413
9,0.9366334397211883
9,0.8897657224820613
9,0.8861730101271353
9,0.919519179908804
9,0.8903652890383231
9,0.7665429169284406
9,0.7694116545445624
9,0.8439745202564799
9,0.7325211198039888
9,0.7470149002191623
9,0.8305802185381684
9,0.8754191806551908
9,0.9112377477399188
9,0.9042639212563011
9,0.8042408866203006
9,0.8364457786583094
9,0.8653453163121989
9,0.8834311277457031
9,0.8362047283987984
9,0.8925049304056161
9,0.7357681405017946
9,0.8452692313130514
9,0.788427770610826
9,0.7949812174097011
9,0.767356813199706
9,0.8234907665214924
9,0.8362315586091816
9,0.7770167906273026
9,0.7921890236100432
9,0.8817614930370207
9,0.7333673471101885
9,0.803773756211956
9,0.8067012858259243
9,0.798668848279173
9,0.7937985109182782
9,0.7905371947026096
9,0.7996355421084411
9,0.7942257693228055
9,0.8245712148107252
9,0.7804071171600692
9,0.9113106416740127
9,0.8971688341482796
9,0.8983592160203492
9,0.8606700151945529
9,0.9337854456502436
9,0.90290579973758
9,0.8768312399138092
9,0.732342265383503
9,0.8070871247511778
9,0.7702102240638471
9,0.7598164884473455
9,0.7352623287697191
9,0.8371291789546151
9,0.8034465026984333
9,0.7523160905356656
9,0.781853691846458
9,0.7623853333907155
9,0.7718868642717838
9,0.7497121602401137
9,0.7615423694787001
9,0.7897041204131792
9,0.7450138630414382
9,0.8694131885144374
9,0.8824461540754297
9,0.8390639164258037
9,0.9177695456556236
9,0.9520389806492521
9,0.8446125756729034
9,0.9116106527094611
9,0.9423597147863491
9,0.871475179105397
9,0.8715519436518606
9,0.9562177578703069
9,0.9294588248259215
9,0.8502259313199535
9,0.8759149250413013
9,0.8952614313283614
9,0.8294604092633491
9,0.8385442548723436
9,0.9389706571890326
9,0.8998857353646021
9,0.8435585655799825
9,0.8438388810236815
10,0.6775319185343835
10,0.7167569148714036
10,0.6838483008017909
10,0.734092612397336
10,0.7239616383095044
10,0.69984865302665
10,0.6947672890303173
10,0.69790757514218
10,0.7810298708944312
10,0.7590456022095763
10,0.9061298990974338
10,0.7501341406138766
10,0.8609769911176192
10,0.6634473230966996
10,0.8270363648136045
10,0.752621631779304
10,0.752546599702716
10,0.7139324513162976
10,0.9147823958241387
10,0.8055911790317106
10,0.6861350544415865
10,0.6443241735921997
10,0.7902068946632547
10,0.6779415488107399
10,0.7085325384866231
10,0.6873717136690137
10,0.5943834772541963
10,0.7989787904165447
10,0.7002175920088618
10,0.6345882686654934
10,0.7571523301119721
10,0.6728002323328007
10,0.8045062896486721
10,0.7784587882798111
10,0.6153656985819221
10,0.6255615732442443
10,0.7451288523064546
10,0.651991341417166
10,0.6555054308760796
10,0.6860668272836168
10,0.6280629799740949
10,0.6103867415464632
10,0.602740094693424
10,0.8143558953732457
10,0.6910395721287765
10,0.7169427809269946
10,0.6427320158194584
10,0.7449413954671987
10,0.7245886646541946
10,0.8879325893486187
10,0.7335816050166454
10,0.8106846370407255
10,0.6360249038123623
10,0.6073122070748772
10,0.5514002224586346
10,0.7404798131689452
10,0.6187373258359368
10,0.6939200936071973
10,0.7855806943582155
10,0.7128099506193768
10,0.7299158752648376
10,0.6479593495118817
10,0.6819851657866126
10,0.7827587737040758
10,0.7070501734022889
10,0.6784559756532447
10,0.8045575781242575
10,0.6748840616529173
10,0.7094790244595753
10,0.639115015131488
10,0.7384367585519122
10,0.775956397964437
10,0.6850435960081447
10,0.6923800023712139
10,0.7952909381311847
10,0.687639840766696
10,0.6200722906329311
10,0.7605446440767523
10,0.6220717404175039
10,0.6695466856969433
10,0.6417793027918252
10,0.7212797779504874
10,0.7813639038262178
10,0.88365757812544
10,0.6981314229722815
10,0.8353399759090712
10,0.8077584856050274
10,0.6355645398770472
10,0.6573112730303499
10,0.7387322419286382
10,0.676520670831813
10,0.6405253655901777
10,0.7192916916409935
10,0.6208736165949122
10,0.6266579124755228
10,0.617566515092079
10,0.8218003728765875
10,0.7105354017072338
10,0.7362759524600986
10,0.6382289577298592
10,0.7488046956812151
10,0.8944566914884081
10,0.7094483853454309
10,0.7335248601044393
10,0.7256450289740364
10,0.6777719123691414
10,0.6227840555939654
10,0.6304631932110408
10,0.7398414949035385
10,0.674973433674728
10,0.8126103462860187
10,0.7782584889120654
10,0.7313660422647249
10,0.6370394861905253
10,0.8877678885973052
10,0.7100161073153867
10,0.7802940797826189
10,0.899859953179047
10,0.7527821698829721
10,0.6603731259622728
10,0.7541552698370692
10,0.7041424311705622
10,0.9280123259570789
10,0.6453937342072518
10,0.7225576358791804
10,0.8918263322316542
10,0.6602361893043744
10,0.6323432006997549
10,0.7839719280422603
10,0.7054076286126825
10,0.6672946718232883
10,0.7391925439375934
10,0.6422764545914936
10,0.892907329561696
10,0.7597287223540018
10,0.9024656586471871
10,0.7079649154787567
10,0.6777480485648302
10,0.7945036134117106
10,0.7062474940970641
10,0.7159938350126256
10,0.8135025484326865
10,0.6913255461171796
10,0.6321577193494073
10,0.696778801844776
10,0.8517345701974152
10,0.829291360589178
10,0.759839212294885
10,0.7031155395539962
10,0.8335591032102697
10,0.7856705658751458
10,0.7753844834730909
10,0.7888466787656728
10,0.8249052606771445
10,0.698554748310939
10,0.7030900416751812
10,0.6589742457593645
10,0.8025059640448502
10,0.6984165956808898
10,0.6506387707818014
10,0.6625159961707205
10,0.7326108648985236
10,0.6831863098653719
10,0.6562717371635916
10,0.7797058644010404
10,0.6343950297755085
10,0.622136363139544
10,0.6382496448657767
10,0.8368439670818526
10,0.777851006418336
10,0.7462257435406573
10,0.6575592940697901
10,0.7582129226361756
10,0.7713109158681186
10,0.7519745136999362
10,0.7424295876605872
10,0.7713738291798923
10,0.6819075566149987
10,0.6426389412779283
10,0.6987932537514862
10,0.7384108049289883
10,0.7169125682298634
10,0.7455923117672453
10,0.7640256063100556
10,0.892790471327661
10,0.7130743693925964
10,0.7182006767612228
10,0.7004572143430962
10,0.6004175377275102
10,0.6949481011842626
10,0.6804441727736417
10,0.7445591904557768
10,0.6984895716601365
10,0.6874794231100337
10,0.7739184952401941
10,0.6138390509769288
10,0.5995432567003708
10,0.7306584821287472
10,0.6636028258534002
10,0.8250256397358138
10,0.9373702261666892
10,0.6399913760295568
10,0.7675077413208788
10,0.6461006684189476
10,0.6961787595914876
10,0.799966213649777
10,0.6484839843631326
10,0.6459511806147215
10,0.637607751765707
10,0.6832039639971629
10,0.5937602976398724
10,0.7455812505632087
10,0.6418426985612453
10,0.7506743938584286
10,0.682392178734386
10,0.6942670002077781
10,0.693998479107301
10,0.633193053140189
10,0.7226764919988435
10,0.616827223692259
10,0.8507173830096542
10,0.7275946463964101
10,0.7154998427210967
10,0.6985111342274182
10,0.6435789744554383
10,0.7516948612331883
10,0.8334397142287299
10,0.853973978934004
10,0.7955076817059337
10,0.7186917961139684
10,0.7739678506057828
10,0.763153966808775
10,0.8633061259116999
10,0.7029488606941354
10,0.774503234934058
10,0.9131962130782733
10,0.7033188301989083
10,0.6932887793520173
10,0.8648416346107002
10,0.7489616238226501
10,0.7205072853726853
10,0.7594559437242347
10,0.6218816923560241
10,0.9622589876625164
10,0.7449046429513211
10,0.709224719934912
10,0.7165518498460094
10,0.6895253439090917
10,0.638377837079413
10,0.6733234547350136
10,0.7306130028928782
10,0.7254104572325004
10,0.7553593875508109
10,0.7014577130168878
10,0.7803322229903009
10,0.6609597411029062
10,0.6228345786361444
10,0.7316053259213519
10,0.6485295697362514
10,0.8878319565518684
10,0.8798321058287849
10,0.6777312013036889
10,0.7569264185572945
10,0.694773579914993
10,0.7539772723054541
10,0.9231126412499634
10,0.6367280484578245
10,0.8845897370415662
10,0.705023369070316
10,0.7631190958064664
10,0.6573180692324849
10,0.8960512839840549
10,0.8124651340646446
10,0.6331967776585828
10,0.6214010701518395
10,0.7946551612881962
10,0.6926940388522007
10,0.6728278378744067
10,0.7212354542109654
10,0.5573701805327113
10,0.8393336987844963
10,0.6469729130613617
10,0.7279941152285608
10,0.6718302282052903
10,0.7523262301547109
10,0.7289327933061867
10,0.9271931829026878
10,0.6727376330516188
10,0.7482449180390446
10,0.8958445077598501
10,0.6772701277304122
10,0.6429219034754451
10,0.7942472429246701
10,0.7050792814401096
10,0.6750659303152138
10,0.710947740041356
10,0.6554870711954028
10,0.8617523508044838
10,0.7945123894167293
10,0.654341493086826
10,0.8719880985111721
10,0.7326030546319418
10,0.7355202778142982
10,0.6478765371432547
10,0.8783052985466122
10,0.7846004288060785
10,0.6351188128426623
10,0.6521387305442514
10,0.7978187347145788
10,0.7093673219653455
10,0.6503998212019602
10,0.7000815335061118
10,0.5518458003524974
10,0.8084323707704818
10,0.6682219003180041
10,0.5847062884862477
10,0.7269347625943202
10,0.6541848245612135
10,0.6355730141548344
10,0.6677595977695384
10,0.7126250850621533
10,0.6600904012593901
10,0.6354503785882665
10,0.7391944389017744
10,0.600843115272697
10,0.6563935514701698
10,0.5810125305471792
10,0.5960257515817713
10,0.7171010086230938
10,0.6774938765252141
10,0.6493729182827557
10,0.7588889963378215
10,0.6085024970382509
10,0.8313230649595272
10,0.7735627189857769
10,0.5885302324786479
10,0.5760654628572344
10,0.7223755719321866
10,0.6699240268873135
10,0.6280878555709971
10,0.6955382357378972
10,0.5359279258404628
10,0.7894770739053996
10,0.6405284037514094
10,0.7206100966291742
10,0.8269116462464704
10,0.7363128875557386
10,0.7781281005187914
10,0.8314935645846181
10,0.8584391274548235
10,0.8263679005212393
10,0.8228158177437338
10,0.7263968450248628
10,0.6642969935694262
10,0.662132364257658
10,0.7700906380721149
10,0.7319618588263062
10,0.6707059357503745
10,0.7434770717679451
10,0.9143037610840344
10,0.6718381705411041
10,0.6462078756047245
10,0.7793714160606712
10,0.7206299062577626
10,0.6796980154993109
10,0.7399151528106614
10,0.634715691393423
10,0.8716750757588501
10,0.7740314714899306
10,0.6772837801979879
10,0.7157824041224348
10,0.735785963826393
10,0.7158520535335036
10,0.7380634935160986
10,0.7031925935120013
10,0.7358761712392833
10,0.6809752488416713
10,0.6516535768634324
10,0.705897319251978
10,0.6673438395245019
10,0.7959350292485314
10,0.6778744863808022
10,0.6403459496532451
10,0.804040956973849
10,0.6811510144928
10,0.663404982447363
10,0.6758433526870389
10,0.5636993349358497
10,0.7888187217972688
10,0.6746353983238471
10,0.7179933229955058
10,0.6982470792935717
10,0.8442648114960267
10,0.7564303438515788
10,0.7278215761128989
10,0.7706822579766851
10,0.6334139080266399
10,0.9207246552120794
10,0.7756543540044053
10,0.7417015662962315
10,0.7561297187803098
10,0.7307903141725449
10,0.6655525104427998
10,0.5991456681604732
10,0.6045936823801128
10,0.7045507752481902
10,0.6656887605560339
10,0.7420163204669462
10,0.820490136298116
10,0.6222016648108948
10,0.582098183023318
10,0.5448445831278657
10,0.6914920325352201
10,0.6244474968972651
10,0.7702442192282484
10,0.7190969247255073
10,0.714652387979483
10,0.6242022667281293
10,0.8608722262624402
10,0.7310520421042245
10,0.6303171810256353
10,0.6648756431250679
10,0.5405765339856347
10,0.756739784356154
10,0.6315254146347915
10,0.8110209703757683
10,0.7234933581283595
10,0.7172512338436396
10,0.6416189724024198
10,0.6328612989628896
10,0.7754315828992469
10,0.6319946626397872
10,0.6227293081586969
10,0.7223422336006144
10,0.7539780467172845
