feature,feature_cluster,dendrogram_order
D594,12,0
D236,11,1
D387,1,2
D225,1,3
D491,1,4
D833,2,5
D832,2,6
D578,2,7
D654,2,8
D653,2,9
D734,2,10
D798,2,11
D499,2,12
D908,2,13
D733,2,14
D907,2,15
D498,2,16
D797,2,17
D732,2,18
D893,2,19
D894,2,20
D895,2,21
D896,2,22
D897,2,23
D898,2,24
D906,2,25
D497,2,26
D796,2,27
D731,2,28
D579,2,29
D794,2,30
D495,2,31
D904,2,32
D59,2,33
D649,2,34
D191,2,35
D223,2,36
D889,2,37
D890,2,38
D891,2,39
D892,2,40
D793,2,41
D494,2,42
D903,2,43
D730,2,44
D905,2,45
D496,2,46
D795,2,47
D729,2,48
D410,2,49
D409,2,50
D728,2,51
D792,2,52
D493,2,53
D902,2,54
D900,2,55
D901,2,56
D492,2,57
D791,2,58
D882,2,59
D881,2,60
D883,2,61
D880,2,62
D224,2,63
D192,2,64
D172,2,65
D197,2,66
D650,2,67
D651,2,68
D652,2,69
D884,2,70
D101,3,71
D82,3,72
D169,3,73
D213,4,74
D534,4,75
D542,4,76
D544,4,77
D347,4,78
D543,4,79
D523,4,80
D190,4,81
D709,4,82
D317,4,83
D845,4,84
D776,4,85
D481,4,86
D777,4,87
D482,4,88
D846,4,89
D710,4,90
D400,4,91
D221,4,92
D635,4,93
D841,4,94
D4,4,95
D189,4,96
D636,4,97
D81,5,98
D948,5,99
D148,5,100
D134,5,101
D138,5,102
D183,5,103
D210,5,104
D132,5,105
D163,5,106
D129,5,107
D85,5,108
D133,5,109
D140,5,110
D147,5,111
D154,5,112
D141,5,113
D153,5,114
D144,5,115
D61,5,116
D136,5,117
D97,5,118
D98,5,119
D932,5,120
D222,5,121
D775,5,122
D231,5,123
D228,6,124
D937,6,125
D812,6,126
D517,6,127
D446,6,128
D767,6,129
D768,6,130
D447,6,131
D813,6,132
D938,6,133
D936,6,134
D811,6,135
D516,6,136
D445,6,137
D766,6,138
D765,6,139
D444,6,140
D515,6,141
D810,6,142
D935,6,143
D161,6,144
D12,6,145
D926,6,146
D927,6,147
D925,6,148
D933,6,149
D514,6,150
D808,6,151
D763,6,152
D442,6,153
D505,6,154
D504,6,155
D802,6,156
D479,6,157
D168,6,158
D219,6,159
D71,6,160
D1,6,161
D76,6,162
D55,6,163
D443,6,164
D764,6,165
D809,6,166
D934,6,167
D92,6,168
D135,6,169
D747,6,170
D469,6,171
D187,6,172
D217,6,173
D64,6,174
D56,6,175
D79,6,176
D2,6,177
D14,6,178
D36,6,179
D441,6,180
D513,6,181
D807,6,182
D762,6,183
D75,6,184
D43,6,185
D105,6,186
D218,6,187
D62,6,188
D512,6,189
D167,6,190
D806,6,191
D49,6,192
D107,6,193
D45,6,194
D48,6,195
D69,6,196
D103,6,197
D54,6,198
D207,6,199
D180,6,200
D137,6,201
D950,6,202
D96,6,203
D128,6,204
D151,6,205
D143,6,206
D149,6,207
D142,6,208
D150,6,209
D226,6,210
D202,6,211
D175,6,212
D60,6,213
D951,6,214
D9,6,215
D6,6,216
D10,6,217
D7,6,218
D158,6,219
D198,6,220
D31,6,221
D173,6,222
D201,6,223
D106,6,224
D8,6,225
D16,6,226
D18,6,227
D127,6,228
D21,6,229
D20,6,230
D947,6,231
D11,6,232
D68,6,233
D159,6,234
D199,6,235
D160,6,236
D13,6,237
D65,6,238
D57,6,239
D673,6,240
D459,6,241
D623,6,242
D625,6,243
D675,6,244
D674,6,245
D460,6,246
D624,6,247
D622,6,248
D458,6,249
D672,6,250
D162,6,251
D196,6,252
D200,6,253
D457,6,254
D621,6,255
D597,6,256
D90,6,257
D89,6,258
D19,6,259
D99,6,260
D30,6,261
D928,6,262
D742,6,263
D38,6,264
D24,6,265
D29,6,266
D598,6,267
D661,6,268
D662,6,269
D949,6,270
D32,6,271
D87,6,272
D177,6,273
D659,6,274
D660,6,275
D67,6,276
D130,6,277
D152,6,278
D126,6,279
D145,6,280
D139,6,281
D74,6,282
D102,6,283
D17,6,284
D911,6,285
D80,6,286
D95,6,287
D70,6,288
D77,6,289
D100,6,290
D131,6,291
D88,6,292
D5,6,293
D83,6,294
D78,6,295
D146,6,296
D91,6,297
D86,6,298
D84,6,299
D47,6,300
D26,6,301
D25,6,302
D39,6,303
D46,6,304
D181,6,305
D204,6,306
D208,6,307
D209,6,308
D182,6,309
D595,6,310
D596,6,311
D52,6,312
D677,6,313
D462,6,314
D627,6,315
D626,6,316
D461,6,317
D676,6,318
D328,6,319
D329,6,320
D366,6,321
D613,6,322
D614,6,323
D367,6,324
D941,6,325
D520,6,326
D816,6,327
D771,6,328
D772,6,329
D448,6,330
D521,6,331
D817,6,332
D942,6,333
D940,6,334
D519,6,335
D815,6,336
D770,6,337
D769,6,338
D518,6,339
D814,6,340
D939,6,341
D330,6,342
D379,6,343
D690,6,344
D703,6,345
D476,6,346
D754,6,347
D433,6,348
D340,6,349
D393,6,350
D380,6,351
D691,6,352
D434,6,353
D755,6,354
D477,6,355
D704,6,356
D394,6,357
D341,6,358
D423,6,359
D422,6,360
D421,6,361
D420,6,362
D419,6,363
D365,6,364
D612,6,365
D693,6,366
D382,6,367
D396,6,368
D343,6,369
D436,6,370
D757,6,371
D706,6,372
D395,6,373
D342,6,374
D435,6,375
D756,6,376
D705,6,377
D692,6,378
D381,6,379
D344,6,380
D707,6,381
D478,6,382
D758,6,383
D760,6,384
D708,6,385
D759,6,386
D944,6,387
D819,6,388
D774,6,389
D773,6,390
D818,6,391
D522,6,392
D943,6,393
D316,6,394
D780,6,395
D567,6,396
D593,6,397
D946,6,398
D467,6,399
D383,6,400
D694,6,401
D679,6,402
D464,6,403
D629,6,404
D630,6,405
D465,6,406
D680,6,407
D615,6,408
D669,6,409
D668,6,410
D667,6,411
D666,6,412
D665,6,413
D803,6,414
D912,6,415
D913,6,416
D929,6,417
D743,6,418
D424,6,419
D616,6,420
D631,6,421
D466,6,422
D681,6,423
D664,6,424
D663,6,425
D628,6,426
D463,6,427
D678,6,428
D611,6,429
D364,6,430
D602,6,431
D33,6,432
D211,6,433
D156,6,434
D73,6,435
D15,6,436
D212,6,437
D185,6,438
D249,6,439
D227,6,440
D697,6,441
D470,6,442
D748,6,443
D34,6,444
D42,6,445
D37,6,446
D250,6,447
D363,6,448
D610,6,449
D609,6,450
D362,6,451
D392,6,452
D339,6,453
D432,6,454
D753,6,455
D475,6,456
D702,6,457
D689,6,458
D378,6,459
D377,6,460
D688,6,461
D752,6,462
D474,6,463
D701,6,464
D391,6,465
D338,6,466
D431,6,467
D390,6,468
D337,6,469
D430,6,470
D751,6,471
D473,6,472
D700,6,473
D428,6,474
D749,6,475
D698,6,476
D471,6,477
D335,6,478
D388,6,479
D336,6,480
D389,6,481
D699,6,482
D472,6,483
D750,6,484
D429,6,485
D327,6,486
D376,6,487
D687,6,488
D686,6,489
D375,6,490
D326,6,491
D359,6,492
D165,6,493
D215,6,494
D360,6,495
D415,6,496
D373,6,497
D416,6,498
D417,6,499
D418,6,500
D361,6,501
D608,6,502
D741,6,503
D740,6,504
D739,6,505
D3,6,506
D607,6,507
D66,6,508
D325,6,509
D374,6,510
D427,6,511
D186,6,512
D40,6,513
D685,6,514
D440,6,515
D334,6,516
D214,6,517
D164,6,518
D426,6,519
D480,6,520
D386,6,521
D237,6,522
D216,6,523
D166,6,524
D58,6,525
D178,6,526
D205,6,527
D63,6,528
D35,6,529
D155,6,530
D194,6,531
D104,6,532
D22,6,533
D53,6,534
D44,6,535
D119,6,536
D110,6,537
D545,6,538
D348,6,539
D346,6,540
D258,6,541
D251,6,542
D266,6,543
D278,6,544
D711,6,545
D118,6,546
D109,6,547
D111,6,548
D120,6,549
D112,6,550
D121,6,551
D113,6,552
D122,6,553
D123,6,554
D114,6,555
D124,6,556
D115,6,557
D116,6,558
D125,6,559
D321,6,560
D263,6,561
D292,6,562
D590,6,563
D562,6,564
D529,6,565
D553,6,566
D552,6,567
D551,6,568
D264,6,569
D591,6,570
D456,6,571
D563,6,572
D530,6,573
D564,6,574
D592,6,575
D531,6,576
D265,6,577
D565,6,578
D532,6,579
D528,6,580
D589,6,581
D561,6,582
D291,6,583
D778,6,584
D290,6,585
D262,6,586
D320,6,587
D588,6,588
D455,6,589
D560,6,590
D527,6,591
D268,6,592
D259,6,593
D287,6,594
D569,6,595
D267,6,596
D525,6,597
D526,6,598
D586,6,599
D453,6,600
D558,6,601
D260,6,602
D288,6,603
D318,6,604
D587,6,605
D454,6,606
D559,6,607
D554,6,608
D449,6,609
D583,6,610
D582,6,611
D585,6,612
D452,6,613
D557,6,614
D556,6,615
D451,6,616
D524,6,617
D584,6,618
D319,6,619
D261,6,620
D289,6,621
D315,6,622
D314,6,623
D313,6,624
D312,6,625
D311,6,626
D310,6,627
D309,6,628
D229,6,629
D844,6,630
D843,6,631
D842,6,632
D117,6,633
D108,6,634
D555,6,635
D712,6,636
D279,6,637
D546,6,638
D349,6,639
D280,6,640
D547,6,641
D350,6,642
D352,6,643
D550,6,644
D283,6,645
D282,6,646
D549,6,647
D351,6,648
D548,6,649
D281,6,650
D270,6,651
D848,6,652
D849,6,653
D850,6,654
D274,6,655
D539,6,656
D535,6,657
D537,6,658
D536,6,659
D272,6,660
D538,6,661
D273,6,662
D600,6,663
D601,6,664
D599,7,665
D50,7,666
D93,7,667
D248,8,668
D195,8,669
D157,8,670
D203,8,671
D174,8,672
D233,8,673
D246,8,674
D41,9,675
D206,9,676
D915,9,677
D916,9,678
D914,9,679
D917,9,680
D918,9,681
D919,9,682
D920,9,683
D508,9,684
D855,10,685
D486,10,686
D876,10,687
D643,10,688
D220,10,689
D863,10,690
D864,10,691
D865,10,692
D866,10,693
D867,10,694
