reordered_position,original_row_index,kmeans_cluster
0,878,0
1,1214,0
2,18,0
3,3508,0
4,2420,0
5,38,0
6,1547,0
7,2586,0
8,3319,0
9,664,0
10,1945,0
11,3305,0
12,1425,0
13,3259,0
14,3177,0
15,3682,0
16,193,0
17,2630,0
18,1987,0
19,2492,0
20,2166,0
21,3289,0
22,3105,0
23,1191,0
24,3739,0
25,3544,0
26,1626,0
27,1447,0
28,1099,0
29,2110,0
30,1664,0
31,3465,0
32,3729,0
33,1845,0
34,517,0
35,1709,0
36,650,0
37,1832,0
38,2450,0
39,3550,0
40,1979,0
41,183,0
42,1110,0
43,2170,0
44,1231,0
45,244,0
46,924,0
47,2039,0
48,1452,0
49,3013,0
50,647,0
51,216,0
52,2548,0
53,560,0
54,3484,0
55,2447,0
56,2916,0
57,1014,0
58,836,0
59,1124,0
60,93,0
61,2475,0
62,3008,0
63,1291,0
64,619,0
65,2595,0
66,3665,0
67,3222,0
68,2943,0
69,380,0
70,421,0
71,1885,0
72,535,0
73,458,0
74,3197,0
75,2040,0
76,3301,0
77,1624,0
78,3,0
79,556,0
80,3057,0
81,356,0
82,322,0
83,755,0
84,348,0
85,1096,0
86,3216,0
87,3118,0
88,3555,0
89,801,0
90,2677,0
91,3377,0
92,2599,0
93,81,0
94,2565,0
95,3475,0
96,2116,0
97,1654,0
98,2682,0
99,2377,0
100,2556,0
101,3306,0
102,2386,0
103,1006,0
104,2766,0
105,2997,0
106,2375,0
107,1319,0
108,1940,0
109,3662,0
110,2314,0
111,446,0
112,2886,0
113,3060,0
114,2642,0
115,2499,0
116,3684,0
117,1298,0
118,883,0
119,233,0
120,1274,0
121,1691,0
122,2822,0
123,522,0
124,277,0
125,898,0
126,551,0
127,97,0
128,3204,0
129,1531,0
130,452,0
131,2904,0
132,3165,0
133,2680,0
134,2054,0
135,1959,0
136,3249,0
137,2254,0
138,1523,0
139,784,0
140,1741,0
141,2128,0
142,995,0
143,2649,0
144,974,0
145,3244,0
146,1694,0
147,2864,0
148,3137,0
149,1797,0
150,3583,0
151,238,0
152,3615,0
153,2340,0
154,3596,0
155,1211,0
156,1025,0
157,171,0
158,1139,0
159,1273,0
160,2882,0
161,482,0
162,1745,0
163,579,0
164,859,0
165,10,0
166,573,0
167,2910,0
168,396,0
169,1688,0
170,1548,0
171,1934,0
172,2753,0
173,2898,0
174,2802,0
175,2938,0
176,578,0
177,2298,0
178,996,0
179,2889,0
180,2514,0
181,1350,0
182,409,0
183,2983,0
184,2332,0
185,68,0
186,652,0
187,1179,0
188,649,0
189,2914,0
190,1930,0
191,1445,0
192,2857,0
193,1647,0
194,3227,0
195,2804,0
196,554,0
197,2237,0
198,2414,0
199,1249,0
200,593,0
201,1456,0
202,1859,0
203,1665,0
204,1728,0
205,858,0
206,1833,0
207,691,0
208,873,0
209,2984,0
210,553,0
211,402,0
212,928,0
213,1336,0
214,417,0
215,443,0
216,213,0
217,3394,0
218,1529,0
219,3616,0
220,893,0
221,3209,0
222,1294,0
223,572,0
224,1143,0
225,3163,0
226,2391,0
227,2708,0
228,85,0
229,1007,0
230,2596,0
231,826,0
232,3393,0
233,1963,0
234,1932,0
235,2590,0
236,1788,0
237,1681,0
238,355,0
239,1152,0
240,241,0
241,2288,0
242,3395,0
243,2009,0
244,794,0
245,1315,0
246,831,0
247,1241,0
248,2413,0
249,798,0
250,1181,0
251,2863,0
252,1622,0
253,2646,0
254,2466,0
255,2896,0
256,546,0
257,272,0
258,2067,0
259,3139,0
260,2815,0
261,1038,0
262,786,0
263,1842,0
264,3174,0
265,1357,0
266,1485,0
267,697,0
268,2539,0
269,2855,0
270,3603,0
271,14,0
272,2899,0
273,595,0
274,150,0
275,1978,0
276,349,0
277,1862,0
278,656,0
279,2545,0
280,2302,0
281,2783,0
282,245,0
283,24,0
284,1322,0
285,1461,0
286,2037,0
287,915,0
288,3670,0
289,159,0
290,335,0
291,76,0
292,3190,0
293,1244,0
294,3416,0
295,2416,0
296,759,0
297,819,0
298,1420,0
299,747,0
300,1354,0
301,32,0
302,2927,0
303,2403,0
304,701,0
305,1360,0
306,861,0
307,2692,0
308,1278,0
309,3309,0
310,2315,0
311,1358,0
312,178,0
313,3708,0
314,1067,0
315,220,0
316,574,0
317,1558,0
318,1121,0
319,1400,0
320,2587,0
321,1493,0
322,314,0
323,3333,0
324,2097,0
325,2551,0
326,2688,0
327,2994,0
328,1328,0
329,766,0
330,2973,0
331,1802,0
332,3036,0
333,2652,0
334,631,0
335,2129,0
336,2061,0
337,2494,0
338,1826,0
339,3086,0
340,3710,0
341,1610,0
342,1733,0
343,1210,0
344,1598,0
345,3064,0
346,1318,0
347,2608,0
348,2776,0
349,1109,0
350,1015,0
351,1976,0
352,3345,0
353,921,0
354,833,0
355,1451,0
356,3604,0
357,1312,0
358,332,0
359,1021,0
360,2478,0
361,3173,0
362,2372,0
363,2056,0
364,3506,0
365,2001,0
366,2197,0
367,932,0
368,1794,0
369,494,0
370,3548,0
371,1641,0
372,1112,0
373,2292,0
374,3389,0
375,2483,0
376,2059,0
377,2081,0
378,2210,0
379,2790,0
380,1417,0
381,1756,0
382,2278,0
383,3355,0
384,1118,0
385,2469,0
386,3106,0
387,1260,0
388,2982,0
389,3068,0
390,1661,0
391,2880,0
392,2616,0
393,754,0
394,1366,0
395,711,0
396,1562,0
397,2823,0
398,3046,0
399,2812,0
400,41,0
401,781,0
402,1100,0
403,2632,0
404,2217,0
405,2224,0
406,1419,0
407,1920,0
408,947,0
409,2212,0
410,2053,0
411,3153,0
412,2175,0
413,2883,0
414,447,0
415,3148,0
416,3557,0
417,2673,0
418,1631,0
419,545,0
420,144,0
421,2808,0
422,532,0
423,3260,0
424,1499,0
425,1587,0
426,1178,0
427,3181,0
428,2949,0
429,2473,0
430,2353,0
431,3661,0
432,3512,0
433,86,0
434,2557,0
435,1450,0
436,3549,0
437,3688,0
438,3520,0
439,1459,0
440,570,0
441,2529,0
442,1255,0
443,1637,0
444,3489,0
445,161,0
446,2065,0
447,2214,0
448,2249,0
449,74,0
450,3516,0
451,1044,0
452,1625,0
453,111,0
454,1280,0
455,2820,0
456,2339,0
457,1050,0
458,606,0
459,2489,0
460,3257,0
461,2232,0
462,2917,0
463,3143,0
464,167,0
465,2992,0
466,1848,0
467,3232,0
468,1314,0
469,3017,0
470,1343,0
471,1566,0
472,2689,0
473,206,0
474,2267,0
475,879,0
476,1308,0
477,2533,0
478,2838,0
479,1175,0
480,1590,0
481,2769,0
482,511,0
483,1755,0
484,531,0
485,3343,0
486,1524,0
487,2364,0
488,2686,0
489,3258,0
490,3286,0
491,2390,0
492,3463,0
493,561,0
494,2284,0
495,969,0
496,1207,0
497,2257,0
498,3290,0
499,2365,0
500,1936,0
501,1055,0
502,1993,0
503,1159,0
504,1577,0
505,1855,0
506,3540,0
507,2685,0
508,44,0
509,221,0
510,1337,0
511,1559,0
512,2810,0
513,451,0
514,301,0
515,937,0
516,1841,0
517,2774,0
518,1292,0
519,550,0
520,2250,0
521,307,0
522,2614,0
523,779,0
524,2511,0
525,3546,0
526,3362,0
527,290,0
528,2236,0
529,1089,0
530,3146,0
531,2168,0
532,641,0
533,2120,0
534,2656,0
535,1863,0
536,2715,0
537,2111,0
538,108,0
539,3405,0
540,2363,0
541,2155,0
542,201,0
543,1933,0
544,2834,0
545,319,0
546,1216,0
547,3409,0
548,979,0
549,1443,0
550,2765,0
551,2777,0
552,1746,0
553,100,0
554,2308,0
555,101,0
556,2858,0
557,3694,0
558,2440,0
559,3168,0
560,1271,0
561,2623,0
562,3645,0
563,1789,0
564,1219,0
565,371,0
566,1836,0
567,780,0
568,1116,0
569,2908,0
570,698,0
571,2901,0
572,1230,0
573,3434,0
574,149,0
575,8,0
576,1877,0
577,945,0
578,3641,0
579,2679,0
580,3593,0
581,1287,0
582,980,0
583,1213,0
584,1234,0
585,2611,0
586,3560,0
587,880,0
588,2543,0
589,2000,0
590,699,0
591,3016,0
592,2125,0
593,909,0
594,3054,0
595,2245,0
596,2647,0
597,3076,0
598,2773,0
599,2252,0
600,2520,0
601,1492,0
602,3014,0
603,275,0
604,1542,0
605,2665,0
606,1753,0
607,2215,0
608,968,0
609,230,0
610,2087,0
611,57,0
612,3363,0
613,317,0
614,2033,0
615,2,0
616,2920,0
617,79,0
618,2176,0
619,1254,0
620,46,0
621,185,0
622,141,0
623,936,0
624,1162,0
625,2946,0
626,958,0
627,670,0
628,164,0
629,56,0
630,707,0
631,2700,0
632,1442,0
633,1721,0
634,3477,0
635,1003,0
636,3119,0
637,1281,0
638,1039,0
639,2732,0
640,1440,0
641,2919,0
642,3000,0
643,3089,0
644,1379,0
645,1944,0
646,1397,0
647,2763,0
648,514,0
649,3212,0
650,2635,0
651,3420,0
652,406,0
653,920,0
654,1263,0
655,580,0
656,198,0
657,2122,0
658,1971,0
659,2013,0
660,1864,0
661,1334,0
662,1717,0
663,2330,0
664,2887,0
665,3720,0
666,3018,0
667,3098,0
668,3131,0
669,124,0
670,834,0
671,208,0
672,3213,0
673,715,0
674,2560,0
675,1589,0
676,3316,0
677,3279,0
678,1818,0
679,2230,0
680,2770,0
681,1163,0
682,498,0
683,1505,0
684,2784,0
685,3159,0
686,3344,0
687,1187,0
688,903,0
689,911,0
690,2592,0
691,1363,0
692,1201,0
693,683,0
694,1144,0
695,2452,0
696,2042,0
697,3007,0
698,3324,0
699,1612,0
700,2376,0
701,1115,0
702,3685,0
703,453,0
704,2205,0
705,597,0
706,1786,0
707,1351,0
708,2612,0
709,2158,0
710,117,0
711,2515,0
712,2703,0
713,75,0
714,1180,0
715,1931,0
716,1404,0
717,695,0
718,2578,0
719,279,0
720,1973,0
721,214,0
722,426,0
723,2080,0
724,2998,0
725,2299,0
726,2380,0
727,2301,0
728,83,0
729,2870,0
730,599,0
731,788,0
732,2667,0
733,1196,0
734,682,0
735,1131,0
736,3458,0
737,838,0
738,3024,0
739,2152,0
740,1686,0
741,3342,0
742,1879,0
743,1247,0
744,1617,0
745,764,0
746,1463,0
747,2348,0
748,58,0
749,2690,0
750,1758,0
751,2597,0
752,844,0
753,2735,0
754,1149,0
755,760,0
756,337,0
757,2005,0
758,2187,0
759,2436,0
760,2433,0
761,1041,0
762,195,0
763,2694,0
764,3350,0
765,1454,0
766,1996,0
767,2729,0
768,475,0
769,3218,0
770,848,0
771,2570,0
772,1522,0
773,548,0
774,1137,0
775,3707,0
776,2976,0
777,3366,0
778,1927,0
779,2675,0
780,3618,0
781,1690,0
782,1723,0
783,1386,0
784,1413,0
785,1013,0
786,2603,0
787,3353,0
788,536,0
789,2240,0
790,2458,0
791,2854,0
792,2559,0
793,2951,0
794,3079,0
795,3093,0
796,1401,0
797,3263,0
798,3702,0
799,1737,0
800,751,0
801,2192,0
802,1468,0
803,1680,0
804,3302,0
805,3275,0
806,287,0
807,1157,0
808,929,0
809,2139,0
810,123,0
811,736,0
812,2291,0
813,3172,0
814,2188,0
815,2824,0
816,2193,0
817,3637,0
818,3291,0
819,1991,0
820,226,0
821,2670,0
822,1883,0
823,2546,0
824,2156,0
825,1060,0
826,891,0
827,2164,0
828,2173,0
829,3311,0
830,1829,0
831,1383,0
832,2497,0
833,2366,0
834,2676,0
835,814,0
836,3264,0
837,2389,0
838,1556,0
839,3690,0
840,1777,0
841,3145,0
842,115,0
843,2407,0
844,1509,0
845,2354,0
846,797,0
847,3390,0
848,3680,0
849,2070,0
850,2381,0
851,359,0
852,3219,0
853,2585,0
854,1828,0
855,624,0
856,2655,0
857,2107,0
858,2721,0
859,625,0
860,2980,0
861,190,0
862,413,0
863,186,0
864,3278,0
865,1301,0
866,2657,0
867,3711,0
868,667,0
869,470,0
870,120,0
871,721,0
872,2498,0
873,2861,0
874,1768,0
875,3551,0
876,1390,0
877,1998,0
878,3303,0
879,2969,0
880,1453,0
881,2628,0
882,685,0
883,714,0
884,267,0
885,3364,0
886,1513,0
887,3023,0
888,2182,0
889,2171,0
890,3488,0
891,42,0
892,3679,0
893,1730,0
894,1887,0
895,1225,0
896,3056,0
897,1699,0
898,1340,0
899,353,0
900,2248,0
901,3602,0
902,1075,0
903,2894,0
904,2220,0
905,246,0
906,1077,0
907,3248,0
908,2697,0
909,1151,0
910,1023,0
911,3348,0
912,3717,0
913,3492,0
914,102,0
915,2427,0
916,841,0
917,3426,0
918,3112,0
919,1600,0
920,1101,0
921,2222,0
922,252,0
923,2442,0
924,2076,0
925,2432,0
926,3453,0
927,3005,0
928,602,0
929,72,0
930,793,0
931,3176,0
932,1001,0
933,3357,0
934,3050,0
935,3022,0
936,1719,0
937,429,0
938,894,0
939,3744,0
940,3296,0
941,1913,0
942,375,0
943,835,0
944,564,0
945,192,0
946,142,0
947,796,0
948,2521,0
949,3625,0
950,2258,0
951,673,0
952,3650,0
953,3158,0
954,2504,0
955,910,0
956,2356,0
957,2572,0
958,569,0
959,1405,0
960,2633,0
961,539,0
962,1774,0
963,3443,0
964,851,0
965,3025,0
966,2064,0
967,1955,0
968,774,0
969,3464,0
970,1320,0
971,2327,0
972,3608,0
973,1017,0
974,3268,0
975,2169,0
976,457,0
977,1888,0
978,334,0
979,584,0
980,3462,0
981,2441,0
982,3020,0
983,1697,0
984,1479,0
985,2266,0
986,1403,0
987,1568,0
988,1663,0
989,2509,0
990,2244,0
991,2876,0
992,1651,0
993,1474,0
994,1145,0
995,436,0
996,1477,0
997,3588,0
998,1762,0
999,2664,0
1000,2160,0
1001,3709,0
1002,3126,0
1003,3235,0
1004,943,0
1005,3266,0
1006,2019,0
1007,3633,0
1008,3595,0
1009,1766,0
1010,2461,0
1011,1347,0
1012,2090,0
1013,1227,0
1014,1409,0
1015,770,0
1016,155,0
1017,2640,0
1018,1462,0
1019,2907,0
1020,296,0
1021,1069,0
1022,1033,0
1023,3487,0
1024,1469,0
1025,2221,0
1026,2242,0
1027,1433,0
1028,2993,0
1029,304,0
1030,2161,0
1031,686,0
1032,2319,0
1033,3490,0
1034,1330,0
1035,1619,0
1036,2050,0
1037,2268,0
1038,2493,0
1039,1049,0
1040,1705,0
1041,2881,0
1042,3495,0
1043,222,0
1044,175,0
1045,292,0
1046,1066,0
1047,1071,0
1048,2827,0
1049,542,0
1050,147,0
1051,308,0
1052,1359,0
1053,1729,0
1054,162,0
1055,3284,0
1056,1136,0
1057,689,0
1058,913,0
1059,467,0
1060,1000,0
1061,2778,0
1062,386,0
1063,223,0
1064,2987,0
1065,1265,0
1066,1018,0
1067,2712,0
1068,3459,0
1069,374,0
1070,1627,0
1071,1381,0
1072,165,0
1073,1668,0
1074,2034,0
1075,3657,0
1076,1083,0
1077,2923,0
1078,1572,0
1079,3001,0
1080,389,0
1081,474,0
1082,2631,0
1083,1427,0
1084,1824,0
1085,3693,0
1086,3075,0
1087,601,0
1088,510,0
1089,342,0
1090,2856,0
1091,610,0
1092,3287,0
1093,792,0
1094,351,0
1095,1140,0
1096,748,0
1097,3088,0
1098,2789,0
1099,2134,0
1100,512,0
1101,2153,0
1102,902,0
1103,3191,0
1104,52,0
1105,1639,0
1106,1674,0
1107,2718,0
1108,869,0
1109,376,0
1110,2743,0
1111,1982,0
1112,3565,0
1113,3155,0
1114,1256,0
1115,1416,0
1116,151,0
1117,370,0
1118,2048,0
1119,3261,0
1120,3469,0
1121,712,0
1122,2435,0
1123,2428,0
1124,373,0
1125,1846,0
1126,1586,0
1127,388,0
1128,2349,0
1129,2388,0
1130,1184,0
1131,2089,0
1132,2074,0
1133,1667,0
1134,1735,0
1135,719,0
1136,469,0
1137,644,0
1138,1276,0
1139,169,0
1140,521,0
1141,283,0
1142,3454,0
1143,2986,0
1144,1890,0
1145,3347,0
1146,1782,0
1147,1030,0
1148,3474,0
1149,2495,0
1150,2837,0
1151,53,0
1152,967,0
1153,2338,0
1154,2959,0
1155,1126,0
1156,3265,0
1157,387,0
1158,3162,0
1159,3422,0
1160,251,0
1161,775,0
1162,3655,0
1163,1487,0
1164,983,0
1165,3048,0
1166,1693,0
1167,1775,0
1168,3351,0
1169,520,0
1170,2472,0
1171,1704,0
1172,4,0
1173,69,0
1174,1035,0
1175,1806,0
1176,3725,0
1177,2755,0
1178,407,0
1179,3658,0
1180,3128,0
1181,3668,0
1182,3439,0
1183,2297,0
1184,2751,0
1185,1084,0
1186,1299,0
1187,3613,0
1188,2747,0
1189,428,0
1190,1570,0
1191,181,0
1192,669,0
1193,648,0
1194,2902,0
1195,507,0
1196,3175,0
1197,2527,0
1198,2317,0
1199,1480,0
1200,3138,0
1201,1847,0
1202,3552,0
1203,3019,0
1204,478,0
1205,1221,0
1206,3336,0
1207,527,0
1208,1534,0
1209,2939,0
1210,2351,0
1211,890,0
1212,1807,0
1213,2300,0
1214,2781,0
1215,188,0
1216,1188,0
1217,1708,0
1218,518,0
1219,187,0
1220,2411,0
1221,2954,0
1222,3503,0
1223,2347,0
1224,490,0
1225,2186,0
1226,1022,0
1227,1886,0
1228,2843,0
1229,799,0
1230,2524,0
1231,1894,0
1232,2311,0
1233,690,0
1234,1345,0
1235,2639,0
1236,1907,0
1237,582,0
1238,3332,0
1239,3600,0
1240,2714,0
1241,613,0
1242,2207,0
1243,2038,0
1244,3498,0
1245,3149,0
1246,1068,0
1247,2055,0
1248,448,0
1249,1473,0
1250,1511,0
1251,3077,0
1252,3746,0
1253,1370,0
1254,2731,0
1255,825,0
1256,2154,0
1257,1411,0
1258,1356,0
1259,2136,0
1260,3207,0
1261,2290,0
1262,2355,0
1263,1090,0
1264,612,0
1265,2133,0
1266,1009,0
1267,135,0
1268,982,0
1269,771,0
1270,3653,0
1271,2602,0
1272,1643,0
1273,130,0
1274,3404,0
1275,60,0
1276,3573,0
1277,2573,0
1278,1535,0
1279,2878,0
1280,2768,0
1281,822,0
1282,2754,0
1283,2204,0
1284,2852,0
1285,3314,0
1286,1317,0
1287,821,0
1288,1714,0
1289,917,0
1290,1132,0
1291,3042,0
1292,2844,0
1293,975,0
1294,1618,0
1295,2068,0
1296,2821,0
1297,255,0
1298,1825,0
1299,191,0
1300,1171,0
1301,575,0
1302,394,0
1303,1449,0
1304,2742,0
1305,2309,0
1306,1620,0
1307,2825,0
1308,298,0
1309,2955,0
1310,2803,0
1311,2235,0
1312,589,0
1313,3436,0
1314,2566,0
1315,541,0
1316,200,0
1317,3609,0
1318,281,0
1319,2398,0
1320,1567,0
1321,3621,0
1322,3358,0
1323,1544,0
1324,1228,0
1325,2791,0
1326,66,0
1327,718,0
1328,257,0
1329,0,0
1330,824,0
1331,1375,0
1332,853,0
1333,1341,0
1334,3587,0
1335,1609,0
1336,2681,0
1337,1578,0
1338,2538,0
1339,1662,0
1340,362,0
1341,3062,0
1342,3730,0
1343,2627,0
1344,2726,0
1345,3501,0
1346,3072,0
1347,577,0
1348,762,0
1349,104,0
1350,3080,0
1351,1369,0
1352,1671,0
1353,2143,0
1354,508,0
1355,3623,0
1356,2360,0
1357,2057,0
1358,922,0
1359,1478,0
1360,2872,0
1361,2813,0
1362,543,0
1363,2255,0
1364,2561,0
1365,1203,0
1366,640,0
1367,261,0
1368,1508,0
1369,2961,0
1370,1378,0
1371,3299,0
1372,61,0
1373,1421,0
1374,1192,0
1375,1448,0
1376,2062,0
1377,810,0
1378,234,0
1379,1414,0
1380,942,0
1381,3208,0
1382,404,0
1383,3399,0
1384,19,0
1385,270,0
1386,557,0
1387,2579,0
1388,952,0
1389,3719,0
1390,1303,0
1391,384,0
1392,1696,0
1393,2996,0
1394,2568,0
1395,3045,0
1396,2396,0
1397,3406,0
1398,1441,0
1399,1446,0
1400,288,0
1401,37,0
1402,2598,0
1403,293,0
1404,70,0
1405,309,0
1406,2734,0
1407,1740,0
1408,1947,0
1409,1217,0
1410,977,0
1411,3028,0
1412,772,0
1413,2012,0
1414,441,0
1415,393,0
1416,2710,0
1417,2272,0
1418,2995,0
1419,696,0
1420,3241,0
1421,9,0
1422,1994,0
1423,1946,0
1424,3534,0
1425,3226,0
1426,2195,0
1427,2593,0
1428,1865,0
1429,3094,0
1430,2352,0
1431,2528,0
1432,2485,0
1433,1968,0
1434,2972,0
1435,3440,0
1436,2456,0
1437,1767,0
1438,2541,0
1439,1166,0
1440,515,0
1441,1769,0
1442,1910,0
1443,3157,0
1444,107,0
1445,2419,0
1446,2584,0
1447,3082,0
1448,499,0
1449,336,0
1450,3536,0
1451,1283,0
1452,485,0
1453,106,0
1454,617,0
1455,2031,0
1456,919,0
1457,3734,0
1458,2281,0
1459,2589,0
1460,3250,0
1461,1787,0
1462,1917,0
1463,960,0
1464,1236,0
1465,2937,0
1466,791,0
1467,3044,0
1468,2201,0
1469,1557,0
1470,2183,0
1471,2482,0
1472,1005,0
1473,1520,0
1474,15,0
1475,1923,0
1476,3282,0
1477,3448,0
1478,1169,0
1479,250,0
1480,3327,0
1481,3375,0
1482,1410,0
1483,842,0
1484,1795,0
1485,1650,0
1486,3666,0
1487,3408,0
1488,904,0
1489,3678,0
1490,938,0
1491,1727,0
1492,3705,0
1493,269,0
1494,2211,0
1495,533,0
1496,180,0
1497,2711,0
1498,2704,0
1499,49,0
1500,1871,0
1501,1321,0
1502,3273,0
1503,210,0
1504,3372,0
1505,2671,0
1506,1497,0
1507,3369,0
1508,1532,0
1509,692,0
1510,1365,0
1511,1486,0
1512,3011,0
1513,2434,0
1514,205,0
1515,3307,0
1516,717,0
1517,3553,0
1518,3142,0
1519,3121,0
1520,3321,0
1521,2745,0
1522,1525,0
1523,739,0
1524,395,0
1525,1823,0
1526,2196,0
1527,2792,0
1528,2287,0
1529,2964,0
1530,860,0
1531,997,0
1532,862,0
1533,2159,0
1534,2619,0
1535,3151,0
1536,3111,0
1537,611,0
1538,876,0
1539,2554,0
1540,401,0
1541,802,0
1542,1798,0
1543,3387,0
1544,989,0
1545,1059,0
1546,323,0
1547,2313,0
1548,17,0
1549,2618,0
1550,1899,0
1551,2423,0
1552,2163,0
1553,2884,0
1554,3727,0
1555,168,0
1556,727,0
1557,372,0
1558,1571,0
1559,672,0
1560,3732,0
1561,3407,0
1562,1928,0
1563,3170,0
1564,1771,0
1565,1245,0
1566,1731,0
1567,2118,0
1568,1326,0
1569,2395,0
1570,45,0
1571,3185,0
1572,2092,0
1573,1718,0
1574,2797,0
1575,3597,0
1576,2544,0
1577,1368,0
1578,3385,0
1579,702,0
1580,519,0
1581,3521,0
1582,3198,0
1583,1253,0
1584,3383,0
1585,2251,0
1586,3161,0
1587,2421,0
1588,1623,0
1589,468,0
1590,1784,0
1591,1983,0
1592,1235,0
1593,1123,0
1594,1713,0
1595,82,0
1596,3252,0
1597,2974,0
1598,2577,0
1599,3438,0
1600,2184,0
1601,1046,0
1602,1599,0
1603,3120,0
1604,3325,0
1605,1011,0
1606,3517,0
1607,583,0
1608,918,0
1609,817,0
1610,2069,0
1611,3510,0
1612,1088,0
1613,2109,0
1614,2928,0
1615,350,0
1616,2502,0
1617,816,0
1618,2083,0
1619,3699,0
1620,2839,0
1621,1338,0
1622,2553,0
1623,422,0
1624,2279,0
1625,114,0
1626,502,0
1627,776,0
1628,3101,0
1629,3529,0
1630,628,0
1631,591,0
1632,3063,0
1633,1117,0
1634,2141,0
1635,258,0
1636,160,0
1637,2318,0
1638,1223,0
1639,769,0
1640,2262,0
1641,1583,0
1642,2051,0
1643,1204,0
1644,1603,0
1645,1128,0
1646,1465,0
1647,768,0
1648,2296,0
1649,1208,0
1650,3731,0
1651,1165,0
1652,1868,0
1653,3156,0
1654,1098,0
1655,818,0
1656,2438,0
1657,3740,0
1658,737,0
1659,2956,0
1660,1056,0
1661,225,0
1662,2722,0
1663,2569,0
1664,2531,0
1665,2218,0
1666,497,0
1667,2486,0
1668,1293,0
1669,3461,0
1670,2086,0
1671,2016,0
1672,2130,0
1673,87,0
1674,1670,0
1675,232,0
1676,2853,0
1677,3745,0
1678,1843,0
1679,3294,0
1680,479,0
1681,2555,0
1682,378,0
1683,516,0
1684,1896,0
1685,2702,0
1686,459,0
1687,1881,0
1688,392,0
1689,2446,0
1690,1632,0
1691,360,0
1692,3262,0
1693,3110,0
1694,274,0
1695,1874,0
1696,3523,0
1697,3468,0
1698,2106,0
1699,3202,0
1700,3210,0
1701,2374,0
1702,1054,0
1703,2409,0
1704,3486,0
1705,1349,0
1706,2780,0
1707,2029,0
1708,3433,0
1709,2387,0
1710,2344,0
1711,1426,0
1712,2226,0
1713,217,0
1714,885,0
1715,3721,0
1716,365,0
1717,54,0
1718,2490,0
1719,1202,0
1720,1108,0
1721,1032,0
1722,2060,0
1723,3370,0
1724,78,0
1725,1634,0
1726,3326,0
1727,2277,0
1728,3182,0
1729,253,0
1730,1948,0
1731,1200,0
1732,2716,0
1733,1876,0
1734,708,0
1735,679,0
1736,1584,0
1737,2736,0
1738,294,0
1739,439,0
1740,1649,0
1741,2137,0
1742,2918,0
1743,2066,0
1744,2571,0
1745,2282,0
1746,1645,0
1747,1999,0
1748,1837,0
1749,803,0
1750,1938,0
1751,1652,0
1752,906,0
1753,339,0
1754,411,0
1755,933,0
1756,864,0
1757,2035,0
1758,3337,0
1759,3140,0
1760,2706,0
1761,1158,0
1762,1866,0
1763,3239,0
1764,3116,0
1765,2099,0
1766,643,0
1767,3450,0
1768,71,0
1769,2135,0
1770,1844,0
1771,3074,0
1772,2926,0
1773,1095,0
1774,1533,0
1775,1504,0
1776,537,0
1777,3281,0
1778,2002,0
1779,391,0
1780,1085,0
1781,3659,0
1782,2719,0
1783,618,0
1784,2847,0
1785,621,0
1786,3037,0
1787,1972,0
1788,1105,0
1789,2358,0
1790,3559,0
1791,525,0
1792,1689,0
1793,1240,0
1794,122,0
1795,1545,0
1796,809,0
1797,1593,0
1798,2604,0
1799,946,0
1800,3346,0
1801,1970,0
1802,3411,0
1803,654,0
1804,3243,0
1805,3722,0
1806,1190,0
1807,676,0
1808,440,0
1809,3270,0
1810,2517,0
1811,1860,0
1812,2991,0
1813,1134,0
1814,3367,0
1815,484,0
1816,1495,0
1817,126,0
1818,361,0
1819,390,0
1820,276,0
1821,1173,0
1822,3166,0
1823,1146,0
1824,1754,0
1825,758,0
1826,3614,0
1827,480,0
1828,1102,0
1829,1553,0
1830,3096,0
1831,562,0
1832,2654,0
1833,1353,0
1834,627,0
1835,2699,0
1836,1592,0
1837,1127,0
1838,1629,0
1839,2228,0
1840,850,0
1841,1148,0
1842,2027,0
1843,2988,0
1844,1812,0
1845,2650,0
1846,671,0
1847,2261,0
1848,1905,0
1849,1716,0
1850,47,0
1851,1483,0
1852,3584,0
1853,501,0
1854,3628,0
1855,1642,0
1856,3449,0
1857,405,0
1858,1605,0
1859,1229,0
1860,1129,0
1861,2794,0
1862,2796,0
1863,2394,0
1864,445,0
1865,604,0
1866,897,0
1867,2264,0
1868,950,0
1869,1760,0
1870,3237,0
1871,2990,0
1872,2043,0
1873,1653,0
1874,1174,0
1875,2408,0
1876,1579,0
1877,2015,0
1878,2378,0
1879,3419,0
1880,1640,0
1881,2422,0
1882,1501,0
1883,1588,0
1884,1297,0
1885,1773,0
1886,3639,0
1887,3240,0
1888,2906,0
1889,3415,0
1890,128,0
1891,1660,0
1892,460,0
1893,3129,0
1894,320,0
1895,1957,0
1896,2273,0
1897,1078,0
1898,1980,0
1899,3391,0
1900,2931,0
1901,3229,0
1902,1242,0
1903,367,0
1904,916,0
1905,325,0
1906,3029,0
1907,3526,0
1908,951,0
1909,1962,0
1910,1027,0
1911,3715,0
1912,660,0
1913,1916,0
1914,3180,0
1915,2849,0
1916,3330,0
1917,2867,0
1918,731,0
1919,25,0
1920,3195,0
1921,2798,0
1922,2892,0
1923,2669,0
1924,207,0
1925,1135,0
1926,1516,0
1927,2275,0
1928,680,0
1929,1324,0
1930,954,0
1931,2775,0
1932,1333,0
1933,1635,0
1934,598,0
1935,3150,0
1936,1374,0
1937,2648,0
1938,1424,0
1939,847,0
1940,1189,0
1941,2044,0
1942,3253,0
1943,993,0
1944,2181,0
1945,2629,0
1946,3236,0
1947,2534,0
1948,3599,0
1949,1831,0
1950,3189,0
1951,1498,0
1952,1296,0
1953,1616,0
1954,34,0
1955,2799,0
1956,999,0
1957,2404,0
1958,1820,0
1959,2935,0
1960,1804,0
1961,1870,0
1962,2047,0
1963,134,0
1964,3071,0
1965,2744,0
1966,1914,0
1967,2328,0
1968,91,0
1969,3053,0
1970,1335,0
1971,3471,0
1972,1323,0
1973,204,0
1974,1778,0
1975,3230,0
1976,2491,0
1977,2321,0
1978,3706,0
1979,1435,0
1980,2331,0
1981,77,0
1982,1367,0
1983,1749,0
1984,237,0
1985,1738,0
1986,1912,0
1987,1218,0
1988,3472,0
1989,1212,0
1990,1710,0
1991,706,0
1992,2198,0
1993,3188,0
1994,1898,0
1995,3310,0
1996,1581,0
1997,2877,0
1998,3605,0
1999,1861,0
2000,1019,0
2001,2260,0
2002,2010,0
2003,1233,0
2004,299,0
2005,1310,0
2006,3308,0
2007,1064,0
2008,2549,0
2009,1942,0
2010,1348,0
2011,1119,0
2012,970,0
2013,2177,0
2014,2805,0
2015,594,0
2016,2126,0
2017,2088,0
2018,430,0
2019,957,0
2020,2605,0
2021,1924,0
2022,2723,0
2023,3315,0
2024,742,0
2025,95,0
2026,1010,0
2027,1925,0
2028,1267,0
2029,3570,0
2030,2103,0
2031,753,0
2032,1935,0
2033,3456,0
2034,1526,0
2035,2999,0
2036,2437,0
2037,132,0
2038,2025,0
2039,3320,0
2040,2875,0
2041,1285,0
2042,408,0
2043,1034,0
2044,2231,0
2045,1091,0
2046,971,0
2047,733,0
2048,2382,0
2049,1706,0
2050,811,0
2051,1488,0
2052,103,0
2053,914,0
2054,1194,0
2055,3184,0
2056,1770,0
2057,3379,0
2058,313,0
2059,3698,0
2060,1177,0
2061,3522,0
2062,987,0
2063,3582,0
2064,2948,0
2065,2866,0
2066,2401,0
2067,2952,0
2068,2826,0
2069,3716,0
2070,3576,0
2071,491,0
2072,2165,0
2073,2709,0
2074,1921,0
2075,3323,0
2076,1750,0
2077,2310,0
2078,1830,0
2079,3417,0
2080,2567,0
2081,1106,0
2082,874,0
2083,991,0
2084,684,0
2085,3012,0
2086,2540,0
2087,2071,0
2088,1380,0
2089,1555,0
2090,26,0
2091,1237,0
2092,629,0
2093,432,0
2094,1884,0
2095,1838,0
2096,1550,0
2097,3382,0
2098,1897,0
2099,720,0
2100,3097,0
2101,121,0
2102,3002,0
2103,172,0
2104,1952,0
2105,3246,0
2106,3334,0
2107,2651,0
2108,3525,0
2109,1437,0
2110,1502,0
2111,1761,0
2112,454,0
2113,419,0
2114,3500,0
2115,2909,0
2116,506,0
2117,3476,0
2118,3676,0
2119,2660,0
2120,3652,0
2121,1393,0
2122,773,0
2123,3455,0
2124,2957,0
2125,3701,0
2126,1307,0
2127,1475,0
2128,2643,0
2129,852,0
2130,2911,0
2131,153,0
2132,1759,0
2133,3371,0
2134,3749,0
2135,965,0
2136,125,0
2137,1992,0
2138,1711,0
2139,3192,0
2140,268,0
2141,2233,0
2142,2925,0
2143,3061,0
2144,1507,0
2145,2947,0
2146,1732,0
2147,1565,0
2148,464,0
2149,1037,0
2150,3514,0
2151,843,0
2152,3651,0
2153,1111,0
2154,2532,0
2155,2860,0
2156,3010,0
2157,3033,0
2158,2653,0
2159,3091,0
2160,2223,0
2161,1289,0
2162,900,0
2163,1929,0
2164,3211,0
2165,1362,0
2166,549,0
2167,3228,0
2168,1726,0
2169,3051,0
2170,1995,0
2171,326,0
2172,2662,0
2173,2563,0
2174,152,0
2175,1515,0
2176,3027,0
2177,2045,0
2178,657,0
2179,2505,0
2180,2510,0
2181,1186,0
2182,98,0
2183,397,0
2184,1528,0
2185,1811,0
2186,1160,0
2187,3059,0
2188,289,0
2189,3267,0
2190,29,0
2191,2357,0
2192,1438,0
2193,2459,0
2194,778,0
2195,2384,0
2196,2915,0
2197,2913,0
2198,3015,0
2199,2730,0
2200,415,0
2201,3401,0
2202,1113,0
2203,659,0
2204,3700,0
2205,1464,0
2206,866,0
2207,2940,0
2208,2942,0
2209,2888,0
2210,1800,0
2211,2890,0
2212,3214,0
2213,184,0
2214,1130,0
2215,1854,0
2216,1156,0
2217,3644,0
2218,1909,0
2219,3127,0
2220,800,0
2221,2085,0
2222,3447,0
2223,2977,0
2224,524,0
2225,113,0
2226,263,0
2227,1070,0
2228,925,0
2229,3125,0
2230,2841,0
2231,2162,0
2232,1195,0
2233,3430,0
2234,3272,0
2235,2506,0
2236,2429,0
2237,3034,0
2238,1783,0
2239,3607,0
2240,3590,0
2241,1858,0
2242,357,0
2243,1342,0
2244,2030,0
2245,3683,0
2246,827,0
2247,1412,0
2248,3085,0
2249,3539,0
2250,2091,0
2251,6,0
2252,3167,0
2253,1895,0
2254,1408,0
2255,2023,0
2256,2379,0
2257,3504,0
2258,1659,0
2259,399,0
2260,2424,0
2261,2859,0
2262,324,0
2263,2011,0
2264,3245,0
2265,2683,0
2266,1989,0
2267,1747,0
2268,352,0
2269,1266,0
2270,526,0
2271,1530,0
2272,3134,0
2273,1869,0
2274,2607,0
2275,3040,0
2276,705,0
2277,3224,0
2278,2241,0
2279,487,0
2280,2879,0
2281,2138,0
2282,3642,0
2283,2786,0
2284,3205,0
2285,2425,0
2286,273,0
2287,3672,0
2288,3611,0
2289,1724,0
2290,1047,0
2291,1882,0
2292,1573,0
2293,2526,0
2294,3575,0
2295,3217,0
2296,1519,0
2297,456,0
2298,2303,0
2299,3421,0
2300,1224,0
2301,1058,0
2302,2814,0
2303,1391,0
2304,3225,0
2305,1470,0
2306,3304,0
2307,752,0
2308,3733,0
2309,3397,0
2310,3073,0
2311,2336,0
2312,300,0
2313,1958,0
2314,278,0
2315,3164,0
2316,442,0
2317,2873,0
2318,2869,0
2319,1346,0
2320,837,0
2321,1975,0
2322,926,0
2323,587,0
2324,963,0
2325,544,0
2326,2146,0
2327,1040,0
2328,3254,0
2329,2696,0
2330,2397,0
2331,2601,0
2332,1672,0
2333,1290,0
2334,219,0
2335,1251,0
2336,2369,0
2337,2014,0
2338,2259,0
2339,3186,0
2340,1065,0
2341,1997,0
2342,1396,0
2343,2149,0
2344,1490,0
2345,1232,0
2346,2862,0
2347,756,0
2348,13,0
2349,110,0
2350,179,0
2351,3677,0
2352,3117,0
2353,2326,0
2354,2295,0
2355,127,0
2356,1810,0
2357,2203,0
2358,1518,0
2359,1606,0
2360,2150,0
2361,2624,0
2362,62,0
2363,3269,0
2364,3233,0
2365,1813,0
2366,2294,0
2367,2008,0
2368,1954,0
2369,3527,0
2370,486,0
2371,385,0
2372,1114,0
2373,3528,0
2374,1594,0
2375,1309,0
2376,812,0
2377,2320,0
2378,3384,0
2379,1491,0
2380,608,0
2381,3187,0
2382,3380,0
2383,677,0
2384,382,0
2385,1872,0
2386,305,0
2387,2698,0
2388,2772,0
2389,2392,0
2390,1086,0
2391,2329,0
2392,33,0
2393,845,0
2394,1880,0
2395,2885,0
2396,328,0
2397,855,0
2398,1239,0
2399,84,0
2400,744,0
2401,3479,0
2402,547,0
2403,137,0
2404,3681,0
2405,2304,0
2406,1743,0
2407,3675,0
2408,2471,0
2409,2312,0
2410,3338,0
2411,3288,0
2412,1062,0
2413,2084,0
2414,1835,0
2415,3736,0
2416,400,0
2417,2289,0
2418,2430,0
2419,3178,0
2420,3667,0
2421,1270,0
2422,1541,0
2423,877,0
2424,1678,0
2425,3636,0
2426,2269,0
2427,787,0
2428,2519,0
2429,3340,0
2430,438,0
2431,2537,0
2432,264,0
2433,2393,0
2434,1506,0
2435,2399,0
2436,364,0
2437,2672,0
2438,2832,0
2439,2659,0
2440,1576,0
2441,1206,0
2442,2771,0
2443,3322,0
2444,449,0
2445,1344,0
2446,3100,0
2447,1197,0
2448,2114,0
2449,504,0
2450,2845,0
2451,176,0
2452,1222,0
2453,726,0
2454,984,0
2455,729,0
2456,973,0
2457,1392,0
2458,2750,0
2459,2467,0
2460,1302,0
2461,163,0
2462,568,0
2463,3221,0
2464,2787,0
2465,2465,0
2466,3480,0
2467,2724,0
2468,1439,0
2469,2032,0
2470,1552,0
2471,3078,0
2472,3004,0
2473,3689,0
2474,1611,0
2475,1122,0
2476,64,0
2477,3135,0
2478,1692,0
2479,2895,0
2480,1684,0
2481,3470,0
2482,302,0
2483,2445,0
2484,540,0
2485,3199,0
2486,3215,0
2487,3502,0
2488,1199,0
2489,235,0
2490,3686,0
2491,723,0
2492,495,0
2493,1698,0
2494,661,0
2495,2342,0
2496,1402,0
2497,330,0
2498,1300,0
2499,986,0
2500,2101,0
2501,2658,0
2502,3538,0
2503,2370,0
2504,1961,0
2505,1792,0
2506,194,0
2507,2868,0
2508,1521,0
2509,2580,0
2510,2003,0
2511,3441,0
2512,2620,0
2513,3507,0
2514,2536,0
2515,693,0
2516,2818,0
2517,3713,0
2518,483,0
2519,1805,0
2520,1472,0
2521,3354,0
2522,675,0
2523,145,0
2524,2963,0
2525,1076,0
2526,944,0
2527,116,0
2528,1827,0
2529,2591,0
2530,1428,0
2531,1602,0
2532,1892,0
2533,2606,0
2534,2402,0
2535,1977,0
2536,2479,0
2537,1311,0
2538,694,0
2539,1045,0
2540,2811,0
2541,1361,0
2542,3466,0
2543,2333,0
2544,291,0
2545,2325,0
2546,1985,0
2547,3231,0
2548,992,0
2549,418,0
2550,2453,0
2551,3171,0
2552,2634,0
2553,3280,0
2554,3136,0
2555,2749,0
2556,3728,0
2557,2932,0
2558,28,0
2559,414,0
2560,344,0
2561,820,0
2562,3295,0
2563,990,0
2564,806,0
2565,1707,0
2566,3124,0
2567,2243,0
2568,331,0
2569,1941,0
2570,2705,0
2571,3571,0
2572,674,0
2573,1164,0
2574,3452,0
2575,2199,0
2576,1514,0
2577,65,0
2578,1943,0
2579,2801,0
2580,2746,0
2581,3598,0
2582,1638,0
2583,1604,0
2584,1849,0
2585,2017,0
2586,1543,0
2587,227,0
2588,3622,0
2589,1434,0
2590,2426,0
2591,722,0
2592,3428,0
2593,2383,0
2594,743,0
2595,1471,0
2596,966,0
2597,2761,0
2598,1104,0
2599,2981,0
2600,1951,0
2601,1974,0
2602,3750,0
2603,43,0
2604,1387,0
2605,3589,0
2606,2922,0
2607,3256,0
2608,622,0
2609,369,0
2610,1967,0
2611,416,0
2612,1482,0
2613,709,0
2614,488,0
2615,901,0
2616,1193,0
2617,2757,0
2618,2225,0
2619,21,0
2620,450,0
2621,35,0
2622,2477,0
2623,1990,0
2624,962,0
2625,2449,0
2626,1613,0
2627,892,0
2628,1258,0
2629,832,0
2630,3122,0
2631,1658,0
2632,1563,0
2633,2622,0
2634,381,0
2635,3669,0
2636,868,0
2637,166,0
2638,1781,0
2639,1608,0
2640,2782,0
2641,789,0
2642,297,0
2643,3102,0
2644,1036,0
2645,2095,0
2646,2762,0
2647,492,0
2648,2666,0
2649,3152,0
2650,3692,0
2651,565,0
2652,2144,0
2653,1527,0
2654,1695,0
2655,218,0
2656,3418,0
2657,1215,0
2658,2293,0
2659,2463,0
2660,472,0
2661,2112,0
2662,2007,0
2663,329,0
2664,2367,0
2665,1496,0
2666,2830,0
2667,1094,0
2668,1467,0
2669,2190,0
2670,1004,0
2671,828,0
2672,1776,0
2673,1377,0
2674,89,0
2675,3742,0
2676,1615,0
2677,1815,0
2678,1926,0
2679,1803,0
2680,2405,0
2681,240,0
2682,2448,0
2683,3132,0
2684,3586,0
2685,2701,0
2686,687,0
2687,889,0
2688,1875,0
2689,1153,0
2690,3114,0
2691,3329,0
2692,1466,0
2693,3317,0
2694,881,0
2695,3169,0
2696,2865,0
2697,3626,0
2698,513,0
2699,3704,0
2700,303,0
2701,1986,0
2702,3493,0
2703,2958,0
2704,585,0
2705,1657,0
2706,884,0
2707,3627,0
2708,1275,0
2709,567,0
2710,424,0
2711,1539,0
2712,634,0
2713,2113,0
2714,1141,0
2715,312,0
2716,1243,0
2717,630,0
2718,961,0
2719,3009,0
2720,2807,0
2721,36,0
2722,1183,0
2723,2617,0
2724,2026,0
2725,2361,0
2726,3277,0
2727,2758,0
2728,710,0
2729,2713,0
2730,99,0
2731,3524,0
2732,2096,0
2733,3039,0
2734,2020,0
2735,863,0
2736,2687,0
2737,2621,0
2738,3238,0
2739,1079,0
2740,1537,0
2741,2234,0
2742,1585,0
2743,3554,0
2744,2626,0
2745,156,0
2746,3561,0
2747,455,0
2748,3537,0
2749,678,0
2750,1150,0
2751,1176,0
2752,1406,0
2753,2819,0
2754,639,0
2755,896,0
2756,2415,0
2757,2905,0
2758,3591,0
2759,2668,0
2760,3402,0
2761,22,0
2762,555,0
2763,3318,0
2764,1008,0
2765,2385,0
2766,437,0
2767,645,0
2768,665,0
2769,870,0
2770,1147,0
2771,2828,0
2772,239,0
2773,3113,0
2774,3511,0
2775,1385,0
2776,1329,0
2777,1607,0
2778,3220,0
2779,2764,0
2780,1138,0
2781,3365,0
2782,1739,0
2783,590,0
2784,637,0
2785,1510,0
2786,3741,0
2787,2733,0
2788,1517,0
2789,588,0
2790,738,0
2791,3567,0
2792,266,0
2793,1918,0
2794,3193,0
2795,2809,0
2796,1676,0
2797,90,0
2798,3635,0
2799,3631,0
2800,2253,0
2801,2286,0
2802,1751,0
2803,3563,0
2804,136,0
2805,1595,0
2806,496,0
2807,1851,0
2808,412,0
2809,2323,0
2810,3360,0
2811,1384,0
2812,259,0
2813,1949,0
2814,1703,0
2815,3065,0
2816,1853,0
2817,972,0
2818,985,0
2819,40,0
2820,3412,0
2821,1630,0
2822,2574,0
2823,2793,0
2824,3632,0
2825,3083,0
2826,403,0
2827,3445,0
2828,907,0
2829,1043,0
2830,3115,0
2831,1373,0
2832,2817,0
2833,3654,0
2834,1984,0
2835,2893,0
2836,3572,0
2837,959,0
2838,2842,0
2839,1840,0
2840,1142,0
2841,935,0
2842,3712,0
2843,3368,0
2844,3542,0
2845,2004,0
2846,3026,0
2847,3663,0
2848,423,0
2849,740,0
2850,3581,0
2851,2191,0
2852,3460,0
2853,2846,0
2854,2725,0
2855,3530,0
2856,646,0
2857,1834,0
2858,50,0
2859,576,0
2860,1364,0
2861,3081,0
2862,3047,0
2863,2900,0
2864,795,0
2865,865,0
2866,552,0
2867,2117,0
2868,2978,0
2869,3335,0
2870,1900,0
2871,3478,0
2872,749,0
2873,2127,0
2874,1246,0
2875,1259,0
2876,2488,0
2877,2829,0
2878,1097,0
2879,681,0
2880,3446,0
2881,2343,0
2882,1371,0
2883,3038,0
2884,2609,0
2885,3223,0
2886,2512,0
2887,3123,0
2888,1430,0
2889,1549,0
2890,636,0
2891,1901,0
2892,2132,0
2893,2412,0
2894,202,0
2895,112,0
2896,3735,0
2897,2989,0
2898,566,0
2899,1125,0
2900,3292,0
2901,1332,0
2902,2929,0
2903,3251,0
2904,790,0
2905,905,0
2906,2816,0
2907,899,0
2908,2487,0
2909,3160,0
2910,2985,0
2911,815,0
2912,1073,0
2913,173,0
2914,1902,0
2915,805,0
2916,2891,0
2917,735,0
2918,1198,0
2919,2752,0
2920,1791,0
2921,782,0
2922,1964,0
2923,3737,0
2924,1939,0
2925,3541,0
2926,1960,0
2927,509,0
2928,2213,0
2929,2897,0
2930,1757,0
2931,1725,0
2932,131,0
2933,586,0
2934,614,0
2935,2108,0
2936,1394,0
2937,338,0
2938,603,0
2939,2075,0
2940,888,0
2941,228,0
2942,1093,0
2943,1785,0
2944,311,0
2945,2400,0
2946,1172,0
2947,2049,0
2948,1020,0
2949,2200,0
2950,2238,0
2951,3283,0
2952,3624,0
2953,1002,0
2954,1057,0
2955,3519,0
2956,315,0
2957,934,0
2958,2457,0
2959,615,0
2960,3203,0
2961,2324,0
2962,2209,0
2963,2464,0
2964,2967,0
2965,1261,0
2966,138,0
2967,3577,0
2968,2707,0
2969,3381,0
2970,2535,0
2971,1569,0
2972,1720,0
2973,724,0
2974,2178,0
2975,2525,0
2976,2564,0
2977,1582,0
2978,1052,0
2979,1167,0
2980,505,0
2981,1819,0
2982,2046,0
2983,3643,0
2984,1432,0
2985,1395,0
2986,2636,0
2987,632,0
2988,1734,0
2989,3566,0
2990,280,0
2991,3619,0
2992,1455,0
2993,1677,0
2994,1536,0
2995,1673,0
2996,1252,0
2997,2337,0
2998,343,0
2999,31,0
3000,3376,0
3001,262,0
3002,1752,0
3003,3398,0
3004,886,0
3005,2759,0
3006,1779,0
3007,92,0
3008,3467,0
3009,3200,0
3010,978,0
3011,757,0
3012,2610,0
3013,3574,0
3014,605,0
3015,3030,0
3016,23,0
3017,463,0
3018,2960,0
3019,655,0
3020,1867,0
3021,2368,0
3022,1764,0
3023,2739,0
3024,1988,0
3025,2022,0
3026,704,0
3027,1313,0
3028,2562,0
3029,2468,0
3030,895,0
3031,3049,0
3032,148,0
3033,203,0
3034,96,0
3035,1633,0
3036,3271,0
3037,830,0
3038,638,0
3039,3312,0
3040,1458,0
3041,1648,0
3042,3499,0
3043,867,0
3044,2406,0
3045,3043,0
3046,1431,0
3047,1220,0
3048,2227,0
3049,927,0
3050,2481,0
3051,1277,0
3052,1656,0
3053,609,0
3054,1012,0
3055,7,0
3056,3021,0
3057,39,0
3058,2625,0
3059,3084,0
3060,3432,0
3061,2912,0
3062,1429,0
3063,434,0
3064,2454,0
3065,3041,0
3066,3638,0
3067,1484,0
3068,3313,0
3069,658,0
3070,730,0
3071,2239,0
3072,3580,0
3073,2444,0
3074,368,0
3075,2496,0
3076,493,0
3077,1736,0
3078,3724,0
3079,1282,0
3080,109,0
3081,2470,0
3082,2522,0
3083,3087,0
3084,1675,0
3085,3473,0
3086,2944,0
3087,88,0
3088,3090,0
3089,3646,0
3090,3601,0
3091,1685,0
3092,2041,0
3093,1398,0
3094,321,0
3095,1765,0
3096,2194,0
3097,2581,0
3098,2140,0
3099,3568,0
3100,1376,0
3101,1325,0
3102,2052,0
3103,48,0
3104,3617,0
3105,3491,0
3106,728,0
3107,3095,0
3108,2848,0
3109,2307,0
3110,16,0
3111,3392,0
3112,383,0
3113,642,0
3114,930,0
3115,662,0
3116,2693,0
3117,3515,0
3118,2513,0
3119,1489,0
3120,2093,0
3121,804,0
3122,3374,0
3123,462,0
3124,1816,0
3125,941,0
3126,2094,0
3127,243,0
3128,2748,0
3129,27,0
3130,67,0
3131,1026,0
3132,3141,0
3133,2684,0
3134,2530,0
3135,1856,0
3136,3640,0
3137,80,0
3138,3386,0
3139,2174,0
3140,3569,0
3141,2079,0
3142,3513,0
3143,2179,0
3144,3649,0
3145,379,0
3146,3429,0
3147,3714,0
3148,875,0
3149,2738,0
3150,923,0
3151,3562,0
3152,1284,0
3153,1072,0
3154,2717,0
3155,2256,0
3156,1288,0
3157,2800,0
3158,2072,0
3159,1878,0
3160,2208,0
3161,2172,0
3162,11,0
3163,2335,0
3164,1596,0
3165,119,0
3166,3424,0
3167,318,0
3168,1715,0
3169,271,0
3170,1074,0
3171,3496,0
3172,2975,0
3173,410,0
3174,1850,0
3175,1389,0
3176,2285,0
3177,247,0
3178,1460,0
3179,2831,0
3180,2346,0
3181,1372,0
3182,2962,0
3183,2418,0
3184,882,0
3185,2036,0
3186,1031,0
3187,51,0
3188,346,0
3189,3410,0
3190,3703,0
3191,1154,0
3192,3509,0
3193,3328,0
3194,1702,0
3195,964,0
3196,1042,0
3197,3518,0
3198,1082,0
3199,3648,0
3200,295,0
3201,1286,0
3202,887,0
3203,3413,0
3204,3533,0
3205,3660,0
3206,1503,0
3207,2851,0
3208,1687,0
3209,2474,0
3210,306,0
3211,2098,0
3212,1418,0
3213,3147,0
3214,3696,0
3215,750,0
3216,2115,0
3217,1796,0
3218,857,0
3219,3743,0
3220,1655,0
3221,2756,0
3222,1669,0
3223,1891,0
3224,3133,0
3225,849,0
3226,931,0
3227,1494,0
3228,358,0
3229,1906,0
3230,500,0
3231,1295,0
3232,3035,0
3233,2439,0
3234,224,0
3235,940,0
3236,2934,0
3237,2362,0
3238,2263,0
3239,1742,0
3240,1133,0
3241,347,0
3242,741,0
3243,2663,0
3244,3444,0
3245,2503,0
3246,3092,0
3247,581,0
3248,2189,0
3249,55,0
3250,461,0
3251,1893,0
3252,3069,0
3253,1316,0
3254,2305,0
3255,2641,0
3256,633,0
3257,3543,0
3258,1538,0
3259,998,0
3260,563,0
3261,3058,0
3262,1965,0
3263,2102,0
3264,3647,0
3265,1679,0
3266,1226,0
3267,856,0
3268,1170,0
3269,2615,0
3270,341,0
3271,1279,0
3272,3747,0
3273,626,0
3274,2359,0
3275,3242,0
3276,3297,0
3277,1722,0
3278,981,0
3279,1809,0
3280,3206,0
3281,1966,0
3282,948,0
3283,118,0
3284,2971,0
3285,182,0
3286,1621,0
3287,1700,0
3288,466,0
3289,212,0
3290,1628,0
3291,534,0
3292,2921,0
3293,1908,0
3294,813,0
3295,1808,0
3296,2185,0
3297,157,0
3298,1331,0
3299,1500,0
3300,2157,0
3301,2276,0
3302,2104,0
3303,2121,0
3304,1591,0
3305,327,0
3306,871,0
3307,3579,0
3308,3331,0
3309,1205,0
3310,1915,0
3311,2835,0
3312,2645,0
3313,2316,0
3314,988,0
3315,2180,0
3316,427,0
3317,3610,0
3318,1168,0
3319,248,0
3320,2148,0
3321,1048,0
3322,3718,0
3323,12,0
3324,912,0
3325,716,0
3326,955,0
3327,2451,0
3328,2552,0
3329,2785,0
3330,3378,0
3331,2582,0
3332,143,0
3333,3691,0
3334,3671,0
3335,1352,0
3336,2936,0
3337,1269,0
3338,1327,0
3339,2283,0
3340,3359,0
3341,260,0
3342,3298,0
3343,2373,0
3344,2968,0
3345,1903,0
3346,653,0
3347,700,0
3348,1744,0
3349,1238,0
3350,1956,0
3351,2583,0
3352,2833,0
3353,2930,0
3354,2270,0
3355,1481,0
3356,1683,0
3357,2410,0
3358,5,0
3359,284,0
3360,256,0
3361,3196,0
3362,558,0
3363,2678,0
3364,3373,0
3365,3179,0
3366,783,0
3367,1028,0
3368,1185,0
3369,3396,0
3370,2691,0
3371,133,0
3372,3451,0
3373,2518,0
3374,2147,0
3375,3535,0
3376,2167,0
3377,1024,0
3378,3032,0
3379,3293,0
3380,713,0
3381,808,0
3382,3031,0
3383,3457,0
3384,139,0
3385,3339,0
3386,807,0
3387,1817,0
3388,2950,0
3389,2462,0
3390,3425,0
3391,1953,0
3392,1081,0
3393,1107,0
3394,2695,0
3395,285,0
3396,651,0
3397,366,0
3398,3183,0
3399,1564,0
3400,158,0
3401,3104,0
3402,994,0
3403,3247,0
3404,2345,0
3405,425,0
3406,3556,0
3407,3067,0
3408,3144,0
3409,2576,0
3410,3748,0
3411,1873,0
3412,1080,0
3413,1904,0
3414,363,0
3415,2246,0
3416,703,0
3417,2480,0
3418,73,0
3419,2306,0
3420,1666,0
3421,3612,0
3422,340,0
3423,435,0
3424,3107,0
3425,1339,0
3426,596,0
3427,2594,0
3428,189,0
3429,688,0
3430,1799,0
3431,559,0
3432,2788,0
3433,3356,0
3434,2970,0
3435,745,0
3436,3673,0
3437,242,0
3438,146,0
3439,1457,0
3440,254,0
3441,473,0
3442,1436,0
3443,3414,0
3444,1155,0
3445,1016,0
3446,2516,0
3447,2613,0
3448,1763,0
3449,1646,0
3450,2123,0
3451,3695,0
3452,763,0
3453,2322,0
3454,2644,0
3455,3070,0
3456,1712,0
3457,2871,0
3458,2082,0
3459,3427,0
3460,840,0
3461,476,0
3462,1272,0
3463,1262,0
3464,823,0
3465,761,0
3466,316,0
3467,2727,0
3468,1103,0
3469,1822,0
3470,2500,0
3471,129,0
3472,1561,0
3473,282,0
3474,2740,0
3475,1250,0
3476,908,0
3477,2737,0
3478,538,0
3479,1209,0
3480,2455,0
3481,3006,0
3482,3352,0
3483,1540,0
3484,3274,0
3485,2806,0
3486,1574,0
3487,2216,0
3488,3697,0
3489,1780,0
3490,2840,0
3491,471,0
3492,354,0
3493,2280,0
3494,2371,0
3495,1161,0
3496,3687,0
3497,2006,0
3498,211,0
3499,732,0
3500,1922,0
3501,1257,0
3502,3592,0
3503,3594,0
3504,1682,0
3505,3726,0
3506,3103,0
3507,2501,0
3508,1305,0
3509,1801,0
3510,2550,0
3511,3442,0
3512,3505,0
3513,105,0
3514,3423,0
3515,2265,0
3516,663,0
3517,2417,0
3518,1614,0
3519,1422,0
3520,1601,0
3521,1304,0
3522,839,0
3523,154,0
3524,3620,0
3525,949,0
3526,2206,0
3527,2078,0
3528,2247,0
3529,2431,0
3530,140,0
3531,177,0
3532,333,0
3533,3578,0
3534,2507,0
3535,1857,0
3536,767,0
3537,953,0
3538,3634,0
3539,2350,0
3540,2018,0
3541,2100,0
3542,2953,0
3543,1512,0
3544,1790,0
3545,3494,0
3546,3738,0
3547,3400,0
3548,345,0
3549,1580,0
3550,1476,0
3551,1551,0
3552,1399,0
3553,20,0
3554,3349,0
3555,668,0
3556,2028,0
3557,2443,0
3558,3431,0
3559,1981,0
3560,1950,0
3561,2779,0
3562,2334,0
3563,503,0
3564,2142,0
3565,265,0
3566,3664,0
3567,829,0
3568,2588,0
3569,1546,0
3570,616,0
3571,734,0
3572,2728,0
3573,3558,0
3574,1852,0
3575,2073,0
3576,2979,0
3577,197,0
3578,725,0
3579,2105,0
3580,2924,0
3581,939,0
3582,3585,0
3583,3055,0
3584,765,0
3585,635,0
3586,3403,0
3587,1092,0
3588,3108,0
3589,231,0
3590,1554,0
3591,199,0
3592,3201,0
3593,3656,0
3594,1575,0
3595,236,0
3596,1,0
3597,431,0
3598,2271,0
3599,1182,0
3600,623,0
3601,3531,0
3602,3285,0
3603,465,0
3604,3723,0
3605,59,0
3606,746,0
3607,2547,0
3608,2131,0
3609,3099,0
3610,3437,0
3611,1644,0
3612,1597,0
3613,249,0
3614,2341,0
3615,785,0
3616,2903,0
3617,2021,0
3618,2124,0
3619,2024,0
3620,3066,0
3621,1407,0
3622,2741,0
3623,1355,0
3624,1814,0
3625,846,0
3626,481,0
3627,1919,0
3628,2933,0
3629,2850,0
3630,489,0
3631,433,0
3632,2229,0
3633,607,0
3634,1560,0
3635,1268,0
3636,3052,0
3637,1423,0
3638,1444,0
3639,872,0
3640,1264,0
3641,3485,0
3642,3630,0
3643,2966,0
3644,3545,0
3645,2767,0
3646,530,0
3647,2661,0
3648,3276,0
3649,528,0
3650,1306,0
3651,1911,0
3652,174,0
3653,229,0
3654,2965,0
3655,63,0
3656,2720,0
3657,2558,0
3658,3109,0
3659,2274,0
3660,1748,0
3661,2836,0
3662,1821,0
3663,2874,0
3664,1772,0
3665,3674,0
3666,3255,0
3667,3482,0
3668,2145,0
3669,2119,0
3670,196,0
3671,1839,0
3672,2674,0
3673,2637,0
3674,1701,0
3675,2063,0
3676,2945,0
3677,2523,0
3678,2508,1
3679,477,1
3680,3547,1
3681,854,1
3682,1248,1
3683,1889,1
3684,2460,1
3685,600,1
3686,1053,1
3687,1120,1
3688,3564,1
3689,620,1
3690,2476,1
3691,3341,1
3692,777,1
3693,170,1
3694,310,1
3695,94,1
3696,398,1
3697,2542,1
3698,1969,1
3699,2795,1
3700,571,1
3701,956,1
3702,3532,1
3703,209,1
3704,3300,1
3705,1636,1
3706,529,1
3707,1087,1
3708,3003,1
3709,1063,1
3710,215,1
3711,1793,1
3712,2484,1
3713,444,1
3714,1051,1
3715,1061,1
3716,976,1
3717,1388,1
3718,2077,1
3719,1937,1
3720,3130,1
3721,3481,1
3722,30,1
3723,592,1
3724,3234,1
3725,2638,1
3726,1415,1
3727,1382,1
3728,523,1
3729,2600,1
3730,2151,1
3731,3497,1
3732,2058,1
3733,2575,1
3734,3361,1
3735,377,1
3736,3629,1
3737,3194,1
3738,3483,1
3739,420,1
3740,2760,1
3741,3388,1
3742,286,1
3743,2941,1
3744,666,1
3745,3435,1
3746,3154,1
3747,2202,1
3748,2219,1
3749,1029,1
3750,3606,1
